"element_sk","element_id","source_system","element_name","unit_of_measure","notes","updated_at","value_semantics","metric_family","source_product","survey_concept","default_period_type","is_seasonally_adjusted_default","is_saar_default"
"477","B01001_001","CENSUS_ACS","Estimate!!Total",NULL,NULL,"2026-04-10 16:41:27.982794+00","SEX BY AGE","B01001","acs",NULL,NULL,NULL,NULL
"478","B01001_002","CENSUS_ACS","Estimate!!Total:!!Male:",NULL,NULL,"2026-04-10 16:41:27.982794+00","int","B01001","acs",NULL,NULL,NULL,NULL
"479","B01001_003","CENSUS_ACS","Estimate!!Total!!Male!!Under 5 years",NULL,NULL,"2026-04-10 16:41:27.982794+00","int","B01001","acs",NULL,NULL,NULL,NULL
"480","B01001_004","CENSUS_ACS","Estimate!!Total!!Male!!5 to 9 years",NULL,NULL,"2026-04-10 16:41:27.982794+00","int","B01001","acs",NULL,NULL,NULL,NULL
"481","B01001_005","CENSUS_ACS","Estimate!!Total:!!Male:!!10 to 14 years",NULL,NULL,"2026-04-10 16:41:27.982794+00","int","B01001","acs",NULL,NULL,NULL,NULL
"482","B01001_006","CENSUS_ACS","Estimate!!Total!!Male!!15 to 17 years",NULL,NULL,"2026-04-10 16:41:27.982794+00","int","B01001","acs",NULL,NULL,NULL,NULL
"483","B01001_007","CENSUS_ACS","Estimate!!Total!!Male!!18 and 19 years",NULL,NULL,"2026-04-10 16:41:27.982794+00","int","B01001","acs",NULL,NULL,NULL,NULL
"484","B01001_008","CENSUS_ACS","Estimate!!Total:!!Male:!!20 years",NULL,NULL,"2026-04-10 16:41:27.982794+00","int","B01001","acs",NULL,NULL,NULL,NULL
"485","B01001_009","CENSUS_ACS","Estimate!!Total:!!Male:!!21 years",NULL,NULL,"2026-04-10 16:41:27.982794+00","int","B01001","acs",NULL,NULL,NULL,NULL
"486","B01001_010","CENSUS_ACS","Estimate!!Total:!!Male:!!22 to 24 years",NULL,NULL,"2026-04-10 16:41:27.982794+00","int","B01001","acs",NULL,NULL,NULL,NULL
"487","B01001_011","CENSUS_ACS","Estimate!!Total:!!Male:!!25 to 29 years",NULL,NULL,"2026-04-10 16:41:27.982794+00","int","B01001","acs",NULL,NULL,NULL,NULL
"488","B01001_012","CENSUS_ACS","Estimate!!Total:!!Male:!!30 to 34 years",NULL,NULL,"2026-04-10 16:41:27.982794+00","int","B01001","acs",NULL,NULL,NULL,NULL
"489","B01001_013","CENSUS_ACS","Estimate!!Total:!!Male:!!35 to 39 years",NULL,NULL,"2026-04-10 16:41:27.982794+00","int","B01001","acs",NULL,NULL,NULL,NULL
"490","B01001_014","CENSUS_ACS","Estimate!!Total:!!Male:!!40 to 44 years",NULL,NULL,"2026-04-10 16:41:27.982794+00","int","B01001","acs",NULL,NULL,NULL,NULL
"491","B01001_015","CENSUS_ACS","Estimate!!Total!!Male!!45 to 49 years",NULL,NULL,"2026-04-10 16:41:27.982794+00","int","B01001","acs",NULL,NULL,NULL,NULL
"492","B01001_016","CENSUS_ACS","Estimate!!Total!!Male!!50 to 54 years",NULL,NULL,"2026-04-10 16:41:27.982794+00","int","B01001","acs",NULL,NULL,NULL,NULL
"493","B01001_017","CENSUS_ACS","Estimate!!Total!!Male!!55 to 59 years",NULL,NULL,"2026-04-10 16:41:27.982794+00","int","B01001","acs",NULL,NULL,NULL,NULL
"494","B01001_018","CENSUS_ACS","Estimate!!Total:!!Male:!!60 and 61 years",NULL,NULL,"2026-04-10 16:41:27.982794+00","int","B01001","acs",NULL,NULL,NULL,NULL
"495","B01001_019","CENSUS_ACS","Estimate!!Total!!Male!!62 to 64 years",NULL,NULL,"2026-04-10 16:41:27.982794+00","int","B01001","acs",NULL,NULL,NULL,NULL
"496","B01001_020","CENSUS_ACS","Estimate!!Total:!!Male:!!65 and 66 years",NULL,NULL,"2026-04-10 16:41:27.982794+00","int","B01001","acs",NULL,NULL,NULL,NULL
"497","B01001_021","CENSUS_ACS","Estimate!!Total:!!Male:!!67 to 69 years",NULL,NULL,"2026-04-10 16:41:27.982794+00","int","B01001","acs",NULL,NULL,NULL,NULL
"498","B01001_022","CENSUS_ACS","Estimate!!Total:!!Male:!!70 to 74 years",NULL,NULL,"2026-04-10 16:41:27.982794+00","int","B01001","acs",NULL,NULL,NULL,NULL
"499","B01001_023","CENSUS_ACS","Estimate!!Total!!Male!!75 to 79 years",NULL,NULL,"2026-04-10 16:41:27.982794+00","int","B01001","acs",NULL,NULL,NULL,NULL
"500","B01001_024","CENSUS_ACS","Estimate!!Total:!!Male:!!80 to 84 years",NULL,NULL,"2026-04-10 16:41:27.982794+00","int","B01001","acs",NULL,NULL,NULL,NULL
"501","B01001_025","CENSUS_ACS","Estimate!!Total!!Male!!85 years and over",NULL,NULL,"2026-04-10 16:41:27.982794+00","int","B01001","acs",NULL,NULL,NULL,NULL
"502","B01001_026","CENSUS_ACS","Estimate!!Total:!!Female:",NULL,NULL,"2026-04-10 16:41:27.982794+00","int","B01001","acs",NULL,NULL,NULL,NULL
"503","B01001_027","CENSUS_ACS","Estimate!!Total:!!Female:!!Under 5 years",NULL,NULL,"2026-04-10 16:41:27.982794+00","int","B01001","acs",NULL,NULL,NULL,NULL
"504","B01001_028","CENSUS_ACS","Estimate!!Total!!Female!!5 to 9 years",NULL,NULL,"2026-04-10 16:41:27.982794+00","int","B01001","acs",NULL,NULL,NULL,NULL
"505","B01001_029","CENSUS_ACS","Estimate!!Total!!Female!!10 to 14 years",NULL,NULL,"2026-04-10 16:41:27.982794+00","int","B01001","acs",NULL,NULL,NULL,NULL
"506","B01001_030","CENSUS_ACS","Estimate!!Total!!Female!!15 to 17 years",NULL,NULL,"2026-04-10 16:41:27.982794+00","int","B01001","acs",NULL,NULL,NULL,NULL
"507","B01001_031","CENSUS_ACS","Estimate!!Total:!!Female:!!18 and 19 years",NULL,NULL,"2026-04-10 16:41:27.982794+00","int","B01001","acs",NULL,NULL,NULL,NULL
"508","B01001_032","CENSUS_ACS","Estimate!!Total:!!Female:!!20 years",NULL,NULL,"2026-04-10 16:41:27.982794+00","int","B01001","acs",NULL,NULL,NULL,NULL
"509","B01001_033","CENSUS_ACS","Estimate!!Total:!!Female:!!21 years",NULL,NULL,"2026-04-10 16:41:27.982794+00","int","B01001","acs",NULL,NULL,NULL,NULL
"510","B01001_034","CENSUS_ACS","Estimate!!Total:!!Female:!!22 to 24 years",NULL,NULL,"2026-04-10 16:41:27.982794+00","int","B01001","acs",NULL,NULL,NULL,NULL
"511","B01001_035","CENSUS_ACS","Estimate!!Total:!!Female:!!25 to 29 years",NULL,NULL,"2026-04-10 16:41:27.982794+00","int","B01001","acs",NULL,NULL,NULL,NULL
"512","B01001_036","CENSUS_ACS","Estimate!!Total:!!Female:!!30 to 34 years",NULL,NULL,"2026-04-10 16:41:27.982794+00","int","B01001","acs",NULL,NULL,NULL,NULL
"513","B01001_037","CENSUS_ACS","Estimate!!Total!!Female!!35 to 39 years",NULL,NULL,"2026-04-10 16:41:27.982794+00","int","B01001","acs",NULL,NULL,NULL,NULL
"514","B01001_038","CENSUS_ACS","Estimate!!Total:!!Female:!!40 to 44 years",NULL,NULL,"2026-04-10 16:41:27.982794+00","int","B01001","acs",NULL,NULL,NULL,NULL
"515","B01001_039","CENSUS_ACS","Estimate!!Total!!Female!!45 to 49 years",NULL,NULL,"2026-04-10 16:41:27.982794+00","int","B01001","acs",NULL,NULL,NULL,NULL
"516","B01001_040","CENSUS_ACS","Estimate!!Total!!Female!!50 to 54 years",NULL,NULL,"2026-04-10 16:41:27.982794+00","int","B01001","acs",NULL,NULL,NULL,NULL
"517","B01001_041","CENSUS_ACS","Estimate!!Total!!Female!!55 to 59 years",NULL,NULL,"2026-04-10 16:41:27.982794+00","int","B01001","acs",NULL,NULL,NULL,NULL
"518","B01001_042","CENSUS_ACS","Estimate!!Total!!Female!!60 and 61 years",NULL,NULL,"2026-04-10 16:41:27.982794+00","int","B01001","acs",NULL,NULL,NULL,NULL
"519","B01001_043","CENSUS_ACS","Estimate!!Total:!!Female:!!62 to 64 years",NULL,NULL,"2026-04-10 16:41:27.982794+00","int","B01001","acs",NULL,NULL,NULL,NULL
"520","B01001_044","CENSUS_ACS","Estimate!!Total:!!Female:!!65 and 66 years",NULL,NULL,"2026-04-10 16:41:27.982794+00","int","B01001","acs",NULL,NULL,NULL,NULL
"521","B01001_045","CENSUS_ACS","Estimate!!Total!!Female!!67 to 69 years",NULL,NULL,"2026-04-10 16:41:27.982794+00","int","B01001","acs",NULL,NULL,NULL,NULL
"522","B01001_046","CENSUS_ACS","Estimate!!Total:!!Female:!!70 to 74 years",NULL,NULL,"2026-04-10 16:41:27.982794+00","int","B01001","acs",NULL,NULL,NULL,NULL
"523","B01001_047","CENSUS_ACS","Estimate!!Total!!Female!!75 to 79 years",NULL,NULL,"2026-04-10 16:41:27.982794+00","int","B01001","acs",NULL,NULL,NULL,NULL
"524","B01001_048","CENSUS_ACS","Estimate!!Total:!!Female:!!80 to 84 years",NULL,NULL,"2026-04-10 16:41:27.982794+00","int","B01001","acs",NULL,NULL,NULL,NULL
"525","B01001_049","CENSUS_ACS","Estimate!!Total:!!Female:!!85 years and over",NULL,NULL,"2026-04-10 16:41:27.982794+00","int","B01001","acs",NULL,NULL,NULL,NULL
"526","B01003_001","CENSUS_ACS","Estimate!!Total",NULL,NULL,"2026-04-10 16:41:27.982794+00","int","B01003","acs",NULL,NULL,NULL,NULL
"527","B02001_001","CENSUS_ACS","Estimate!!Total",NULL,NULL,"2026-04-10 16:41:27.982794+00","int","B02001","acs",NULL,NULL,NULL,NULL
"528","B02001_002","CENSUS_ACS","Estimate!!Total!!White alone",NULL,NULL,"2026-04-10 16:41:27.982794+00","int","B02001","acs",NULL,NULL,NULL,NULL
"529","B02001_003","CENSUS_ACS","Estimate!!Total:!!Black or African American alone",NULL,NULL,"2026-04-10 16:41:27.982794+00","int","B02001","acs",NULL,NULL,NULL,NULL
"530","B02001_004","CENSUS_ACS","Estimate!!Total!!American Indian and Alaska Native alone",NULL,NULL,"2026-04-10 16:41:27.982794+00","int","B02001","acs",NULL,NULL,NULL,NULL
"531","B02001_005","CENSUS_ACS","Estimate!!Total:!!Asian alone",NULL,NULL,"2026-04-10 16:41:27.982794+00","int","B02001","acs",NULL,NULL,NULL,NULL
"532","B02001_006","CENSUS_ACS","Estimate!!Total:!!Native Hawaiian and Other Pacific Islander alone",NULL,NULL,"2026-04-10 16:41:27.982794+00","int","B02001","acs",NULL,NULL,NULL,NULL
"533","B02001_007","CENSUS_ACS","Estimate!!Total:!!Some Other Race alone",NULL,NULL,"2026-04-10 16:41:27.982794+00","int","B02001","acs",NULL,NULL,NULL,NULL
"534","B02001_008","CENSUS_ACS","Estimate!!Total:!!Two or More Races:",NULL,NULL,"2026-04-10 16:41:27.982794+00","int","B02001","acs",NULL,NULL,NULL,NULL
"535","B02001_009","CENSUS_ACS","Estimate!!Total!!Two or more races!!Two races including Some other race",NULL,NULL,"2026-04-10 16:41:27.982794+00","int","B02001","acs",NULL,NULL,NULL,NULL
"536","B02001_010","CENSUS_ACS","Estimate!!Total:!!Two or More Races:!!Two races excluding Some Other Race, and three or more races",NULL,NULL,"2026-04-10 16:41:27.982794+00","int","B02001","acs",NULL,NULL,NULL,NULL
"537","B03002_001","CENSUS_ACS","Estimate!!Total",NULL,NULL,"2026-04-10 16:41:27.982794+00","int","B03002","acs",NULL,NULL,NULL,NULL
"538","B03002_002","CENSUS_ACS","Estimate!!Total:!!Not Hispanic or Latino:",NULL,NULL,"2026-04-10 16:41:27.982794+00","int","B03002","acs",NULL,NULL,NULL,NULL
"539","B03002_003","CENSUS_ACS","Estimate!!Total!!Not Hispanic or Latino!!White alone",NULL,NULL,"2026-04-10 16:41:27.982794+00","int","B03002","acs",NULL,NULL,NULL,NULL
"540","B03002_004","CENSUS_ACS","Estimate!!Total!!Not Hispanic or Latino!!Black or African American alone",NULL,NULL,"2026-04-10 16:41:27.982794+00","int","B03002","acs",NULL,NULL,NULL,NULL
"541","B03002_005","CENSUS_ACS","Estimate!!Total:!!Not Hispanic or Latino:!!American Indian and Alaska Native alone",NULL,NULL,"2026-04-10 16:41:27.982794+00","int","B03002","acs",NULL,NULL,NULL,NULL
"542","B03002_006","CENSUS_ACS","Estimate!!Total!!Not Hispanic or Latino!!Asian alone",NULL,NULL,"2026-04-10 16:41:27.982794+00","int","B03002","acs",NULL,NULL,NULL,NULL
"543","B03002_007","CENSUS_ACS","Estimate!!Total!!Not Hispanic or Latino!!Native Hawaiian and Other Pacific Islander alone",NULL,NULL,"2026-04-10 16:41:27.982794+00","int","B03002","acs",NULL,NULL,NULL,NULL
"544","B03002_008","CENSUS_ACS","Estimate!!Total:!!Not Hispanic or Latino:!!Some other race alone",NULL,NULL,"2026-04-10 16:41:27.982794+00","int","B03002","acs",NULL,NULL,NULL,NULL
"545","B03002_009","CENSUS_ACS","Estimate!!Total!!Not Hispanic or Latino!!Two or more races",NULL,NULL,"2026-04-10 16:41:27.982794+00","int","B03002","acs",NULL,NULL,NULL,NULL
"546","B03002_010","CENSUS_ACS","Estimate!!Total:!!Not Hispanic or Latino:!!Two or more races:!!Two races including Some other race",NULL,NULL,"2026-04-10 16:41:27.982794+00","int","B03002","acs",NULL,NULL,NULL,NULL
"547","B03002_011","CENSUS_ACS","Estimate!!Total:!!Not Hispanic or Latino:!!Two or more races:!!Two races excluding Some other race, and three or more races",NULL,NULL,"2026-04-10 16:41:27.982794+00","int","B03002","acs",NULL,NULL,NULL,NULL
"548","B03002_012","CENSUS_ACS","Estimate!!Total:!!Hispanic or Latino:",NULL,NULL,"2026-04-10 16:41:27.982794+00","int","B03002","acs",NULL,NULL,NULL,NULL
"549","B03002_013","CENSUS_ACS","Estimate!!Total!!Hispanic or Latino!!White alone",NULL,NULL,"2026-04-10 16:41:27.982794+00","int","B03002","acs",NULL,NULL,NULL,NULL
"550","B03002_014","CENSUS_ACS","Estimate!!Total:!!Hispanic or Latino:!!Black or African American alone",NULL,NULL,"2026-04-10 16:41:27.982794+00","int","B03002","acs",NULL,NULL,NULL,NULL
"551","B03002_015","CENSUS_ACS","Estimate!!Total:!!Hispanic or Latino:!!American Indian and Alaska Native alone",NULL,NULL,"2026-04-10 16:41:27.982794+00","int","B03002","acs",NULL,NULL,NULL,NULL
"552","B03002_016","CENSUS_ACS","Estimate!!Total!!Hispanic or Latino!!Asian alone",NULL,NULL,"2026-04-10 16:41:27.982794+00","int","B03002","acs",NULL,NULL,NULL,NULL
"553","B03002_017","CENSUS_ACS","Estimate!!Total:!!Hispanic or Latino:!!Native Hawaiian and Other Pacific Islander alone",NULL,NULL,"2026-04-10 16:41:27.982794+00","int","B03002","acs",NULL,NULL,NULL,NULL
"554","B03002_018","CENSUS_ACS","Estimate!!Total:!!Hispanic or Latino:!!Some other race alone",NULL,NULL,"2026-04-10 16:41:27.982794+00","int","B03002","acs",NULL,NULL,NULL,NULL
"555","B03002_019","CENSUS_ACS","Estimate!!Total:!!Hispanic or Latino:!!Two or more races:",NULL,NULL,"2026-04-10 16:41:27.982794+00","int","B03002","acs",NULL,NULL,NULL,NULL
"556","B03002_020","CENSUS_ACS","Estimate!!Total:!!Hispanic or Latino:!!Two or more races:!!Two races including Some other race",NULL,NULL,"2026-04-10 16:41:27.982794+00","int","B03002","acs",NULL,NULL,NULL,NULL
"557","B03002_021","CENSUS_ACS","Estimate!!Total!!Hispanic or Latino!!Two or more races!!Two races excluding Some other race, and three or more races",NULL,NULL,"2026-04-10 16:41:27.982794+00","int","B03002","acs",NULL,NULL,NULL,NULL
"558","B07001_001","CENSUS_ACS","Estimate!!Total:",NULL,NULL,"2026-04-10 16:41:27.982794+00","int","B07001","acs",NULL,NULL,NULL,NULL
"559","B07001_002","CENSUS_ACS","Estimate!!Total!!1 to 4 years",NULL,NULL,"2026-04-10 16:41:27.982794+00","int","B07001","acs",NULL,NULL,NULL,NULL
"560","B07001_003","CENSUS_ACS","Estimate!!Total:!!5 to 17 years",NULL,NULL,"2026-04-10 16:41:27.982794+00","int","B07001","acs",NULL,NULL,NULL,NULL
"561","B07001_004","CENSUS_ACS","Estimate!!Total!!18 and 19 years",NULL,NULL,"2026-04-10 16:41:27.982794+00","int","B07001","acs",NULL,NULL,NULL,NULL
"562","B07001_005","CENSUS_ACS","Estimate!!Total:!!20 to 24 years",NULL,NULL,"2026-04-10 16:41:27.982794+00","int","B07001","acs",NULL,NULL,NULL,NULL
"563","B07001_006","CENSUS_ACS","Estimate!!Total:!!25 to 29 years",NULL,NULL,"2026-04-10 16:41:27.982794+00","int","B07001","acs",NULL,NULL,NULL,NULL
"564","B07001_007","CENSUS_ACS","Estimate!!Total!!30 to 34 years",NULL,NULL,"2026-04-10 16:41:27.982794+00","int","B07001","acs",NULL,NULL,NULL,NULL
"565","B07001_008","CENSUS_ACS","Estimate!!Total!!35 to 39 years",NULL,NULL,"2026-04-10 16:41:27.982794+00","int","B07001","acs",NULL,NULL,NULL,NULL
"566","B07001_009","CENSUS_ACS","Estimate!!Total:!!40 to 44 years",NULL,NULL,"2026-04-10 16:41:27.982794+00","int","B07001","acs",NULL,NULL,NULL,NULL
"567","B07001_010","CENSUS_ACS","Estimate!!Total!!45 to 49 years",NULL,NULL,"2026-04-10 16:41:27.982794+00","int","B07001","acs",NULL,NULL,NULL,NULL
"568","B07001_011","CENSUS_ACS","Estimate!!Total:!!50 to 54 years",NULL,NULL,"2026-04-10 16:41:27.982794+00","int","B07001","acs",NULL,NULL,NULL,NULL
"569","B07001_012","CENSUS_ACS","Estimate!!Total:!!55 to 59 years",NULL,NULL,"2026-04-10 16:41:27.982794+00","int","B07001","acs",NULL,NULL,NULL,NULL
"570","B07001_013","CENSUS_ACS","Estimate!!Total:!!60 to 64 years",NULL,NULL,"2026-04-10 16:41:27.982794+00","int","B07001","acs",NULL,NULL,NULL,NULL
"571","B07001_014","CENSUS_ACS","Estimate!!Total!!65 to 69 years",NULL,NULL,"2026-04-10 16:41:27.982794+00","int","B07001","acs",NULL,NULL,NULL,NULL
"572","B07001_015","CENSUS_ACS","Estimate!!Total:!!70 to 74 years",NULL,NULL,"2026-04-10 16:41:27.982794+00","int","B07001","acs",NULL,NULL,NULL,NULL
"573","B07001_016","CENSUS_ACS","Estimate!!Total:!!75 years and over",NULL,NULL,"2026-04-10 16:41:27.982794+00","int","B07001","acs",NULL,NULL,NULL,NULL
"574","B07001_017","CENSUS_ACS","Estimate!!Total:!!Same house 1 year ago:",NULL,NULL,"2026-04-10 16:41:27.982794+00","int","B07001","acs",NULL,NULL,NULL,NULL
"575","B07001_018","CENSUS_ACS","Estimate!!Total:!!Same house 1 year ago:!!1 to 4 years",NULL,NULL,"2026-04-10 16:41:27.982794+00","int","B07001","acs",NULL,NULL,NULL,NULL
"576","B07001_019","CENSUS_ACS","Estimate!!Total!!Same house 1 year ago!!5 to 17 years",NULL,NULL,"2026-04-10 16:41:27.982794+00","int","B07001","acs",NULL,NULL,NULL,NULL
"577","B07001_020","CENSUS_ACS","Estimate!!Total:!!Same house 1 year ago:!!18 and 19 years",NULL,NULL,"2026-04-10 16:41:27.982794+00","int","B07001","acs",NULL,NULL,NULL,NULL
"578","B07001_021","CENSUS_ACS","Estimate!!Total!!85 years and over",NULL,NULL,"2026-04-10 16:41:27.982794+00","int","B07001","acs",NULL,NULL,NULL,NULL
"579","B07001_022","CENSUS_ACS","Estimate!!Total!!Same house 1 year ago!!25 to 29 years",NULL,NULL,"2026-04-10 16:41:27.982794+00","int","B07001","acs",NULL,NULL,NULL,NULL
"580","B07001_023","CENSUS_ACS","Estimate!!Total:!!Same house 1 year ago:!!30 to 34 years",NULL,NULL,"2026-04-10 16:41:27.982794+00","int","B07001","acs",NULL,NULL,NULL,NULL
"581","B07001_024","CENSUS_ACS","Estimate!!Total!!Same house 1 year ago!!35 to 39 years",NULL,NULL,"2026-04-10 16:41:27.982794+00","int","B07001","acs",NULL,NULL,NULL,NULL
"582","B07001_025","CENSUS_ACS","Estimate!!Total:!!Same house 1 year ago:!!40 to 44 years",NULL,NULL,"2026-04-10 16:41:27.982794+00","int","B07001","acs",NULL,NULL,NULL,NULL
"583","B07001_026","CENSUS_ACS","Estimate!!Total!!Same house 1 year ago!!45 to 49 years",NULL,NULL,"2026-04-10 16:41:27.982794+00","int","B07001","acs",NULL,NULL,NULL,NULL
"584","B07001_027","CENSUS_ACS","Estimate!!Total:!!Same house 1 year ago:!!50 to 54 years",NULL,NULL,"2026-04-10 16:41:27.982794+00","int","B07001","acs",NULL,NULL,NULL,NULL
"585","B07001_028","CENSUS_ACS","Estimate!!Total:!!Same house 1 year ago:!!55 to 59 years",NULL,NULL,"2026-04-10 16:41:27.982794+00","int","B07001","acs",NULL,NULL,NULL,NULL
"586","B07001_029","CENSUS_ACS","Estimate!!Total:!!Same house 1 year ago:!!60 to 64 years",NULL,NULL,"2026-04-10 16:41:27.982794+00","int","B07001","acs",NULL,NULL,NULL,NULL
"587","B07001_030","CENSUS_ACS","Estimate!!Total!!Same house 1 year ago!!65 to 69 years",NULL,NULL,"2026-04-10 16:41:27.982794+00","int","B07001","acs",NULL,NULL,NULL,NULL
"588","B07001_031","CENSUS_ACS","Estimate!!Total!!Same house 1 year ago!!70 to 74 years",NULL,NULL,"2026-04-10 16:41:27.982794+00","int","B07001","acs",NULL,NULL,NULL,NULL
"589","B07001_032","CENSUS_ACS","Estimate!!Total!!Same house 1 year ago!!75 years and over",NULL,NULL,"2026-04-10 16:41:27.982794+00","int","B07001","acs",NULL,NULL,NULL,NULL
"590","B07001_033","CENSUS_ACS","Estimate!!Total:!!Moved within same county:",NULL,NULL,"2026-04-10 16:41:27.982794+00","int","B07001","acs",NULL,NULL,NULL,NULL
"591","B07001_034","CENSUS_ACS","Estimate!!Total:!!Moved within same county:!!1 to 4 years",NULL,NULL,"2026-04-10 16:41:27.982794+00","int","B07001","acs",NULL,NULL,NULL,NULL
"592","B07001_035","CENSUS_ACS","Estimate!!Total:!!Moved within same county:!!5 to 17 years",NULL,NULL,"2026-04-10 16:41:27.982794+00","int","B07001","acs",NULL,NULL,NULL,NULL
"593","B07001_036","CENSUS_ACS","Estimate!!Total!!Moved within same county!!18 and 19 years",NULL,NULL,"2026-04-10 16:41:27.982794+00","int","B07001","acs",NULL,NULL,NULL,NULL
"594","B07001_037","CENSUS_ACS","Estimate!!Total:!!Moved within same county:!!20 to 24 years",NULL,NULL,"2026-04-10 16:41:27.982794+00","int","B07001","acs",NULL,NULL,NULL,NULL
"595","B07001_038","CENSUS_ACS","Estimate!!Total:!!Moved within same county:!!25 to 29 years",NULL,NULL,"2026-04-10 16:41:27.982794+00","int","B07001","acs",NULL,NULL,NULL,NULL
"596","B07001_039","CENSUS_ACS","Estimate!!Total:!!Moved within same county:!!30 to 34 years",NULL,NULL,"2026-04-10 16:41:27.982794+00","int","B07001","acs",NULL,NULL,NULL,NULL
"597","B07001_040","CENSUS_ACS","Estimate!!Total:!!Moved within same county:!!35 to 39 years",NULL,NULL,"2026-04-10 16:41:27.982794+00","int","B07001","acs",NULL,NULL,NULL,NULL
"598","B07001_041","CENSUS_ACS","Estimate!!Total:!!Moved within same county:!!40 to 44 years",NULL,NULL,"2026-04-10 16:41:27.982794+00","int","B07001","acs",NULL,NULL,NULL,NULL
"599","B07001_042","CENSUS_ACS","Estimate!!Total:!!Moved within same county:!!45 to 49 years",NULL,NULL,"2026-04-10 16:41:27.982794+00","int","B07001","acs",NULL,NULL,NULL,NULL
"600","B07001_043","CENSUS_ACS","Estimate!!Total!!Moved within same county!!50 to 54 years",NULL,NULL,"2026-04-10 16:41:27.982794+00","int","B07001","acs",NULL,NULL,NULL,NULL
"601","B07001_044","CENSUS_ACS","Estimate!!Total!!Moved within same county!!55 to 59 years",NULL,NULL,"2026-04-10 16:41:27.982794+00","int","B07001","acs",NULL,NULL,NULL,NULL
"602","B07001_045","CENSUS_ACS","Estimate!!Total!!Moved within same county!!60 to 64 years",NULL,NULL,"2026-04-10 16:41:27.982794+00","int","B07001","acs",NULL,NULL,NULL,NULL
"603","B07001_046","CENSUS_ACS","Estimate!!Total!!Moved within same county!!65 to 69 years",NULL,NULL,"2026-04-10 16:41:27.982794+00","int","B07001","acs",NULL,NULL,NULL,NULL
"604","B07001_047","CENSUS_ACS","Estimate!!Total:!!Moved within same county:!!70 to 74 years",NULL,NULL,"2026-04-10 16:41:27.982794+00","int","B07001","acs",NULL,NULL,NULL,NULL
"605","B07001_048","CENSUS_ACS","Estimate!!Total!!Moved within same county!!75 years and over",NULL,NULL,"2026-04-10 16:41:27.982794+00","int","B07001","acs",NULL,NULL,NULL,NULL
"606","B07001_049","CENSUS_ACS","Estimate!!Total:!!Moved from different county within same state:",NULL,NULL,"2026-04-10 16:41:27.982794+00","int","B07001","acs",NULL,NULL,NULL,NULL
"607","B07001_050","CENSUS_ACS","Estimate!!Total:!!Moved from different county within same state:!!1 to 4 years",NULL,NULL,"2026-04-10 16:41:27.982794+00","int","B07001","acs",NULL,NULL,NULL,NULL
"608","B07001_051","CENSUS_ACS","Estimate!!Total:!!Moved from different county within same state:!!5 to 17 years",NULL,NULL,"2026-04-10 16:41:27.982794+00","int","B07001","acs",NULL,NULL,NULL,NULL
"609","B07001_052","CENSUS_ACS","Estimate!!Total!!Moved from different county within same state!!18 and 19 years",NULL,NULL,"2026-04-10 16:41:27.982794+00","int","B07001","acs",NULL,NULL,NULL,NULL
"610","B07001_053","CENSUS_ACS","Estimate!!Total:!!Moved from different county within same state:!!20 to 24 years",NULL,NULL,"2026-04-10 16:41:27.982794+00","int","B07001","acs",NULL,NULL,NULL,NULL
"611","B07001_054","CENSUS_ACS","Estimate!!Total!!Moved from different county within same state!!25 to 29 years",NULL,NULL,"2026-04-10 16:41:27.982794+00","int","B07001","acs",NULL,NULL,NULL,NULL
"612","B07001_055","CENSUS_ACS","Estimate!!Total!!Moved from different county within same state!!30 to 34 years",NULL,NULL,"2026-04-10 16:41:27.982794+00","int","B07001","acs",NULL,NULL,NULL,NULL
"613","B07001_056","CENSUS_ACS","Estimate!!Total:!!Moved from different county within same state:!!35 to 39 years",NULL,NULL,"2026-04-10 16:41:27.982794+00","int","B07001","acs",NULL,NULL,NULL,NULL
"614","B07001_057","CENSUS_ACS","Estimate!!Total!!Moved from different county within same state!!40 to 44 years",NULL,NULL,"2026-04-10 16:41:27.982794+00","int","B07001","acs",NULL,NULL,NULL,NULL
"615","B07001_058","CENSUS_ACS","Estimate!!Total!!Moved from different county within same state!!45 to 49 years",NULL,NULL,"2026-04-10 16:41:27.982794+00","int","B07001","acs",NULL,NULL,NULL,NULL
"616","B07001_059","CENSUS_ACS","Estimate!!Total:!!Moved from different county within same state:!!50 to 54 years",NULL,NULL,"2026-04-10 16:41:27.982794+00","int","B07001","acs",NULL,NULL,NULL,NULL
"617","B07001_060","CENSUS_ACS","Estimate!!Total:!!Moved from different county within same state:!!55 to 59 years",NULL,NULL,"2026-04-10 16:41:27.982794+00","int","B07001","acs",NULL,NULL,NULL,NULL
"618","B07001_061","CENSUS_ACS","Estimate!!Total:!!Moved from different county within same state:!!60 to 64 years",NULL,NULL,"2026-04-10 16:41:27.982794+00","int","B07001","acs",NULL,NULL,NULL,NULL
"619","B07001_062","CENSUS_ACS","Estimate!!Total:!!Moved from different county within same state:!!65 to 69 years",NULL,NULL,"2026-04-10 16:41:27.982794+00","int","B07001","acs",NULL,NULL,NULL,NULL
"620","B07001_063","CENSUS_ACS","Estimate!!Total:!!Moved from different county within same state:!!70 to 74 years",NULL,NULL,"2026-04-10 16:41:27.982794+00","int","B07001","acs",NULL,NULL,NULL,NULL
"621","B07001_064","CENSUS_ACS","Estimate!!Total:!!Moved from different county within same state:!!75 years and over",NULL,NULL,"2026-04-10 16:41:27.982794+00","int","B07001","acs",NULL,NULL,NULL,NULL
"622","B07001_065","CENSUS_ACS","Estimate!!Total:!!Moved from different state:",NULL,NULL,"2026-04-10 16:41:27.982794+00","int","B07001","acs",NULL,NULL,NULL,NULL
"623","B07001_066","CENSUS_ACS","Estimate!!Total!!Moved from different state!!1 to 4 years",NULL,NULL,"2026-04-10 16:41:27.982794+00","int","B07001","acs",NULL,NULL,NULL,NULL
"624","B07001_067","CENSUS_ACS","Estimate!!Total!!Moved from different state!!5 to 17 years",NULL,NULL,"2026-04-10 16:41:27.982794+00","int","B07001","acs",NULL,NULL,NULL,NULL
"625","B07001_068","CENSUS_ACS","Estimate!!Total!!Moved from different state!!18 and 19 years",NULL,NULL,"2026-04-10 16:41:27.982794+00","int","B07001","acs",NULL,NULL,NULL,NULL
"626","B07001_069","CENSUS_ACS","Estimate!!Total:!!Moved from different state:!!20 to 24 years",NULL,NULL,"2026-04-10 16:41:27.982794+00","int","B07001","acs",NULL,NULL,NULL,NULL
"627","B07001_070","CENSUS_ACS","Estimate!!Total!!Moved from different state!!25 to 29 years",NULL,NULL,"2026-04-10 16:41:27.982794+00","int","B07001","acs",NULL,NULL,NULL,NULL
"628","B07001_071","CENSUS_ACS","Estimate!!Total:!!Moved from different state:!!30 to 34 years",NULL,NULL,"2026-04-10 16:41:27.982794+00","int","B07001","acs",NULL,NULL,NULL,NULL
"629","B07001_072","CENSUS_ACS","Estimate!!Total:!!Moved from different state:!!35 to 39 years",NULL,NULL,"2026-04-10 16:41:27.982794+00","int","B07001","acs",NULL,NULL,NULL,NULL
"630","B07001_073","CENSUS_ACS","Estimate!!Total:!!Moved from different state:!!40 to 44 years",NULL,NULL,"2026-04-10 16:41:27.982794+00","int","B07001","acs",NULL,NULL,NULL,NULL
"631","B07001_074","CENSUS_ACS","Estimate!!Total!!Moved from different state!!45 to 49 years",NULL,NULL,"2026-04-10 16:41:27.982794+00","int","B07001","acs",NULL,NULL,NULL,NULL
"632","B07001_075","CENSUS_ACS","Estimate!!Total:!!Moved from different state:!!50 to 54 years",NULL,NULL,"2026-04-10 16:41:27.982794+00","int","B07001","acs",NULL,NULL,NULL,NULL
"633","B07001_076","CENSUS_ACS","Estimate!!Total!!Moved from different state!!55 to 59 years",NULL,NULL,"2026-04-10 16:41:27.982794+00","int","B07001","acs",NULL,NULL,NULL,NULL
"634","B07001_077","CENSUS_ACS","Estimate!!Total:!!Moved from different state:!!60 to 64 years",NULL,NULL,"2026-04-10 16:41:27.982794+00","int","B07001","acs",NULL,NULL,NULL,NULL
"635","B07001_078","CENSUS_ACS","Estimate!!Total:!!Moved from different state:!!65 to 69 years",NULL,NULL,"2026-04-10 16:41:27.982794+00","int","B07001","acs",NULL,NULL,NULL,NULL
"636","B07001_079","CENSUS_ACS","Estimate!!Total!!Moved from different state!!70 to 74 years",NULL,NULL,"2026-04-10 16:41:27.982794+00","int","B07001","acs",NULL,NULL,NULL,NULL
"637","B07001_080","CENSUS_ACS","Estimate!!Total!!Moved from different state!!75 years and over",NULL,NULL,"2026-04-10 16:41:27.982794+00","int","B07001","acs",NULL,NULL,NULL,NULL
"638","B07001_081","CENSUS_ACS","Estimate!!Total!!Moved from abroad",NULL,NULL,"2026-04-10 16:41:27.982794+00","int","B07001","acs",NULL,NULL,NULL,NULL
"639","B07001_082","CENSUS_ACS","Estimate!!Total:!!Moved from abroad:!!1 to 4 years",NULL,NULL,"2026-04-10 16:41:27.982794+00","int","B07001","acs",NULL,NULL,NULL,NULL
"640","B07001_083","CENSUS_ACS","Estimate!!Total:!!Moved from abroad:!!5 to 17 years",NULL,NULL,"2026-04-10 16:41:27.982794+00","int","B07001","acs",NULL,NULL,NULL,NULL
"641","B07001_084","CENSUS_ACS","Estimate!!Total:!!Moved from abroad:!!18 and 19 years",NULL,NULL,"2026-04-10 16:41:27.982794+00","int","B07001","acs",NULL,NULL,NULL,NULL
"642","B07001_085","CENSUS_ACS","Estimate!!Total:!!Moved from abroad:!!20 to 24 years",NULL,NULL,"2026-04-10 16:41:27.982794+00","int","B07001","acs",NULL,NULL,NULL,NULL
"643","B07001_086","CENSUS_ACS","Estimate!!Total:!!Moved from abroad:!!25 to 29 years",NULL,NULL,"2026-04-10 16:41:27.982794+00","int","B07001","acs",NULL,NULL,NULL,NULL
"644","B07001_087","CENSUS_ACS","Estimate!!Total:!!Moved from abroad:!!30 to 34 years",NULL,NULL,"2026-04-10 16:41:27.982794+00","int","B07001","acs",NULL,NULL,NULL,NULL
"645","B07001_088","CENSUS_ACS","Estimate!!Total!!Moved from abroad!!35 to 39 years",NULL,NULL,"2026-04-10 16:41:27.982794+00","int","B07001","acs",NULL,NULL,NULL,NULL
"646","B07001_089","CENSUS_ACS","Estimate!!Total:!!Moved from abroad:!!40 to 44 years",NULL,NULL,"2026-04-10 16:41:27.982794+00","int","B07001","acs",NULL,NULL,NULL,NULL
"647","B07001_090","CENSUS_ACS","Estimate!!Total:!!Moved from abroad:!!45 to 49 years",NULL,NULL,"2026-04-10 16:41:27.982794+00","int","B07001","acs",NULL,NULL,NULL,NULL
"648","B07001_091","CENSUS_ACS","Estimate!!Total!!Moved from abroad!!50 to 54 years",NULL,NULL,"2026-04-10 16:41:27.982794+00","int","B07001","acs",NULL,NULL,NULL,NULL
"649","B07001_092","CENSUS_ACS","Estimate!!Total!!Moved from abroad!!55 to 59 years",NULL,NULL,"2026-04-10 16:41:27.982794+00","int","B07001","acs",NULL,NULL,NULL,NULL
"650","B07001_093","CENSUS_ACS","Estimate!!Total!!Moved from abroad!!60 to 64 years",NULL,NULL,"2026-04-10 16:41:27.982794+00","int","B07001","acs",NULL,NULL,NULL,NULL
"651","B07001_094","CENSUS_ACS","Estimate!!Total:!!Moved from abroad:!!65 to 69 years",NULL,NULL,"2026-04-10 16:41:27.982794+00","int","B07001","acs",NULL,NULL,NULL,NULL
"652","B07001_095","CENSUS_ACS","Estimate!!Total:!!Moved from abroad:!!70 to 74 years",NULL,NULL,"2026-04-10 16:41:27.982794+00","int","B07001","acs",NULL,NULL,NULL,NULL
"653","B07001_096","CENSUS_ACS","Estimate!!Total!!Moved from abroad!!75 years and over",NULL,NULL,"2026-04-10 16:41:27.982794+00","int","B07001","acs",NULL,NULL,NULL,NULL
"654","B07001_097","CENSUS_ACS","Estimate!!Total!!Moved from different state!!50 to 54 years",NULL,NULL,"2026-04-10 16:41:27.982794+00","int","B07001","acs",NULL,NULL,NULL,NULL
"655","B07001_098","CENSUS_ACS","Estimate!!Total!!Moved from different state!!55 to 59 years",NULL,NULL,"2026-04-10 16:41:27.982794+00","int","B07001","acs",NULL,NULL,NULL,NULL
"656","B07001_099","CENSUS_ACS","Estimate!!Total!!Moved from different state!!60 and 61 years",NULL,NULL,"2026-04-10 16:41:27.982794+00","int","B07001","acs",NULL,NULL,NULL,NULL
"657","B07001_100","CENSUS_ACS","Estimate!!Total!!Moved from different state!!62 to 64 years",NULL,NULL,"2026-04-10 16:41:27.982794+00","int","B07001","acs",NULL,NULL,NULL,NULL
"658","B07001_101","CENSUS_ACS","Estimate!!Total!!Moved from different state!!65 to 69 years",NULL,NULL,"2026-04-10 16:41:27.982794+00","int","B07001","acs",NULL,NULL,NULL,NULL
"659","B07001_102","CENSUS_ACS","Estimate!!Total!!Moved from different state!!70 to 74 years",NULL,NULL,"2026-04-10 16:41:27.982794+00","int","B07001","acs",NULL,NULL,NULL,NULL
"660","B07001_103","CENSUS_ACS","Estimate!!Total!!Moved from different state!!75 to 79 years",NULL,NULL,"2026-04-10 16:41:27.982794+00","int","B07001","acs",NULL,NULL,NULL,NULL
"661","B07001_104","CENSUS_ACS","Estimate!!Total!!Moved from different state!!80 to 84 years",NULL,NULL,"2026-04-10 16:41:27.982794+00","int","B07001","acs",NULL,NULL,NULL,NULL
"662","B07001_105","CENSUS_ACS","Estimate!!Total!!Moved from different state!!85 years and over",NULL,NULL,"2026-04-10 16:41:27.982794+00","int","B07001","acs",NULL,NULL,NULL,NULL
"663","B07001_106","CENSUS_ACS","Estimate!!Total!!Moved from abroad",NULL,NULL,"2026-04-10 16:41:27.982794+00","int","B07001","acs",NULL,NULL,NULL,NULL
"664","B07001_107","CENSUS_ACS","Estimate!!Total!!Moved from abroad!!1 to 4 years",NULL,NULL,"2026-04-10 16:41:27.982794+00","int","B07001","acs",NULL,NULL,NULL,NULL
"665","B07001_108","CENSUS_ACS","Estimate!!Total!!Moved from abroad!!5 to 9 years",NULL,NULL,"2026-04-10 16:41:27.982794+00","int","B07001","acs",NULL,NULL,NULL,NULL
"666","B07001_109","CENSUS_ACS","Estimate!!Total!!Moved from abroad!!10 to 14 years",NULL,NULL,"2026-04-10 16:41:27.982794+00","int","B07001","acs",NULL,NULL,NULL,NULL
"667","B07001_110","CENSUS_ACS","Estimate!!Total!!Moved from abroad!!15 to 17 years",NULL,NULL,"2026-04-10 16:41:27.982794+00","int","B07001","acs",NULL,NULL,NULL,NULL
"668","B07001_111","CENSUS_ACS","Estimate!!Total!!Moved from abroad!!18 and 19 years",NULL,NULL,"2026-04-10 16:41:27.982794+00","int","B07001","acs",NULL,NULL,NULL,NULL
"669","B07001_112","CENSUS_ACS","Estimate!!Total!!Moved from abroad!!20 to 24 years",NULL,NULL,"2026-04-10 16:41:27.982794+00","int","B07001","acs",NULL,NULL,NULL,NULL
"670","B07001_113","CENSUS_ACS","Estimate!!Total!!Moved from abroad!!25 to 29 years",NULL,NULL,"2026-04-10 16:41:27.982794+00","int","B07001","acs",NULL,NULL,NULL,NULL
"671","B07001_114","CENSUS_ACS","Estimate!!Total!!Moved from abroad!!30 to 34 years",NULL,NULL,"2026-04-10 16:41:27.982794+00","int","B07001","acs",NULL,NULL,NULL,NULL
"672","B07001_115","CENSUS_ACS","Estimate!!Total!!Moved from abroad!!35 to 39 years",NULL,NULL,"2026-04-10 16:41:27.982794+00","int","B07001","acs",NULL,NULL,NULL,NULL
"673","B07001_116","CENSUS_ACS","Estimate!!Total!!Moved from abroad!!40 to 44 years",NULL,NULL,"2026-04-10 16:41:27.982794+00","int","B07001","acs",NULL,NULL,NULL,NULL
"674","B07001_117","CENSUS_ACS","Estimate!!Total!!Moved from abroad!!45 to 49 years",NULL,NULL,"2026-04-10 16:41:27.982794+00","int","B07001","acs",NULL,NULL,NULL,NULL
"675","B07001_118","CENSUS_ACS","Estimate!!Total!!Moved from abroad!!50 to 54 years",NULL,NULL,"2026-04-10 16:41:27.982794+00","int","B07001","acs",NULL,NULL,NULL,NULL
"676","B07001_119","CENSUS_ACS","Estimate!!Total!!Moved from abroad!!55 to 59 years",NULL,NULL,"2026-04-10 16:41:27.982794+00","int","B07001","acs",NULL,NULL,NULL,NULL
"677","B07001_120","CENSUS_ACS","Estimate!!Total!!Moved from abroad!!60 and 61 years",NULL,NULL,"2026-04-10 16:41:27.982794+00","int","B07001","acs",NULL,NULL,NULL,NULL
"678","B07001_121","CENSUS_ACS","Estimate!!Total!!Moved from abroad!!62 to 64 years",NULL,NULL,"2026-04-10 16:41:27.982794+00","int","B07001","acs",NULL,NULL,NULL,NULL
"679","B07001_122","CENSUS_ACS","Estimate!!Total!!Moved from abroad!!65 to 69 years",NULL,NULL,"2026-04-10 16:41:27.982794+00","int","B07001","acs",NULL,NULL,NULL,NULL
"680","B07001_123","CENSUS_ACS","Estimate!!Total!!Moved from abroad!!70 to 74 years",NULL,NULL,"2026-04-10 16:41:27.982794+00","int","B07001","acs",NULL,NULL,NULL,NULL
"681","B07001_124","CENSUS_ACS","Estimate!!Total!!Moved from abroad!!75 to 79 years",NULL,NULL,"2026-04-10 16:41:27.982794+00","int","B07001","acs",NULL,NULL,NULL,NULL
"682","B07001_125","CENSUS_ACS","Estimate!!Total!!Moved from abroad!!80 to 84 years",NULL,NULL,"2026-04-10 16:41:27.982794+00","int","B07001","acs",NULL,NULL,NULL,NULL
"683","B07001_126","CENSUS_ACS","Estimate!!Total!!Moved from abroad!!85 years and over",NULL,NULL,"2026-04-10 16:41:27.982794+00","int","B07001","acs",NULL,NULL,NULL,NULL
"684","B07003_001","CENSUS_ACS","Estimate!!Total",NULL,NULL,"2026-04-10 16:41:27.982794+00","int","B07003","acs",NULL,NULL,NULL,NULL
"685","B07003_002","CENSUS_ACS","Estimate!!Total:!!Male",NULL,NULL,"2026-04-10 16:41:27.982794+00","int","B07003","acs",NULL,NULL,NULL,NULL
"686","B07003_003","CENSUS_ACS","Estimate!!Total:!!Female",NULL,NULL,"2026-04-10 16:41:27.982794+00","int","B07003","acs",NULL,NULL,NULL,NULL
"687","B07003_004","CENSUS_ACS","Estimate!!Total:!!Same house 1 year ago:",NULL,NULL,"2026-04-10 16:41:27.982794+00","int","B07003","acs",NULL,NULL,NULL,NULL
"688","B07003_005","CENSUS_ACS","Estimate!!Total:!!Same house 1 year ago:!!Male",NULL,NULL,"2026-04-10 16:41:27.982794+00","int","B07003","acs",NULL,NULL,NULL,NULL
"689","B07003_006","CENSUS_ACS","Estimate!!Total!!Same house 1 year ago!!Female",NULL,NULL,"2026-04-10 16:41:27.982794+00","int","B07003","acs",NULL,NULL,NULL,NULL
"690","B07003_007","CENSUS_ACS","Estimate!!Total!!Moved within same county",NULL,NULL,"2026-04-10 16:41:27.982794+00","int","B07003","acs",NULL,NULL,NULL,NULL
"691","B07003_008","CENSUS_ACS","Estimate!!Total:!!Moved within same county:!!Male",NULL,NULL,"2026-04-10 16:41:27.982794+00","int","B07003","acs",NULL,NULL,NULL,NULL
"692","B07003_009","CENSUS_ACS","Estimate!!Total:!!Moved within same county:!!Female",NULL,NULL,"2026-04-10 16:41:27.982794+00","int","B07003","acs",NULL,NULL,NULL,NULL
"693","B07003_010","CENSUS_ACS","Estimate!!Total:!!Moved from different county within same state:",NULL,NULL,"2026-04-10 16:41:27.982794+00","int","B07003","acs",NULL,NULL,NULL,NULL
"694","B07003_011","CENSUS_ACS","Estimate!!Total:!!Moved from different county within same state:!!Male",NULL,NULL,"2026-04-10 16:41:27.982794+00","int","B07003","acs",NULL,NULL,NULL,NULL
"695","B07003_012","CENSUS_ACS","Estimate!!Total!!Moved from different county within same state!!Female",NULL,NULL,"2026-04-10 16:41:27.982794+00","int","B07003","acs",NULL,NULL,NULL,NULL
"696","B07003_013","CENSUS_ACS","Estimate!!Total:!!Moved from different state:",NULL,NULL,"2026-04-10 16:41:27.982794+00","int","B07003","acs",NULL,NULL,NULL,NULL
"697","B07003_014","CENSUS_ACS","Estimate!!Total!!Moved from different state!!Male",NULL,NULL,"2026-04-10 16:41:27.982794+00","int","B07003","acs",NULL,NULL,NULL,NULL
"698","B07003_015","CENSUS_ACS","Estimate!!Total:!!Moved from different state:!!Female",NULL,NULL,"2026-04-10 16:41:27.982794+00","int","B07003","acs",NULL,NULL,NULL,NULL
"699","B07003_016","CENSUS_ACS","Estimate!!Total!!Moved from abroad",NULL,NULL,"2026-04-10 16:41:27.982794+00","int","B07003","acs",NULL,NULL,NULL,NULL
"700","B07003_017","CENSUS_ACS","Estimate!!Total:!!Moved from abroad:!!Male",NULL,NULL,"2026-04-10 16:41:27.982794+00","int","B07003","acs",NULL,NULL,NULL,NULL
"701","B07003_018","CENSUS_ACS","Estimate!!Total!!Moved from abroad!!Female",NULL,NULL,"2026-04-10 16:41:27.982794+00","int","B07003","acs",NULL,NULL,NULL,NULL
"702","B08301_001","CENSUS_ACS","Estimate!!Total",NULL,NULL,"2026-04-10 16:41:27.982794+00","int","B08301","acs",NULL,NULL,NULL,NULL
"703","B08301_002","CENSUS_ACS","Estimate!!Total:!!Car, truck, or van:",NULL,NULL,"2026-04-10 16:41:27.982794+00","int","B08301","acs",NULL,NULL,NULL,NULL
"704","B08301_003","CENSUS_ACS","Estimate!!Total:!!Car, truck, or van:!!Drove alone",NULL,NULL,"2026-04-10 16:41:27.982794+00","int","B08301","acs",NULL,NULL,NULL,NULL
"705","B08301_004","CENSUS_ACS","Estimate!!Total:!!Car, truck, or van:!!Carpooled:",NULL,NULL,"2026-04-10 16:41:27.982794+00","int","B08301","acs",NULL,NULL,NULL,NULL
"706","B08301_005","CENSUS_ACS","Estimate!!Total:!!Car, truck, or van:!!Carpooled:!!In 2-person carpool",NULL,NULL,"2026-04-10 16:41:27.982794+00","int","B08301","acs",NULL,NULL,NULL,NULL
"707","B08301_006","CENSUS_ACS","Estimate!!Total:!!Car, truck, or van:!!Carpooled:!!In 3-person carpool",NULL,NULL,"2026-04-10 16:41:27.982794+00","int","B08301","acs",NULL,NULL,NULL,NULL
"708","B08301_007","CENSUS_ACS","Estimate!!Total:!!Car, truck, or van:!!Carpooled:!!In 4-person carpool",NULL,NULL,"2026-04-10 16:41:27.982794+00","int","B08301","acs",NULL,NULL,NULL,NULL
"709","B08301_008","CENSUS_ACS","Estimate!!Total:!!Car, truck, or van:!!Carpooled:!!In 5- or 6-person carpool",NULL,NULL,"2026-04-10 16:41:27.982794+00","int","B08301","acs",NULL,NULL,NULL,NULL
"710","B08301_009","CENSUS_ACS","Estimate!!Total:!!Car, truck, or van:!!Carpooled:!!In 7-or-more-person carpool",NULL,NULL,"2026-04-10 16:41:27.982794+00","int","B08301","acs",NULL,NULL,NULL,NULL
"711","B08301_010","CENSUS_ACS","Estimate!!Total!!Public transportation (excluding taxicab)",NULL,NULL,"2026-04-10 16:41:27.982794+00","int","B08301","acs",NULL,NULL,NULL,NULL
"712","B08301_011","CENSUS_ACS","Estimate!!Total:!!Public transportation (excluding taxicab):!!Bus",NULL,NULL,"2026-04-10 16:41:27.982794+00","int","B08301","acs",NULL,NULL,NULL,NULL
"713","B08301_012","CENSUS_ACS","Estimate!!Total:!!Public transportation (excluding taxicab):!!Subway or elevated rail",NULL,NULL,"2026-04-10 16:41:27.982794+00","int","B08301","acs",NULL,NULL,NULL,NULL
"714","B08301_013","CENSUS_ACS","Estimate!!Total!!Public transportation (excluding taxicab)!!Subway or elevated",NULL,NULL,"2026-04-10 16:41:27.982794+00","int","B08301","acs",NULL,NULL,NULL,NULL
"715","B08301_014","CENSUS_ACS","Estimate!!Total:!!Public transportation (excluding taxicab):!!Light rail, streetcar or trolley (carro público in Puerto Rico)",NULL,NULL,"2026-04-10 16:41:27.982794+00","int","B08301","acs",NULL,NULL,NULL,NULL
"716","B08301_015","CENSUS_ACS","Estimate!!Total:!!Public transportation:!!Ferryboat",NULL,NULL,"2026-04-10 16:41:27.982794+00","int","B08301","acs",NULL,NULL,NULL,NULL
"717","B08301_016","CENSUS_ACS","Estimate!!Total:!!Taxicab",NULL,NULL,"2026-04-10 16:41:27.982794+00","int","B08301","acs",NULL,NULL,NULL,NULL
"718","B08301_017","CENSUS_ACS","Estimate!!Total:!!Motorcycle",NULL,NULL,"2026-04-10 16:41:27.982794+00","int","B08301","acs",NULL,NULL,NULL,NULL
"719","B08301_018","CENSUS_ACS","Estimate!!Total!!Bicycle",NULL,NULL,"2026-04-10 16:41:27.982794+00","int","B08301","acs",NULL,NULL,NULL,NULL
"720","B08301_019","CENSUS_ACS","Estimate!!Total:!!Walked",NULL,NULL,"2026-04-10 16:41:27.982794+00","int","B08301","acs",NULL,NULL,NULL,NULL
"721","B08301_020","CENSUS_ACS","Estimate!!Total!!Other means",NULL,NULL,"2026-04-10 16:41:27.982794+00","int","B08301","acs",NULL,NULL,NULL,NULL
"722","B08301_021","CENSUS_ACS","Estimate!!Total:!!Worked from home",NULL,NULL,"2026-04-10 16:41:27.982794+00","int","B08301","acs",NULL,NULL,NULL,NULL
"723","B11001_001","CENSUS_ACS","Estimate!!Total",NULL,NULL,"2026-04-10 16:41:27.982794+00","int","B11001","acs",NULL,NULL,NULL,NULL
"724","B11001_002","CENSUS_ACS","Estimate!!Total:!!Family households:",NULL,NULL,"2026-04-10 16:41:27.982794+00","int","B11001","acs",NULL,NULL,NULL,NULL
"725","B11001_003","CENSUS_ACS","Estimate!!Total:!!Family households:!!Married-couple family",NULL,NULL,"2026-04-10 16:41:27.982794+00","int","B11001","acs",NULL,NULL,NULL,NULL
"726","B11001_004","CENSUS_ACS","Estimate!!Total!!Family households!!Other family",NULL,NULL,"2026-04-10 16:41:27.982794+00","int","B11001","acs",NULL,NULL,NULL,NULL
"727","B11001_005","CENSUS_ACS","Estimate!!Total:!!Family households:!!Other family:!!Male householder, no spouse present",NULL,NULL,"2026-04-10 16:41:27.982794+00","int","B11001","acs",NULL,NULL,NULL,NULL
"728","B11001_006","CENSUS_ACS","Estimate!!Total:!!Family households:!!Other family:!!Female householder, no spouse present",NULL,NULL,"2026-04-10 16:41:27.982794+00","int","B11001","acs",NULL,NULL,NULL,NULL
"729","B11001_007","CENSUS_ACS","Estimate!!Total:!!Nonfamily households:",NULL,NULL,"2026-04-10 16:41:27.982794+00","int","B11001","acs",NULL,NULL,NULL,NULL
"730","B11001_008","CENSUS_ACS","Estimate!!Total:!!Nonfamily households:!!Householder living alone",NULL,NULL,"2026-04-10 16:41:27.982794+00","int","B11001","acs",NULL,NULL,NULL,NULL
"731","B11001_009","CENSUS_ACS","Estimate!!Total:!!Nonfamily households:!!Householder not living alone",NULL,NULL,"2026-04-10 16:41:27.982794+00","int","B11001","acs",NULL,NULL,NULL,NULL
"732","B15003_001","CENSUS_ACS","Estimate!!Total",NULL,NULL,"2026-04-10 16:41:27.982794+00","int","B15003","acs",NULL,NULL,NULL,NULL
"733","B15003_002","CENSUS_ACS","Estimate!!Total!!No schooling completed",NULL,NULL,"2026-04-10 16:41:27.982794+00","int","B15003","acs",NULL,NULL,NULL,NULL
"734","B15003_003","CENSUS_ACS","Estimate!!Total:!!Nursery school",NULL,NULL,"2026-04-10 16:41:27.982794+00","int","B15003","acs",NULL,NULL,NULL,NULL
"735","B15003_004","CENSUS_ACS","Estimate!!Total:!!Kindergarten",NULL,NULL,"2026-04-10 16:41:27.982794+00","int","B15003","acs",NULL,NULL,NULL,NULL
"736","B15003_005","CENSUS_ACS","Estimate!!Total:!!1st grade",NULL,NULL,"2026-04-10 16:41:27.982794+00","int","B15003","acs",NULL,NULL,NULL,NULL
"737","B15003_006","CENSUS_ACS","Estimate!!Total:!!2nd grade",NULL,NULL,"2026-04-10 16:41:27.982794+00","int","B15003","acs",NULL,NULL,NULL,NULL
"738","B15003_007","CENSUS_ACS","Estimate!!Total!!3rd grade",NULL,NULL,"2026-04-10 16:41:27.982794+00","int","B15003","acs",NULL,NULL,NULL,NULL
"739","B15003_008","CENSUS_ACS","Estimate!!Total!!4th grade",NULL,NULL,"2026-04-10 16:41:27.982794+00","int","B15003","acs",NULL,NULL,NULL,NULL
"740","B15003_009","CENSUS_ACS","Estimate!!Total:!!5th grade",NULL,NULL,"2026-04-10 16:41:27.982794+00","int","B15003","acs",NULL,NULL,NULL,NULL
"741","B15003_010","CENSUS_ACS","Estimate!!Total!!6th grade",NULL,NULL,"2026-04-10 16:41:27.982794+00","int","B15003","acs",NULL,NULL,NULL,NULL
"742","B15003_011","CENSUS_ACS","Estimate!!Total:!!7th grade",NULL,NULL,"2026-04-10 16:41:27.982794+00","int","B15003","acs",NULL,NULL,NULL,NULL
"743","B15003_012","CENSUS_ACS","Estimate!!Total!!8th grade",NULL,NULL,"2026-04-10 16:41:27.982794+00","int","B15003","acs",NULL,NULL,NULL,NULL
"744","B15003_013","CENSUS_ACS","Estimate!!Total:!!9th grade",NULL,NULL,"2026-04-10 16:41:27.982794+00","int","B15003","acs",NULL,NULL,NULL,NULL
"745","B15003_014","CENSUS_ACS","Estimate!!Total!!10th grade",NULL,NULL,"2026-04-10 16:41:27.982794+00","int","B15003","acs",NULL,NULL,NULL,NULL
"746","B15003_015","CENSUS_ACS","Estimate!!Total:!!11th grade",NULL,NULL,"2026-04-10 16:41:27.982794+00","int","B15003","acs",NULL,NULL,NULL,NULL
"747","B15003_016","CENSUS_ACS","Estimate!!Total:!!12th grade, no diploma",NULL,NULL,"2026-04-10 16:41:27.982794+00","int","B15003","acs",NULL,NULL,NULL,NULL
"748","B15003_017","CENSUS_ACS","Estimate!!Total:!!Regular high school diploma",NULL,NULL,"2026-04-10 16:41:27.982794+00","int","B15003","acs",NULL,NULL,NULL,NULL
"749","B15003_018","CENSUS_ACS","Estimate!!Total:!!GED or alternative credential",NULL,NULL,"2026-04-10 16:41:27.982794+00","int","B15003","acs",NULL,NULL,NULL,NULL
"750","B15003_019","CENSUS_ACS","Estimate!!Total!!Some college, less than 1 year",NULL,NULL,"2026-04-10 16:41:27.982794+00","int","B15003","acs",NULL,NULL,NULL,NULL
"751","B15003_020","CENSUS_ACS","Estimate!!Total:!!Some college, 1 or more years, no degree",NULL,NULL,"2026-04-10 16:41:27.982794+00","int","B15003","acs",NULL,NULL,NULL,NULL
"752","B15003_021","CENSUS_ACS","Estimate!!Total:!!Associate's degree",NULL,NULL,"2026-04-10 16:41:27.982794+00","int","B15003","acs",NULL,NULL,NULL,NULL
"753","B15003_022","CENSUS_ACS","Estimate!!Total:!!Bachelor's degree",NULL,NULL,"2026-04-10 16:41:27.982794+00","int","B15003","acs",NULL,NULL,NULL,NULL
"754","B15003_023","CENSUS_ACS","Estimate!!Total:!!Master's degree",NULL,NULL,"2026-04-10 16:41:27.982794+00","int","B15003","acs",NULL,NULL,NULL,NULL
"755","B15003_024","CENSUS_ACS","Estimate!!Total!!Professional school degree",NULL,NULL,"2026-04-10 16:41:27.982794+00","int","B15003","acs",NULL,NULL,NULL,NULL
"756","B15003_025","CENSUS_ACS","Estimate!!Total:!!Doctorate degree",NULL,NULL,"2026-04-10 16:41:27.982794+00","int","B15003","acs",NULL,NULL,NULL,NULL
"757","B19001_001","CENSUS_ACS","Estimate!!Total:",NULL,NULL,"2026-04-10 16:41:27.982794+00","int","B19001","acs",NULL,NULL,NULL,NULL
"758","B19001_002","CENSUS_ACS","Estimate!!Total:!!Less than $10,000",NULL,NULL,"2026-04-10 16:41:27.982794+00","int","B19001","acs",NULL,NULL,NULL,NULL
"759","B19001_003","CENSUS_ACS","Estimate!!Total:!!$10,000 to $14,999",NULL,NULL,"2026-04-10 16:41:27.982794+00","int","B19001","acs",NULL,NULL,NULL,NULL
"760","B19001_004","CENSUS_ACS","Estimate!!Total:!!$15,000 to $19,999",NULL,NULL,"2026-04-10 16:41:27.982794+00","int","B19001","acs",NULL,NULL,NULL,NULL
"761","B19001_005","CENSUS_ACS","Estimate!!Total:!!$20,000 to $24,999",NULL,NULL,"2026-04-10 16:41:27.982794+00","int","B19001","acs",NULL,NULL,NULL,NULL
"762","B19001_006","CENSUS_ACS","Estimate!!Total!!$25,000 to $29,999",NULL,NULL,"2026-04-10 16:41:27.982794+00","int","B19001","acs",NULL,NULL,NULL,NULL
"763","B19001_007","CENSUS_ACS","Estimate!!Total!!$30,000 to $34,999",NULL,NULL,"2026-04-10 16:41:27.982794+00","int","B19001","acs",NULL,NULL,NULL,NULL
"764","B19001_008","CENSUS_ACS","Estimate!!Total:!!$35,000 to $39,999",NULL,NULL,"2026-04-10 16:41:27.982794+00","int","B19001","acs",NULL,NULL,NULL,NULL
"765","B19001_009","CENSUS_ACS","Estimate!!Total!!$40,000 to $44,999",NULL,NULL,"2026-04-10 16:41:27.982794+00","int","B19001","acs",NULL,NULL,NULL,NULL
"766","B19001_010","CENSUS_ACS","Estimate!!Total:!!$45,000 to $49,999",NULL,NULL,"2026-04-10 16:41:27.982794+00","int","B19001","acs",NULL,NULL,NULL,NULL
"767","B19001_011","CENSUS_ACS","Estimate!!Total!!$50,000 to $59,999",NULL,NULL,"2026-04-10 16:41:27.982794+00","int","B19001","acs",NULL,NULL,NULL,NULL
"768","B19001_012","CENSUS_ACS","Estimate!!Total:!!$60,000 to $74,999",NULL,NULL,"2026-04-10 16:41:27.982794+00","int","B19001","acs",NULL,NULL,NULL,NULL
"769","B19001_013","CENSUS_ACS","Estimate!!Total:!!$75,000 to $99,999",NULL,NULL,"2026-04-10 16:41:27.982794+00","int","B19001","acs",NULL,NULL,NULL,NULL
"770","B19001_014","CENSUS_ACS","Estimate!!Total:!!$100,000 to $124,999",NULL,NULL,"2026-04-10 16:41:27.982794+00","int","B19001","acs",NULL,NULL,NULL,NULL
"771","B19001_015","CENSUS_ACS","Estimate!!Total:!!$125,000 to $149,999",NULL,NULL,"2026-04-10 16:41:27.982794+00","int","B19001","acs",NULL,NULL,NULL,NULL
"772","B19001_016","CENSUS_ACS","Estimate!!Total:!!$150,000 to $199,999",NULL,NULL,"2026-04-10 16:41:27.982794+00","int","B19001","acs",NULL,NULL,NULL,NULL
"773","B19001_017","CENSUS_ACS","Estimate!!Total:!!$200,000 or more",NULL,NULL,"2026-04-10 16:41:27.982794+00","int","B19001","acs",NULL,NULL,NULL,NULL
"774","B19013_001","CENSUS_ACS","Estimate!!Median household income in the past 12 months (in 2013 inflation-adjusted dollars)",NULL,NULL,"2026-04-10 16:41:27.982794+00","int","B19013","acs",NULL,NULL,NULL,NULL
"775","B19083_001","CENSUS_ACS","Estimate!!Gini Index",NULL,NULL,"2026-04-10 16:41:27.982794+00","float","B19083","acs",NULL,NULL,NULL,NULL
"776","B24010_001","CENSUS_ACS","Estimate!!Total:",NULL,NULL,"2026-04-10 16:41:27.982794+00","int","B24010","acs",NULL,NULL,NULL,NULL
"777","B24010_002","CENSUS_ACS","Estimate!!Total!!Male",NULL,NULL,"2026-04-10 16:41:27.982794+00","int","B24010","acs",NULL,NULL,NULL,NULL
"778","B24010_003","CENSUS_ACS","Estimate!!Total:!!Male:!!Management, business, science, and arts occupations:",NULL,NULL,"2026-04-10 16:41:27.982794+00","int","B24010","acs",NULL,NULL,NULL,NULL
"779","B24010_004","CENSUS_ACS","Estimate!!Total:!!Male:!!Management, business, science, and arts occupations:!!Management, business, and financial occupations:",NULL,NULL,"2026-04-10 16:41:27.982794+00","int","B24010","acs",NULL,NULL,NULL,NULL
"780","B24010_005","CENSUS_ACS","Estimate!!Total!!Male!!Management, professional, and related occupations!!Management, business, and financial occupations!!Management occupations",NULL,NULL,"2026-04-10 16:41:27.982794+00","int","B24010","acs",NULL,NULL,NULL,NULL
"781","B24010_006","CENSUS_ACS","Estimate!!Total:!!Male:!!Management, business, science, and arts occupations:!!Management, business, and financial occupations:!!Management occupations:!!Top executives",NULL,NULL,"2026-04-10 16:41:27.982794+00","int","B24010","acs",NULL,NULL,NULL,NULL
"782","B24010_007","CENSUS_ACS","Estimate!!Total:!!Male:!!Management, business, science, and arts occupations:!!Management, business, and financial occupations:!!Management occupations:!!Advertising, promotions, marketing, sales, public relations and fundraising managers",NULL,NULL,"2026-04-10 16:41:27.982794+00","int","B24010","acs",NULL,NULL,NULL,NULL
"783","B24010_008","CENSUS_ACS","Estimate!!Total:!!Male:!!Management, business, science, and arts occupations:!!Management, business, and financial occupations:!!Management occupations:!!Financial managers",NULL,NULL,"2026-04-10 16:41:27.982794+00","int","B24010","acs",NULL,NULL,NULL,NULL
"784","B24010_009","CENSUS_ACS","Estimate!!Total:!!Male:!!Management, business, science, and arts occupations:!!Management, business, and financial occupations:!!Management occupations:!!Human resources managers",NULL,NULL,"2026-04-10 16:41:27.982794+00","int","B24010","acs",NULL,NULL,NULL,NULL
"785","B24010_010","CENSUS_ACS","Estimate!!Total!!Male!!Management, business, science, and arts occupations!!Management, business, and financial occupations!!Management occupations!!Operations specialties managers except financial managers and human resources managers",NULL,NULL,"2026-04-10 16:41:27.982794+00","int","B24010","acs",NULL,NULL,NULL,NULL
"786","B24010_011","CENSUS_ACS","Estimate!!Total!!Male!!Management, business, science, and arts occupations!!Management, business, and financial occupations!!Management occupations!!Farmers, ranchers, and other agricultural managers",NULL,NULL,"2026-04-10 16:41:27.982794+00","int","B24010","acs",NULL,NULL,NULL,NULL
"787","B24010_012","CENSUS_ACS","Estimate!!Total!!Male!!Management, business, science, and arts occupations!!Management, business, and financial occupations!!Management occupations!!Other management occupations except farmers, ranchers, and other agricultural managers",NULL,NULL,"2026-04-10 16:41:27.982794+00","int","B24010","acs",NULL,NULL,NULL,NULL
"788","B24010_013","CENSUS_ACS","Estimate!!Total!!Male!!Management, business, science, and arts occupations!!Management, business, and financial occupations!!Business and financial operations occupations",NULL,NULL,"2026-04-10 16:41:27.982794+00","int","B24010","acs",NULL,NULL,NULL,NULL
"789","B24010_014","CENSUS_ACS","Estimate!!Total!!Male!!Management, business, science, and arts occupations!!Management, business, and financial occupations!!Business and financial operations occupations!!Human resources workers",NULL,NULL,"2026-04-10 16:41:27.982794+00","int","B24010","acs",NULL,NULL,NULL,NULL
"790","B24010_015","CENSUS_ACS","Estimate!!Total:!!Male:!!Management, business, science, and arts occupations:!!Management, business, and financial occupations:!!Business and financial operations occupations:!!Other business operations specialists",NULL,NULL,"2026-04-10 16:41:27.982794+00","int","B24010","acs",NULL,NULL,NULL,NULL
"791","B24010_016","CENSUS_ACS","Estimate!!Total:!!Male:!!Management, business, science, and arts occupations (0010:3550):!!Management, business, and financial occupations (0010:0960):!!Business and financial operations occupations (0500:0960):!!Financial specialists (0800:0960):",NULL,NULL,"2026-04-10 16:41:27.982794+00","int","B24010","acs",NULL,NULL,NULL,NULL
"792","B24010_017","CENSUS_ACS","Estimate!!Total:!!Male:!!Management, business, science, and arts occupations (0010:3550):!!Management, business, and financial occupations (0010:0960):!!Business and financial operations occupations (0500:0960):!!Financial specialists (0800:0960):!!Accountants and auditors (0800)",NULL,NULL,"2026-04-10 16:41:27.982794+00","int","B24010","acs",NULL,NULL,NULL,NULL
"793","B24010_018","CENSUS_ACS","Estimate!!Total:!!Male:!!Management, business, science, and arts occupations:!!Management, business, and financial occupations:!!Business and financial operations occupations:!!Financial specialists:!!Other financial specialists",NULL,NULL,"2026-04-10 16:41:27.982794+00","int","B24010","acs",NULL,NULL,NULL,NULL
"794","B24010_019","CENSUS_ACS","Estimate!!Total!!Male!!Management, business, science, and arts occupations!!Computer, engineering, and science occupations",NULL,NULL,"2026-04-10 16:41:27.982794+00","int","B24010","acs",NULL,NULL,NULL,NULL
"795","B24010_020","CENSUS_ACS","Estimate!!Total:!!Male:!!Management, business, science, and arts occupations:!!Computer, engineering, and science occupations:!!Computer and mathematical occupations:",NULL,NULL,"2026-04-10 16:41:27.982794+00","int","B24010","acs",NULL,NULL,NULL,NULL
"796","B24010_021","CENSUS_ACS","Estimate!!Total:!!Male:!!Management, business, science, and arts occupations (0010:3550):!!Computer, engineering, and science occupations (1005:1980):!!Computer and mathematical occupations (1005:1240):!!Computer occupations (1005:1108):",NULL,NULL,"2026-04-10 16:41:27.982794+00","int","B24010","acs",NULL,NULL,NULL,NULL
"797","B24010_022","CENSUS_ACS","Estimate!!Total:!!Male:!!Management, business, science, and arts occupations:!!Computer, engineering, and science occupations:!!Computer and mathematical occupations:!!Computer occupations:!!Computer and information research scientists and analysts, and information security analysts",NULL,NULL,"2026-04-10 16:41:27.982794+00","int","B24010","acs",NULL,NULL,NULL,NULL
"798","B24010_023","CENSUS_ACS","Estimate!!Total!!Male!!Management, business, science, and arts occupations!!Computer, engineering, and science occupations!!Computer and mathematical occupations!!Computer occupations!!Software developers and programmers",NULL,NULL,"2026-04-10 16:41:27.982794+00","int","B24010","acs",NULL,NULL,NULL,NULL
"799","B24010_024","CENSUS_ACS","Estimate!!Total!!Male!!Management, business, science, and arts occupations!!Computer, engineering, and science occupations!!Computer and mathematical occupations!!Computer occupations!!Database and systems administrators and network architects",NULL,NULL,"2026-04-10 16:41:27.982794+00","int","B24010","acs",NULL,NULL,NULL,NULL
"800","B24010_025","CENSUS_ACS","Estimate!!Total:!!Male:!!Management, business, science, and arts occupations (0010:3550):!!Computer, engineering, and science occupations (1005:1980):!!Computer and mathematical occupations (1005:1240):!!Computer occupations (1005:1108):!!Miscellaneous computer occupations, including computer support specialists (1050,1108)",NULL,NULL,"2026-04-10 16:41:27.982794+00","int","B24010","acs",NULL,NULL,NULL,NULL
"801","B24010_026","CENSUS_ACS","Estimate!!Total:!!Male:!!Management, business, science, and arts occupations:!!Computer, engineering, and science occupations:!!Computer and mathematical occupations:!!Mathematical science occupations",NULL,NULL,"2026-04-10 16:41:27.982794+00","int","B24010","acs",NULL,NULL,NULL,NULL
"802","B24010_027","CENSUS_ACS","Estimate!!Total:!!Male:!!Management, business, science, and arts occupations:!!Computer, engineering, and science occupations:!!Architecture and engineering occupations:",NULL,NULL,"2026-04-10 16:41:27.982794+00","int","B24010","acs",NULL,NULL,NULL,NULL
"803","B24010_028","CENSUS_ACS","Estimate!!Total:!!Male:!!Management, business, science, and arts occupations:!!Computer, engineering, and science occupations:!!Architecture and engineering occupations:!!Architects, surveyors, and cartographers",NULL,NULL,"2026-04-10 16:41:27.982794+00","int","B24010","acs",NULL,NULL,NULL,NULL
"804","B24010_029","CENSUS_ACS","Estimate!!Total!!Male!!Management, business, science, and arts occupations!!Computer, engineering, and science occupations!!Architecture and engineering occupations!!Engineers",NULL,NULL,"2026-04-10 16:41:27.982794+00","int","B24010","acs",NULL,NULL,NULL,NULL
"805","B24010_030","CENSUS_ACS","Estimate!!Total:!!Male:!!Management, business, science, and arts occupations:!!Computer, engineering, and science occupations:!!Architecture and engineering occupations:!!Drafters, engineering, and mapping technicians",NULL,NULL,"2026-04-10 16:41:27.982794+00","int","B24010","acs",NULL,NULL,NULL,NULL
"806","B24010_031","CENSUS_ACS","Estimate!!Total:!!Male:!!Management, business, science, and arts occupations:!!Computer, engineering, and science occupations:!!Life, physical, and social science occupations:",NULL,NULL,"2026-04-10 16:41:27.982794+00","int","B24010","acs",NULL,NULL,NULL,NULL
"807","B24010_032","CENSUS_ACS","Estimate!!Total!!Male!!Management, business, science, and arts occupations!!Computer, engineering, and science occupations!!Life, physical, and social science occupations!!Life and physical scientists",NULL,NULL,"2026-04-10 16:41:27.982794+00","int","B24010","acs",NULL,NULL,NULL,NULL
"808","B24010_033","CENSUS_ACS","Estimate!!Total:!!Male:!!Management, business, science, and arts occupations:!!Computer, engineering, and science occupations:!!Life, physical, and social science occupations:!!Social scientists and related workers",NULL,NULL,"2026-04-10 16:41:27.982794+00","int","B24010","acs",NULL,NULL,NULL,NULL
"809","B24010_034","CENSUS_ACS","Estimate!!Total!!Male!!Management, business, science, and arts occupations!!Computer, engineering, and science occupations!!Life, physical, and social science occupations!!Life, physical, and social science technicians",NULL,NULL,"2026-04-10 16:41:27.982794+00","int","B24010","acs",NULL,NULL,NULL,NULL
"810","B24010_035","CENSUS_ACS","Estimate!!Total!!Male!!Management, business, science, and arts occupations!!Education, legal, community service, arts, and media occupations",NULL,NULL,"2026-04-10 16:41:27.982794+00","int","B24010","acs",NULL,NULL,NULL,NULL
"811","B24010_036","CENSUS_ACS","Estimate!!Total!!Male!!Management, business, science, and arts occupations!!Education, legal, community service, arts, and media occupations!!Community and social service occupations",NULL,NULL,"2026-04-10 16:41:27.982794+00","int","B24010","acs",NULL,NULL,NULL,NULL
"812","B24010_037","CENSUS_ACS","Estimate!!Total:!!Male:!!Management, business, science, and arts occupations (0010:3550):!!Education, legal, community service, arts, and media occupations (2001:2970):!!Community and social service occupations (2001:2060):!!Counselors, social workers, and other community and social service specialists (2001:2025)",NULL,NULL,"2026-04-10 16:41:27.982794+00","int","B24010","acs",NULL,NULL,NULL,NULL
"813","B24010_038","CENSUS_ACS","Estimate!!Total:!!Male:!!Management, business, science, and arts occupations (0010:3550):!!Education, legal, community service, arts, and media occupations (2001:2970):!!Community and social service occupations (2001:2060):!!Religious workers (2040:2060)",NULL,NULL,"2026-04-10 16:41:27.982794+00","int","B24010","acs",NULL,NULL,NULL,NULL
"814","B24010_039","CENSUS_ACS","Estimate!!Total:!!Male:!!Management, business, science, and arts occupations (0010:3550):!!Education, legal, community service, arts, and media occupations (2001:2970):!!Legal occupations (2100:2180):",NULL,NULL,"2026-04-10 16:41:27.982794+00","int","B24010","acs",NULL,NULL,NULL,NULL
"815","B24010_040","CENSUS_ACS","Estimate!!Total:!!Male:!!Management, business, science, and arts occupations:!!Education, legal, community service, arts, and media occupations:!!Legal occupations:!!Lawyers and judicial law clerks",NULL,NULL,"2026-04-10 16:41:27.982794+00","int","B24010","acs",NULL,NULL,NULL,NULL
"816","B24010_041","CENSUS_ACS","Estimate!!Total:!!Male:!!Management, business, science, and arts occupations:!!Education, legal, community service, arts, and media occupations:!!Legal occupations:!!Judges, magistrates, and other judicial workers",NULL,NULL,"2026-04-10 16:41:27.982794+00","int","B24010","acs",NULL,NULL,NULL,NULL
"817","B24010_042","CENSUS_ACS","Estimate!!Total:!!Male:!!Management, business, science, and arts occupations:!!Education, legal, community service, arts, and media occupations:!!Legal occupations:!!Legal support workers",NULL,NULL,"2026-04-10 16:41:27.982794+00","int","B24010","acs",NULL,NULL,NULL,NULL
"818","B24010_043","CENSUS_ACS","Estimate!!Total!!Male!!Management, professional, and related occupations!!Professional and related occupations!!Education, training, and library occupations!!Other teachers and instructors, education, training, and library occupations",NULL,NULL,"2026-04-10 16:41:27.982794+00","int","B24010","acs",NULL,NULL,NULL,NULL
"819","B24010_044","CENSUS_ACS","Estimate!!Total:!!Male:!!Management, business, science, and arts occupations:!!Education, legal, community service, arts, and media occupations:!!Educational instruction, and library occupations:!!Postsecondary teachers",NULL,NULL,"2026-04-10 16:41:27.982794+00","int","B24010","acs",NULL,NULL,NULL,NULL
"820","B24010_045","CENSUS_ACS","Estimate!!Total:!!Male:!!Management, business, science, and arts occupations:!!Education, legal, community service, arts, and media occupations:!!Educational instruction, and library occupations:!!Primary, secondary, and special education school teachers:",NULL,NULL,"2026-04-10 16:41:27.982794+00","int","B24010","acs",NULL,NULL,NULL,NULL
"821","B24010_046","CENSUS_ACS","Estimate!!Total!!Male!!Management, business, science, and arts occupations!!Education, legal, community service, arts, and media occupations!!Education, training, and library occupations!!Primary, secondary, and special education school teachers!!Preschool and kindergarten teachers",NULL,NULL,"2026-04-10 16:41:27.982794+00","int","B24010","acs",NULL,NULL,NULL,NULL
"822","B24010_047","CENSUS_ACS","Estimate!!Total:!!Male:!!Management, business, science, and arts occupations:!!Education, legal, community service, arts, and media occupations:!!Educational instruction, and library occupations:!!Primary, secondary, and special education school teachers:!!Elementary and middle school teachers",NULL,NULL,"2026-04-10 16:41:27.982794+00","int","B24010","acs",NULL,NULL,NULL,NULL
"823","B24010_048","CENSUS_ACS","Estimate!!Total:!!Male:!!Management, business, science, and arts occupations:!!Education, legal, community service, arts, and media occupations:!!Educational instruction, and library occupations:!!Primary, secondary, and special education school teachers:!!Secondary school teachers",NULL,NULL,"2026-04-10 16:41:27.982794+00","int","B24010","acs",NULL,NULL,NULL,NULL
"824","B24010_049","CENSUS_ACS","Estimate!!Total!!Male!!Management, business, science, and arts occupations!!Education, legal, community service, arts, and media occupations!!Education, training, and library occupations!!Primary, secondary, and special education school teachers!!Special education teachers",NULL,NULL,"2026-04-10 16:41:27.982794+00","int","B24010","acs",NULL,NULL,NULL,NULL
"825","B24010_050","CENSUS_ACS","Estimate!!Total:!!Male:!!Management, business, science, and arts occupations:!!Education, legal, community service, arts, and media occupations:!!Educational instruction, and library occupations:!!Librarians, curators, and archivists",NULL,NULL,"2026-04-10 16:41:27.982794+00","int","B24010","acs",NULL,NULL,NULL,NULL
"826","B24010_051","CENSUS_ACS","Estimate!!Total!!Male!!Management, business, science, and arts occupations!!Education, legal, community service, arts, and media occupations!!Education, training, and library occupations!!Other teachers and instructors, education, training, and library occupations",NULL,NULL,"2026-04-10 16:41:27.982794+00","int","B24010","acs",NULL,NULL,NULL,NULL
"827","B24010_052","CENSUS_ACS","Estimate!!Total:!!Male:!!Management, business, science, and arts occupations:!!Education, legal, community service, arts, and media occupations:!!Arts, design, entertainment, sports, and media occupations:",NULL,NULL,"2026-04-10 16:41:27.982794+00","int","B24010","acs",NULL,NULL,NULL,NULL
"828","B24010_053","CENSUS_ACS","Estimate!!Total:!!Male:!!Management, business, science, and arts occupations:!!Education, legal, community service, arts, and media occupations:!!Arts, design, entertainment, sports, and media occupations:!!Art and design workers",NULL,NULL,"2026-04-10 16:41:27.982794+00","int","B24010","acs",NULL,NULL,NULL,NULL
"829","B24010_054","CENSUS_ACS","Estimate!!Total!!Male!!Management, business, science, and arts occupations!!Education, legal, community service, arts, and media occupations!!Arts, design, entertainment, sports, and media occupations!!Entertainers and performers, sports, and related workers",NULL,NULL,"2026-04-10 16:41:27.982794+00","int","B24010","acs",NULL,NULL,NULL,NULL
"830","B24010_055","CENSUS_ACS","Estimate!!Total:!!Male:!!Management, business, science, and arts occupations (0010:3550):!!Education, legal, community service, arts, and media occupations (2001:2970):!!Arts, design, entertainment, sports, and media occupations (2600:2970):!!Media and communication equipment workers (2805:2970)",NULL,NULL,"2026-04-10 16:41:27.982794+00","int","B24010","acs",NULL,NULL,NULL,NULL
"831","B24010_056","CENSUS_ACS","Estimate!!Total!!Male!!Management, business, science, and arts occupations!!Healthcare practitioners and technical occupations",NULL,NULL,"2026-04-10 16:41:27.982794+00","int","B24010","acs",NULL,NULL,NULL,NULL
"832","B24010_057","CENSUS_ACS","Estimate!!Total!!Male!!Management, business, science, and arts occupations!!Healthcare practitioners and technical occupations!!Health diagnosing and treating practitioners and other technical occupations",NULL,NULL,"2026-04-10 16:41:27.982794+00","int","B24010","acs",NULL,NULL,NULL,NULL
"833","B24010_058","CENSUS_ACS","Estimate!!Total!!Male!!Management, business, science, and arts occupations!!Healthcare practitioners and technical occupations!!Health diagnosing and treating practitioners and other technical occupations!!Physicians and surgeons",NULL,NULL,"2026-04-10 16:41:27.982794+00","int","B24010","acs",NULL,NULL,NULL,NULL
"834","B24010_059","CENSUS_ACS","Estimate!!Total:!!Male:!!Management, business, science, and arts occupations (0010:3550):!!Healthcare practitioners and technical occupations (3000:3550):!!Health diagnosing and treating practitioners and other technical occupations (3000:3270,3550):!!Therapists (3150:3245)",NULL,NULL,"2026-04-10 16:41:27.982794+00","int","B24010","acs",NULL,NULL,NULL,NULL
"835","B24010_060","CENSUS_ACS","Estimate!!Total:!!Male:!!Management, business, science, and arts occupations (0010:3550):!!Healthcare practitioners and technical occupations (3000:3550):!!Health diagnosing and treating practitioners and other technical occupations (3000:3270,3550):!!Registered nurses (3255)",NULL,NULL,"2026-04-10 16:41:27.982794+00","int","B24010","acs",NULL,NULL,NULL,NULL
"836","B24010_061","CENSUS_ACS","Estimate!!Total!!Male!!Management, business, science, and arts occupations!!Healthcare practitioners and technical occupations!!Health diagnosing and treating practitioners and other technical occupations!!Nurses, all other",NULL,NULL,"2026-04-10 16:41:27.982794+00","int","B24010","acs",NULL,NULL,NULL,NULL
"837","B24010_062","CENSUS_ACS","Estimate!!Total:!!Male:!!Management, business, science, and arts occupations:!!Healthcare practitioners and technical occupations:!!Health diagnosing and treating practitioners and other technical occupations:!!Other health diagnosing and treating practitioners and technical occupations",NULL,NULL,"2026-04-10 16:41:27.982794+00","int","B24010","acs",NULL,NULL,NULL,NULL
"838","B24010_063","CENSUS_ACS","Estimate!!Total:!!Male:!!Management, business, science, and arts occupations (0010:3550):!!Healthcare practitioners and technical occupations (3000:3550):!!Health technologists and technicians (3300:3545)",NULL,NULL,"2026-04-10 16:41:27.982794+00","int","B24010","acs",NULL,NULL,NULL,NULL
"839","B24010_064","CENSUS_ACS","Estimate!!Total:!!Male:!!Service occupations:",NULL,NULL,"2026-04-10 16:41:27.982794+00","int","B24010","acs",NULL,NULL,NULL,NULL
"840","B24010_065","CENSUS_ACS","Estimate!!Total!!Male!!Service occupations!!Food preparation and serving related occupations!!Cooks and food preparation workers",NULL,NULL,"2026-04-10 16:41:27.982794+00","int","B24010","acs",NULL,NULL,NULL,NULL
"841","B24010_066","CENSUS_ACS","Estimate!!Total:!!Male:!!Service occupations:!!Healthcare support occupations:!!Nursing, psychiatric, and personal and home health aides",NULL,NULL,"2026-04-10 16:41:27.982794+00","int","B24010","acs",NULL,NULL,NULL,NULL
"842","B24010_067","CENSUS_ACS","Estimate!!Total!!Male!!Service occupations!!Healthcare support occupations!!Occupational and physical therapist assistants and aides",NULL,NULL,"2026-04-10 16:41:27.982794+00","int","B24010","acs",NULL,NULL,NULL,NULL
"843","B24010_068","CENSUS_ACS","Estimate!!Total!!Male!!Service occupations!!Healthcare support occupations!!Other healthcare support occupations",NULL,NULL,"2026-04-10 16:41:27.982794+00","int","B24010","acs",NULL,NULL,NULL,NULL
"844","B24010_069","CENSUS_ACS","Estimate!!Total!!Male!!Service occupations!!Building and grounds cleaning and maintenance occupations",NULL,NULL,"2026-04-10 16:41:27.982794+00","int","B24010","acs",NULL,NULL,NULL,NULL
"845","B24010_070","CENSUS_ACS","Estimate!!Total:!!Male:!!Service occupations:!!Protective service occupations:!!First-line supervisors of law enforcement workers",NULL,NULL,"2026-04-10 16:41:27.982794+00","int","B24010","acs",NULL,NULL,NULL,NULL
"846","B24010_071","CENSUS_ACS","Estimate!!Total:!!Male:!!Service occupations:!!Protective service occupations:!!First-line supervisors of firefighting and prevention workers",NULL,NULL,"2026-04-10 16:41:27.982794+00","int","B24010","acs",NULL,NULL,NULL,NULL
"847","B24010_072","CENSUS_ACS","Estimate!!Total:!!Male:!!Service occupations:!!Protective service occupations:!!Miscellaneous First-Line Supervisors, Protective Service Workers",NULL,NULL,"2026-04-10 16:41:27.982794+00","int","B24010","acs",NULL,NULL,NULL,NULL
"848","B24010_073","CENSUS_ACS","Estimate!!Total!!Male!!Service occupations!!Protective service occupations!!Fire fighting and prevention workers",NULL,NULL,"2026-04-10 16:41:27.982794+00","int","B24010","acs",NULL,NULL,NULL,NULL
"849","B24010_074","CENSUS_ACS","Estimate!!Total:!!Male:!!Service occupations:!!Protective service occupations:!!Law enforcement workers",NULL,NULL,"2026-04-10 16:41:27.982794+00","int","B24010","acs",NULL,NULL,NULL,NULL
"850","B24010_075","CENSUS_ACS","Estimate!!Total:!!Male:!!Service occupations (3601:4655):!!Protective service occupations (3700:3960):!!All other protective service workers (3900:3960)",NULL,NULL,"2026-04-10 16:41:27.982794+00","int","B24010","acs",NULL,NULL,NULL,NULL
"851","B24010_076","CENSUS_ACS","Estimate!!Total!!Male!!Service occupations!!Food preparation and serving related occupations",NULL,NULL,"2026-04-10 16:41:27.982794+00","int","B24010","acs",NULL,NULL,NULL,NULL
"852","B24010_077","CENSUS_ACS","Estimate!!Total:!!Male:!!Service occupations (3601:4655):!!Food preparation and serving related occupations (4000:4160):!!Supervisors of food preparation and serving workers (4000:4010)",NULL,NULL,"2026-04-10 16:41:27.982794+00","int","B24010","acs",NULL,NULL,NULL,NULL
"853","B24010_078","CENSUS_ACS","Estimate!!Total!!Male!!Service occupations!!Food preparation and serving related occupations!!Cooks and food preparation workers",NULL,NULL,"2026-04-10 16:41:27.982794+00","int","B24010","acs",NULL,NULL,NULL,NULL
"854","B24010_079","CENSUS_ACS","Estimate!!Total:!!Male:!!Service occupations:!!Food preparation and serving related occupations:!!Waiters and waitresses",NULL,NULL,"2026-04-10 16:41:27.982794+00","int","B24010","acs",NULL,NULL,NULL,NULL
"855","B24010_080","CENSUS_ACS","Estimate!!Total!!Male!!Service occupations!!Food preparation and serving related occupations!!Food and beverage serving workers except waiters/waitresses",NULL,NULL,"2026-04-10 16:41:27.982794+00","int","B24010","acs",NULL,NULL,NULL,NULL
"856","B24010_081","CENSUS_ACS","Estimate!!Total!!Male!!Sales and office occupations!!Office and administrative support occupations",NULL,NULL,"2026-04-10 16:41:27.982794+00","int","B24010","acs",NULL,NULL,NULL,NULL
"857","B24010_082","CENSUS_ACS","Estimate!!Total:!!Male:!!Service occupations (3601:4655):!!Building and grounds cleaning and maintenance occupations (4200:4255):",NULL,NULL,"2026-04-10 16:41:27.982794+00","int","B24010","acs",NULL,NULL,NULL,NULL
"858","B24010_083","CENSUS_ACS","Estimate!!Total:!!Male:!!Service occupations:!!Building and grounds cleaning and maintenance occupations:!!First-line supervisors of housekeeping and janitorial workers",NULL,NULL,"2026-04-10 16:41:27.982794+00","int","B24010","acs",NULL,NULL,NULL,NULL
"859","B24010_084","CENSUS_ACS","Estimate!!Total:!!Male:!!Service occupations:!!Building and grounds cleaning and maintenance occupations:!!First-line supervisors of landscaping, lawn service, and groundskeeping workers",NULL,NULL,"2026-04-10 16:41:27.982794+00","int","B24010","acs",NULL,NULL,NULL,NULL
"860","B24010_085","CENSUS_ACS","Estimate!!Total:!!Male:!!Service occupations:!!Building and grounds cleaning and maintenance occupations:!!Building cleaning and pest control workers",NULL,NULL,"2026-04-10 16:41:27.982794+00","int","B24010","acs",NULL,NULL,NULL,NULL
"861","B24010_086","CENSUS_ACS","Estimate!!Total:!!Male:!!Service occupations:!!Building and grounds cleaning and maintenance occupations:!!Grounds maintenance workers",NULL,NULL,"2026-04-10 16:41:27.982794+00","int","B24010","acs",NULL,NULL,NULL,NULL
"862","B24010_087","CENSUS_ACS","Estimate!!Total!!Male!!Service occupations!!Personal care and service occupations",NULL,NULL,"2026-04-10 16:41:27.982794+00","int","B24010","acs",NULL,NULL,NULL,NULL
"863","B24010_088","CENSUS_ACS","Estimate!!Total:!!Male:!!Service occupations:!!Personal care and service occupations:!!Supervisors of personal care and service workers",NULL,NULL,"2026-04-10 16:41:27.982794+00","int","B24010","acs",NULL,NULL,NULL,NULL
"864","B24010_089","CENSUS_ACS","Estimate!!Total!!Male!!Service occupations!!Personal care and service occupations!!Personal appearance workers",NULL,NULL,"2026-04-10 16:41:27.982794+00","int","B24010","acs",NULL,NULL,NULL,NULL
"865","B24010_090","CENSUS_ACS","Estimate!!Total!!Male!!Service occupations!!Personal care and service occupations!!Baggage porters and concierges, and tour and travel guides",NULL,NULL,"2026-04-10 16:41:27.982794+00","int","B24010","acs",NULL,NULL,NULL,NULL
"866","B24010_091","CENSUS_ACS","Estimate!!Total:!!Male:!!Service occupations:!!Personal care and service occupations:!!Child care workers",NULL,NULL,"2026-04-10 16:41:27.982794+00","int","B24010","acs",NULL,NULL,NULL,NULL
"867","B24010_092","CENSUS_ACS","Estimate!!Total:!!Male:!!Service occupations:!!Personal care and service occupations:!!Other personal care and service workers except personal appearance, baggage porters, concierges, and child care workers",NULL,NULL,"2026-04-10 16:41:27.982794+00","int","B24010","acs",NULL,NULL,NULL,NULL
"868","B24010_093","CENSUS_ACS","Estimate!!Total:!!Male:!!Sales and office occupations (4700:5940):",NULL,NULL,"2026-04-10 16:41:27.982794+00","int","B24010","acs",NULL,NULL,NULL,NULL
"869","B24010_094","CENSUS_ACS","Estimate!!Total:!!Male:!!Sales and office occupations:!!Sales and related occupations:",NULL,NULL,"2026-04-10 16:41:27.982794+00","int","B24010","acs",NULL,NULL,NULL,NULL
"870","B24010_095","CENSUS_ACS","Estimate!!Total!!Male!!Sales and office occupations!!Sales and related occupations!!First-line supervisors of retail sales workers",NULL,NULL,"2026-04-10 16:41:27.982794+00","int","B24010","acs",NULL,NULL,NULL,NULL
"871","B24010_096","CENSUS_ACS","Estimate!!Total:!!Male:!!Sales and office occupations:!!Sales and related occupations:!!First-line supervisors of non-retail sales workers",NULL,NULL,"2026-04-10 16:41:27.982794+00","int","B24010","acs",NULL,NULL,NULL,NULL
"872","B24010_097","CENSUS_ACS","Estimate!!Total:!!Male:!!Sales and office occupations (4700:5940):!!Sales and related occupations (4700:4965):!!Cashiers (4720)",NULL,NULL,"2026-04-10 16:41:27.982794+00","int","B24010","acs",NULL,NULL,NULL,NULL
"873","B24010_098","CENSUS_ACS","Estimate!!Total!!Male!!Sales and office occupations!!Sales and related occupations!!Retail sales workers except cashiers",NULL,NULL,"2026-04-10 16:41:27.982794+00","int","B24010","acs",NULL,NULL,NULL,NULL
"874","B24010_099","CENSUS_ACS","Estimate!!Total!!Male!!Sales and office occupations!!Sales and related occupations!!Sales representatives, services",NULL,NULL,"2026-04-10 16:41:27.982794+00","int","B24010","acs",NULL,NULL,NULL,NULL
"875","B24010_100","CENSUS_ACS","Estimate!!Total!!Male!!Sales and office occupations!!Sales and related occupations!!Sales representatives, wholesale and manufacturing",NULL,NULL,"2026-04-10 16:41:27.982794+00","int","B24010","acs",NULL,NULL,NULL,NULL
"876","B24010_101","CENSUS_ACS","Estimate!!Total:!!Male:!!Sales and office occupations (4700:5940):!!Sales and related occupations (4700:4965):!!Other sales and related workers (4900:4965)",NULL,NULL,"2026-04-10 16:41:27.982794+00","int","B24010","acs",NULL,NULL,NULL,NULL
"877","B24010_102","CENSUS_ACS","Estimate!!Total!!Male!!Sales and office occupations!!Office and administrative support occupations",NULL,NULL,"2026-04-10 16:41:27.982794+00","int","B24010","acs",NULL,NULL,NULL,NULL
"878","B24010_103","CENSUS_ACS","Estimate!!Total!!Male!!Construction, extraction, maintenance, and repair occupations!!Construction and extraction occupations!!Extraction workers",NULL,NULL,"2026-04-10 16:41:27.982794+00","int","B24010","acs",NULL,NULL,NULL,NULL
"879","B24010_104","CENSUS_ACS","Estimate!!Total:!!Male:!!Sales and office occupations (4700:5940):!!Office and administrative support occupations (5000:5940):!!Communications equipment operators (5010:5040)",NULL,NULL,"2026-04-10 16:41:27.982794+00","int","B24010","acs",NULL,NULL,NULL,NULL
"880","B24010_105","CENSUS_ACS","Estimate!!Total!!Male!!Sales and office occupations!!Office and administrative support occupations!!Financial clerks except bookkeeping, accounting, and auditing clerks",NULL,NULL,"2026-04-10 16:41:27.982794+00","int","B24010","acs",NULL,NULL,NULL,NULL
"881","B24010_106","CENSUS_ACS","Estimate!!Total:!!Male:!!Sales and office occupations:!!Office and administrative support occupations:!!Bookkeeping, accounting, and auditing clerks",NULL,NULL,"2026-04-10 16:41:27.982794+00","int","B24010","acs",NULL,NULL,NULL,NULL
"882","B24010_107","CENSUS_ACS","Estimate!!Total!!Male!!Production, transportation, and material moving occupations",NULL,NULL,"2026-04-10 16:41:27.982794+00","int","B24010","acs",NULL,NULL,NULL,NULL
"883","B24010_108","CENSUS_ACS","Estimate!!Total:!!Male:!!Sales and office occupations:!!Office and administrative support occupations:!!Customer service representatives",NULL,NULL,"2026-04-10 16:41:27.982794+00","int","B24010","acs",NULL,NULL,NULL,NULL
"884","B24010_109","CENSUS_ACS","Estimate!!Total:!!Male:!!Sales and office occupations:!!Office and administrative support occupations:!!Material recording, scheduling, dispatching, and distributing workers",NULL,NULL,"2026-04-10 16:41:27.982794+00","int","B24010","acs",NULL,NULL,NULL,NULL
"885","B24010_110","CENSUS_ACS","Estimate!!Total:!!Male:!!Sales and office occupations:!!Office and administrative support occupations:!!Secretaries and administrative assistants",NULL,NULL,"2026-04-10 16:41:27.982794+00","int","B24010","acs",NULL,NULL,NULL,NULL
"886","B24010_111","CENSUS_ACS","Estimate!!Total!!Male!!Sales and office occupations!!Office and administrative support occupations!!Other office and administrative support workers",NULL,NULL,"2026-04-10 16:41:27.982794+00","int","B24010","acs",NULL,NULL,NULL,NULL
"887","B24010_112","CENSUS_ACS","Estimate!!Total!!Male!!Natural resources, construction, and maintenance occupations",NULL,NULL,"2026-04-10 16:41:27.982794+00","int","B24010","acs",NULL,NULL,NULL,NULL
"888","B24010_113","CENSUS_ACS","Estimate!!Total:!!Male:!!Natural resources, construction, and maintenance occupations:!!Farming, fishing, and forestry occupations:",NULL,NULL,"2026-04-10 16:41:27.982794+00","int","B24010","acs",NULL,NULL,NULL,NULL
"889","B24010_114","CENSUS_ACS","Estimate!!Total:!!Male:!!Natural resources, construction, and maintenance occupations:!!Farming, fishing, and forestry occupations:!!First-line supervisors of farming, fishing, and forestry workers",NULL,NULL,"2026-04-10 16:41:27.982794+00","int","B24010","acs",NULL,NULL,NULL,NULL
"890","B24010_115","CENSUS_ACS","Estimate!!Total:!!Male:!!Natural resources, construction, and maintenance occupations (6005:7640):!!Farming, fishing, and forestry occupations (6005:6130):!!Agricultural workers (6010:6050)",NULL,NULL,"2026-04-10 16:41:27.982794+00","int","B24010","acs",NULL,NULL,NULL,NULL
"891","B24010_116","CENSUS_ACS","Estimate!!Total:!!Male:!!Natural resources, construction, and maintenance occupations:!!Farming, fishing, and forestry occupations:!!Fishing and hunting, and forest, conservation, and logging workers",NULL,NULL,"2026-04-10 16:41:27.982794+00","int","B24010","acs",NULL,NULL,NULL,NULL
"892","B24010_117","CENSUS_ACS","Estimate!!Total:!!Male:!!Natural resources, construction, and maintenance occupations:!!Construction and extraction occupations:",NULL,NULL,"2026-04-10 16:41:27.982794+00","int","B24010","acs",NULL,NULL,NULL,NULL
"893","B24010_118","CENSUS_ACS","Estimate!!Total:!!Male:!!Natural resources, construction, and maintenance occupations:!!Construction and extraction occupations:!!First-line supervisors of construction and extraction workers",NULL,NULL,"2026-04-10 16:41:27.982794+00","int","B24010","acs",NULL,NULL,NULL,NULL
"894","B24010_119","CENSUS_ACS","Estimate!!Total!!Male!!Production, transportation, and material moving occupations!!Transportation and material moving occupations!!Air transportation workers",NULL,NULL,"2026-04-10 16:41:27.982794+00","int","B24010","acs",NULL,NULL,NULL,NULL
"895","B24010_120","CENSUS_ACS","Estimate!!Total!!Male!!Natural resources, construction, and maintenance occupations!!Construction and extraction occupations!!Construction laborers",NULL,NULL,"2026-04-10 16:41:27.982794+00","int","B24010","acs",NULL,NULL,NULL,NULL
"896","B24010_121","CENSUS_ACS","Estimate!!Total:!!Male:!!Natural resources, construction, and maintenance occupations:!!Construction and extraction occupations:!!Electricians",NULL,NULL,"2026-04-10 16:41:27.982794+00","int","B24010","acs",NULL,NULL,NULL,NULL
"897","B24010_122","CENSUS_ACS","Estimate!!Total!!Male!!Natural resources, construction, and maintenance occupations!!Construction and extraction occupations!!Painters and paperhangers",NULL,NULL,"2026-04-10 16:41:27.982794+00","int","B24010","acs",NULL,NULL,NULL,NULL
"898","B24010_123","CENSUS_ACS","Estimate!!Total:!!Male:!!Natural resources, construction, and maintenance occupations:!!Construction and extraction occupations:!!Pipelayers, plumbers, pipefitters, and steamfitters",NULL,NULL,"2026-04-10 16:41:27.982794+00","int","B24010","acs",NULL,NULL,NULL,NULL
"899","B24010_124","CENSUS_ACS","Estimate!!Total!!Male!!Natural resources, construction, and maintenance occupations!!Construction and extraction occupations!!Construction trades workers except carpenters, electricians, painters, plumbers, and construction laborers",NULL,NULL,"2026-04-10 16:41:27.982794+00","int","B24010","acs",NULL,NULL,NULL,NULL
"900","B24010_125","CENSUS_ACS","Estimate!!Total!!Male!!Natural resources, construction, and maintenance occupations!!Construction and extraction occupations!!Other construction workers and helpers",NULL,NULL,"2026-04-10 16:41:27.982794+00","int","B24010","acs",NULL,NULL,NULL,NULL
"901","B24010_126","CENSUS_ACS","Estimate!!Total:!!Male:!!Natural resources, construction, and maintenance occupations (6005:7640):!!Construction and extraction occupations: (6200:6950)!!Extraction workers (6800:6950)",NULL,NULL,"2026-04-10 16:41:27.982794+00","int","B24010","acs",NULL,NULL,NULL,NULL
"902","B24010_127","CENSUS_ACS","Estimate!!Total!!Male!!Natural resources, construction, and maintenance occupations!!Installation, maintenance, and repair occupations",NULL,NULL,"2026-04-10 16:41:27.982794+00","int","B24010","acs",NULL,NULL,NULL,NULL
"903","B24010_128","CENSUS_ACS","Estimate!!Total:!!Male:!!Natural resources, construction, and maintenance occupations:!!Installation, maintenance, and repair occupations:!!First-line supervisors of mechanics, installers, and repairers",NULL,NULL,"2026-04-10 16:41:27.982794+00","int","B24010","acs",NULL,NULL,NULL,NULL
"904","B24010_129","CENSUS_ACS","Estimate!!Total:!!Male:!!Natural resources, construction, and maintenance occupations:!!Installation, maintenance, and repair occupations:!!Vehicle and mobile equipment mechanics, installers, and repairers",NULL,NULL,"2026-04-10 16:41:27.982794+00","int","B24010","acs",NULL,NULL,NULL,NULL
"905","B24010_130","CENSUS_ACS","Estimate!!Total:!!Male:!!Natural resources, construction, and maintenance occupations:!!Installation, maintenance, and repair occupations:!!Other installation, maintenance, and repair occupations including electrical and electronic equipment mechanics, installers, and repairers",NULL,NULL,"2026-04-10 16:41:27.982794+00","int","B24010","acs",NULL,NULL,NULL,NULL
"906","B24010_131","CENSUS_ACS","Estimate!!Total:!!Male:!!Production, transportation, and material moving occupations (7700:9760):",NULL,NULL,"2026-04-10 16:41:27.982794+00","int","B24010","acs",NULL,NULL,NULL,NULL
"907","B24010_132","CENSUS_ACS","Estimate!!Total:!!Male:!!Production, transportation, and material moving occupations:!!Production occupations:",NULL,NULL,"2026-04-10 16:41:27.982794+00","int","B24010","acs",NULL,NULL,NULL,NULL
"908","B24010_133","CENSUS_ACS","Estimate!!Total!!Male!!Production, transportation, and material moving occupations!!Production occupations!!First-line supervisors of production and operating workers",NULL,NULL,"2026-04-10 16:41:27.982794+00","int","B24010","acs",NULL,NULL,NULL,NULL
"909","B24010_134","CENSUS_ACS","Estimate!!Total!!Male!!Production, transportation, and material moving occupations!!Production occupations!!Assemblers and fabricators",NULL,NULL,"2026-04-10 16:41:27.982794+00","int","B24010","acs",NULL,NULL,NULL,NULL
"910","B24010_135","CENSUS_ACS","Estimate!!Total:!!Male:!!Production, transportation, and material moving occupations (7700:9760):!!Production occupations (7700:8990):!!Food processing workers (7800:7855)",NULL,NULL,"2026-04-10 16:41:27.982794+00","int","B24010","acs",NULL,NULL,NULL,NULL
"911","B24010_136","CENSUS_ACS","Estimate!!Total:!!Male:!!Production, transportation, and material moving occupations:!!Production occupations:!!Metal workers, plastic workers and computer numerically controlled tool programmers and operators",NULL,NULL,"2026-04-10 16:41:27.982794+00","int","B24010","acs",NULL,NULL,NULL,NULL
"912","B24010_137","CENSUS_ACS","Estimate!!Total!!Male!!Production, transportation, and material moving occupations!!Production occupations!!Printing workers",NULL,NULL,"2026-04-10 16:41:27.982794+00","int","B24010","acs",NULL,NULL,NULL,NULL
"913","B24010_138","CENSUS_ACS","Estimate!!Total:!!Male:!!Production, transportation, and material moving occupations:!!Production occupations:!!Textile, apparel, and furnishings workers",NULL,NULL,"2026-04-10 16:41:27.982794+00","int","B24010","acs",NULL,NULL,NULL,NULL
"914","B24010_139","CENSUS_ACS","Estimate!!Total:!!Male:!!Production, transportation, and material moving occupations (7700:9760):!!Production occupations (7700:8990):!!Woodworkers (8500:8555)",NULL,NULL,"2026-04-10 16:41:27.982794+00","int","B24010","acs",NULL,NULL,NULL,NULL
"915","B24010_140","CENSUS_ACS","Estimate!!Total:!!Male:!!Production, transportation, and material moving occupations:!!Production occupations:!!Plant and system operators",NULL,NULL,"2026-04-10 16:41:27.982794+00","int","B24010","acs",NULL,NULL,NULL,NULL
"916","B24010_141","CENSUS_ACS","Estimate!!Total:!!Male:!!Production, transportation, and material moving occupations:!!Production occupations:!!Other production occupations",NULL,NULL,"2026-04-10 16:41:27.982794+00","int","B24010","acs",NULL,NULL,NULL,NULL
"917","B24010_142","CENSUS_ACS","Estimate!!Total!!Male!!Production, transportation, and material moving occupations!!Transportation occupations",NULL,NULL,"2026-04-10 16:41:27.982794+00","int","B24010","acs",NULL,NULL,NULL,NULL
"918","B24010_143","CENSUS_ACS","Estimate!!Total!!Male!!Production, transportation, and material moving occupations!!Transportation occupations!!Supervisors of transportation and material moving workers",NULL,NULL,"2026-04-10 16:41:27.982794+00","int","B24010","acs",NULL,NULL,NULL,NULL
"919","B24010_144","CENSUS_ACS","Estimate!!Total!!Male!!Production, transportation, and material moving occupations!!Transportation occupations!!Air transportation workers",NULL,NULL,"2026-04-10 16:41:27.982794+00","int","B24010","acs",NULL,NULL,NULL,NULL
"920","B24010_145","CENSUS_ACS","Estimate!!Total:!!Male:!!Production, transportation, and material moving occupations:!!Transportation occupations:!!Rail and water transportation workers",NULL,NULL,"2026-04-10 16:41:27.982794+00","int","B24010","acs",NULL,NULL,NULL,NULL
"921","B24010_146","CENSUS_ACS","Estimate!!Total!!Male!!Production, transportation, and material moving occupations!!Transportation occupations!!Bus drivers",NULL,NULL,"2026-04-10 16:41:27.982794+00","int","B24010","acs",NULL,NULL,NULL,NULL
"922","B24010_147","CENSUS_ACS","Estimate!!Total:!!Male:!!Production, transportation, and material moving occupations:!!Transportation occupations:!!Driver/sales workers and truck drivers",NULL,NULL,"2026-04-10 16:41:27.982794+00","int","B24010","acs",NULL,NULL,NULL,NULL
"923","B24010_148","CENSUS_ACS","Estimate!!Total:!!Male:!!Production, transportation, and material moving occupations (7700:9760):!!Transportation occupations (9005:9430):!!Motor vehicle operators except bus and truck drivers (9110,9141:9150)",NULL,NULL,"2026-04-10 16:41:27.982794+00","int","B24010","acs",NULL,NULL,NULL,NULL
"924","B24010_149","CENSUS_ACS","Estimate!!Total!!Male!!Production, transportation, and material moving occupations!!Transportation occupations!!Other transportation workers",NULL,NULL,"2026-04-10 16:41:27.982794+00","int","B24010","acs",NULL,NULL,NULL,NULL
"925","B24010_150","CENSUS_ACS","Estimate!!Total:!!Male:!!Production, transportation, and material moving occupations:!!Material moving occupations:",NULL,NULL,"2026-04-10 16:41:27.982794+00","int","B24010","acs",NULL,NULL,NULL,NULL
"926","B24010_151","CENSUS_ACS","Estimate!!Total:!!Male:!!Production, transportation, and material moving occupations (7700:9760):!!Material moving occupations (9510:9760):!!Laborers and material movers, hand (9610:9645)",NULL,NULL,"2026-04-10 16:41:27.982794+00","int","B24010","acs",NULL,NULL,NULL,NULL
"927","B24010_152","CENSUS_ACS","Estimate!!Total:!!Male:!!Production, transportation, and material moving occupations:!!Material moving occupations:!!Material moving workers except supervisors and laborers and material movers, hand",NULL,NULL,"2026-04-10 16:41:27.982794+00","int","B24010","acs",NULL,NULL,NULL,NULL
"928","B24010_153","CENSUS_ACS","Estimate!!Total:!!Female:",NULL,NULL,"2026-04-10 16:41:27.982794+00","int","B24010","acs",NULL,NULL,NULL,NULL
"929","B24010_154","CENSUS_ACS","Estimate!!Total:!!Female:!!Management, business, science, and arts occupations:",NULL,NULL,"2026-04-10 16:41:27.982794+00","int","B24010","acs",NULL,NULL,NULL,NULL
"930","B24010_155","CENSUS_ACS","Estimate!!Total:!!Female:!!Management, business, science, and arts occupations:!!Management, business, and financial occupations:",NULL,NULL,"2026-04-10 16:41:27.982794+00","int","B24010","acs",NULL,NULL,NULL,NULL
"931","B24010_156","CENSUS_ACS","Estimate!!Total!!Female!!Management, business, science, and arts occupations!!Management, business, and financial occupations!!Management occupations",NULL,NULL,"2026-04-10 16:41:27.982794+00","int","B24010","acs",NULL,NULL,NULL,NULL
"932","B24010_157","CENSUS_ACS","Estimate!!Total!!Female!!Management, professional, and related occupations!!Professional and related occupations!!Community and social services occupations!!Religious workers",NULL,NULL,"2026-04-10 16:41:27.982794+00","int","B24010","acs",NULL,NULL,NULL,NULL
"933","B24010_158","CENSUS_ACS","Estimate!!Total:!!Female:!!Management, business, science, and arts occupations:!!Management, business, and financial occupations:!!Management occupations:!!Advertising, promotions, marketing, sales, public relations and fundraising managers",NULL,NULL,"2026-04-10 16:41:27.982794+00","int","B24010","acs",NULL,NULL,NULL,NULL
"934","B24010_159","CENSUS_ACS","Estimate!!Total:!!Female:!!Management, business, science, and arts occupations:!!Management, business, and financial occupations:!!Management occupations:!!Financial managers",NULL,NULL,"2026-04-10 16:41:27.982794+00","int","B24010","acs",NULL,NULL,NULL,NULL
"935","B24010_160","CENSUS_ACS","Estimate!!Total:!!Female:!!Management, business, science, and arts occupations:!!Management, business, and financial occupations:!!Management occupations:!!Human resources managers",NULL,NULL,"2026-04-10 16:41:27.982794+00","int","B24010","acs",NULL,NULL,NULL,NULL
"936","B24010_161","CENSUS_ACS","Estimate!!Total:!!Female:!!Management, business, science, and arts occupations:!!Management, business, and financial occupations:!!Management occupations:!!Operations specialties managers except financial managers and human resources managers",NULL,NULL,"2026-04-10 16:41:27.982794+00","int","B24010","acs",NULL,NULL,NULL,NULL
"937","B24010_162","CENSUS_ACS","Estimate!!Total:!!Female:!!Management, business, science, and arts occupations:!!Management, business, and financial occupations:!!Management occupations:!!Farmers, ranchers, and other agricultural managers",NULL,NULL,"2026-04-10 16:41:27.982794+00","int","B24010","acs",NULL,NULL,NULL,NULL
"938","B24010_163","CENSUS_ACS","Estimate!!Total!!Female!!Management, business, science, and arts occupations!!Management, business, and financial occupations!!Management occupations!!Other management occupations except farmers, ranchers, and other agricultural managers",NULL,NULL,"2026-04-10 16:41:27.982794+00","int","B24010","acs",NULL,NULL,NULL,NULL
"939","B24010_164","CENSUS_ACS","Estimate!!Total!!Female!!Management, business, science, and arts occupations!!Management, business, and financial occupations!!Business and financial operations occupations",NULL,NULL,"2026-04-10 16:41:27.982794+00","int","B24010","acs",NULL,NULL,NULL,NULL
"940","B24010_165","CENSUS_ACS","Estimate!!Total!!Female!!Management, business, science, and arts occupations!!Management, business, and financial occupations!!Business and financial operations occupations!!Human resources workers",NULL,NULL,"2026-04-10 16:41:27.982794+00","int","B24010","acs",NULL,NULL,NULL,NULL
"941","B24010_166","CENSUS_ACS","Estimate!!Total!!Female!!Management, business, science, and arts occupations!!Management, business, and financial occupations!!Business and financial operations occupations!!Other business operations specialists",NULL,NULL,"2026-04-10 16:41:27.982794+00","int","B24010","acs",NULL,NULL,NULL,NULL
"942","B24010_167","CENSUS_ACS","Estimate!!Total:!!Female:!!Management, business, science, and arts occupations:!!Management, business, and financial occupations:!!Business and financial operations occupations:!!Financial specialists:",NULL,NULL,"2026-04-10 16:41:27.982794+00","int","B24010","acs",NULL,NULL,NULL,NULL
"943","B24010_168","CENSUS_ACS","Estimate!!Total!!Female!!Management, business, science, and arts occupations!!Management, business, and financial occupations!!Business and financial operations occupations!!Financial specialists!!Accountants and auditors",NULL,NULL,"2026-04-10 16:41:27.982794+00","int","B24010","acs",NULL,NULL,NULL,NULL
"944","B24010_169","CENSUS_ACS","Estimate!!Total:!!Female:!!Management, business, science, and arts occupations (0010:3550):!!Management, business, and financial occupations (0010:0960):!!Business and financial operations occupations (0500:0960):!!Financial specialists (0800:0960):!!All other financial specialists (0810:0960)",NULL,NULL,"2026-04-10 16:41:27.982794+00","int","B24010","acs",NULL,NULL,NULL,NULL
"945","B24010_170","CENSUS_ACS","Estimate!!Total:!!Female:!!Management, business, science, and arts occupations (0010:3550):!!Computer, engineering, and science occupations (1005:1980):",NULL,NULL,"2026-04-10 16:41:27.982794+00","int","B24010","acs",NULL,NULL,NULL,NULL
"946","B24010_171","CENSUS_ACS","Estimate!!Total!!Female!!Management, business, science, and arts occupations!!Computer, engineering, and science occupations!!Computer and mathematical occupations",NULL,NULL,"2026-04-10 16:41:27.982794+00","int","B24010","acs",NULL,NULL,NULL,NULL
"947","B24010_172","CENSUS_ACS","Estimate!!Total:!!Female:!!Management, business, science, and arts occupations:!!Computer, engineering, and science occupations:!!Computer and mathematical occupations:!!Computer occupations:",NULL,NULL,"2026-04-10 16:41:27.982794+00","int","B24010","acs",NULL,NULL,NULL,NULL
"948","B24010_173","CENSUS_ACS","Estimate!!Total:!!Female:!!Management, business, science, and arts occupations (0010:3550):!!Computer, engineering, and science occupations (1005:1980):!!Computer and mathematical occupations (1005:1240):!!Computer occupations (1005:1108):!!Computer and information research scientists and analysts, and information security analysts (1005:1007)",NULL,NULL,"2026-04-10 16:41:27.982794+00","int","B24010","acs",NULL,NULL,NULL,NULL
"949","B24010_174","CENSUS_ACS","Estimate!!Total:!!Female:!!Management, business, science, and arts occupations:!!Computer, engineering, and science occupations:!!Computer and mathematical occupations:!!Computer occupations:!!Software developers and programmers",NULL,NULL,"2026-04-10 16:41:27.982794+00","int","B24010","acs",NULL,NULL,NULL,NULL
"950","B24010_175","CENSUS_ACS","Estimate!!Total!!Female!!Management, business, science, and arts occupations!!Computer, engineering, and science occupations!!Computer and mathematical occupations!!Computer occupations!!Database and systems administrators and network architects",NULL,NULL,"2026-04-10 16:41:27.982794+00","int","B24010","acs",NULL,NULL,NULL,NULL
"951","B24010_176","CENSUS_ACS","Estimate!!Total:!!Female:!!Management, business, science, and arts occupations:!!Computer, engineering, and science occupations:!!Computer and mathematical occupations:!!Computer occupations:!!Miscellaneous computer occupations, including computer support specialists",NULL,NULL,"2026-04-10 16:41:27.982794+00","int","B24010","acs",NULL,NULL,NULL,NULL
"952","B24010_177","CENSUS_ACS","Estimate!!Total:!!Female:!!Management, business, science, and arts occupations (0010:3550):!!Computer, engineering, and science occupations (1005:1980):!!Computer and mathematical occupations (1005:1240):!!Mathematical science occupations (1200:1240)",NULL,NULL,"2026-04-10 16:41:27.982794+00","int","B24010","acs",NULL,NULL,NULL,NULL
"953","B24010_178","CENSUS_ACS","Estimate!!Total!!Female!!Management, business, science, and arts occupations!!Computer, engineering, and science occupations!!Architecture and engineering occupations",NULL,NULL,"2026-04-10 16:41:27.982794+00","int","B24010","acs",NULL,NULL,NULL,NULL
"954","B24010_179","CENSUS_ACS","Estimate!!Total!!Female!!Management, professional, and related occupations!!Professional and related occupations!!Healthcare practitioner and technical occupations!!Health diagnosing and treating practitioners and other technical occupations!!Other health diagnosing and treating practitioners and technical occupations",NULL,NULL,"2026-04-10 16:41:27.982794+00","int","B24010","acs",NULL,NULL,NULL,NULL
"955","B24010_180","CENSUS_ACS","Estimate!!Total:!!Female:!!Management, business, science, and arts occupations:!!Computer, engineering, and science occupations:!!Architecture and engineering occupations:!!Engineers",NULL,NULL,"2026-04-10 16:41:27.982794+00","int","B24010","acs",NULL,NULL,NULL,NULL
"956","B24010_181","CENSUS_ACS","Estimate!!Total!!Female!!Management, business, science, and arts occupations!!Computer, engineering, and science occupations!!Architecture and engineering occupations!!Drafters, engineering, and mapping technicians",NULL,NULL,"2026-04-10 16:41:27.982794+00","int","B24010","acs",NULL,NULL,NULL,NULL
"957","B24010_182","CENSUS_ACS","Estimate!!Total:!!Female:!!Management, business, science, and arts occupations:!!Computer, engineering, and science occupations:!!Life, physical, and social science occupations:",NULL,NULL,"2026-04-10 16:41:27.982794+00","int","B24010","acs",NULL,NULL,NULL,NULL
"958","B24010_183","CENSUS_ACS","Estimate!!Total:!!Female:!!Management, business, science, and arts occupations:!!Computer, engineering, and science occupations:!!Life, physical, and social science occupations:!!Life and physical scientists",NULL,NULL,"2026-04-10 16:41:27.982794+00","int","B24010","acs",NULL,NULL,NULL,NULL
"959","B24010_184","CENSUS_ACS","Estimate!!Total:!!Female:!!Management, business, science, and arts occupations:!!Computer, engineering, and science occupations:!!Life, physical, and social science occupations:!!Social scientists and related workers",NULL,NULL,"2026-04-10 16:41:27.982794+00","int","B24010","acs",NULL,NULL,NULL,NULL
"960","B24010_185","CENSUS_ACS","Estimate!!Total:!!Female:!!Management, business, science, and arts occupations:!!Computer, engineering, and science occupations:!!Life, physical, and social science occupations:!!Life, physical, and social science technicians",NULL,NULL,"2026-04-10 16:41:27.982794+00","int","B24010","acs",NULL,NULL,NULL,NULL
"961","B24010_186","CENSUS_ACS","Estimate!!Total!!Female!!Management, business, science, and arts occupations!!Education, legal, community service, arts, and media occupations",NULL,NULL,"2026-04-10 16:41:27.982794+00","int","B24010","acs",NULL,NULL,NULL,NULL
"962","B24010_187","CENSUS_ACS","Estimate!!Total!!Female!!Management, business, science, and arts occupations!!Education, legal, community service, arts, and media occupations!!Community and social service occupations",NULL,NULL,"2026-04-10 16:41:27.982794+00","int","B24010","acs",NULL,NULL,NULL,NULL
"963","B24010_188","CENSUS_ACS","Estimate!!Total!!Female!!Management, business, science, and arts occupations!!Education, legal, community service, arts, and media occupations!!Community and social service occupations!!Counselors, social workers, and other community and social service specialists",NULL,NULL,"2026-04-10 16:41:27.982794+00","int","B24010","acs",NULL,NULL,NULL,NULL
"964","B24010_189","CENSUS_ACS","Estimate!!Total:!!Female:!!Management, business, science, and arts occupations:!!Education, legal, community service, arts, and media occupations:!!Community and social service occupations:!!Religious workers",NULL,NULL,"2026-04-10 16:41:27.982794+00","int","B24010","acs",NULL,NULL,NULL,NULL
"965","B24010_190","CENSUS_ACS","Estimate!!Total!!Female!!Management, business, science, and arts occupations!!Education, legal, community service, arts, and media occupations!!Legal occupations",NULL,NULL,"2026-04-10 16:41:27.982794+00","int","B24010","acs",NULL,NULL,NULL,NULL
"966","B24010_191","CENSUS_ACS","Estimate!!Total:!!Female:!!Management, business, science, and arts occupations (0010:3550):!!Education, legal, community service, arts, and media occupations (2001:2970):!!Legal occupations (2100:2180):!!Lawyers and judicial law clerks (2100:2105)",NULL,NULL,"2026-04-10 16:41:27.982794+00","int","B24010","acs",NULL,NULL,NULL,NULL
"967","B24010_192","CENSUS_ACS","Estimate!!Total:!!Female:!!Management, business, science, and arts occupations (0010:3550):!!Education, legal, community service, arts, and media occupations (2001:2970):!!Legal occupations (2100:2180):!!Judges, magistrates, and other judicial workers (2110)",NULL,NULL,"2026-04-10 16:41:27.982794+00","int","B24010","acs",NULL,NULL,NULL,NULL
"968","B24010_193","CENSUS_ACS","Estimate!!Total:!!Female:!!Management, business, science, and arts occupations:!!Education, legal, community service, arts, and media occupations:!!Legal occupations:!!Legal support workers",NULL,NULL,"2026-04-10 16:41:27.982794+00","int","B24010","acs",NULL,NULL,NULL,NULL
"969","B24010_194","CENSUS_ACS","Estimate!!Total:!!Female:!!Management, business, science, and arts occupations:!!Education, legal, community service, arts, and media occupations:!!Educational instruction, and library occupations:",NULL,NULL,"2026-04-10 16:41:27.982794+00","int","B24010","acs",NULL,NULL,NULL,NULL
"970","B24010_195","CENSUS_ACS","Estimate!!Total!!Female!!Service occupations!!Building and grounds cleaning and maintenance occupations",NULL,NULL,"2026-04-10 16:41:27.982794+00","int","B24010","acs",NULL,NULL,NULL,NULL
"971","B24010_196","CENSUS_ACS","Estimate!!Total:!!Female:!!Management, business, science, and arts occupations:!!Education, legal, community service, arts, and media occupations:!!Educational instruction, and library occupations:!!Primary, secondary, and special education school teachers:",NULL,NULL,"2026-04-10 16:41:27.982794+00","int","B24010","acs",NULL,NULL,NULL,NULL
"972","B24010_197","CENSUS_ACS","Estimate!!Total:!!Female:!!Management, business, science, and arts occupations:!!Education, legal, community service, arts, and media occupations:!!Educational instruction, and library occupations:!!Primary, secondary, and special education school teachers:!!Preschool and kindergarten teachers",NULL,NULL,"2026-04-10 16:41:27.982794+00","int","B24010","acs",NULL,NULL,NULL,NULL
"973","B24010_198","CENSUS_ACS","Estimate!!Total:!!Female:!!Management, business, science, and arts occupations:!!Education, legal, community service, arts, and media occupations:!!Educational instruction, and library occupations:!!Primary, secondary, and special education school teachers:!!Elementary and middle school teachers",NULL,NULL,"2026-04-10 16:41:27.982794+00","int","B24010","acs",NULL,NULL,NULL,NULL
"974","B24010_199","CENSUS_ACS","Estimate!!Total:!!Female:!!Management, business, science, and arts occupations:!!Education, legal, community service, arts, and media occupations:!!Educational instruction, and library occupations:!!Primary, secondary, and special education school teachers:!!Secondary school teachers",NULL,NULL,"2026-04-10 16:41:27.982794+00","int","B24010","acs",NULL,NULL,NULL,NULL
"975","B24010_200","CENSUS_ACS","Estimate!!Total!!Female!!Management, business, science, and arts occupations!!Education, legal, community service, arts, and media occupations!!Education, training, and library occupations!!Primary, secondary, and special education school teachers!!Special education teachers",NULL,NULL,"2026-04-10 16:41:27.982794+00","int","B24010","acs",NULL,NULL,NULL,NULL
"976","B24010_201","CENSUS_ACS","Estimate!!Total!!Female!!Management, business, science, and arts occupations!!Education, legal, community service, arts, and media occupations!!Education, training, and library occupations!!Librarians, curators, and archivists",NULL,NULL,"2026-04-10 16:41:27.982794+00","int","B24010","acs",NULL,NULL,NULL,NULL
"977","B24010_202","CENSUS_ACS","Estimate!!Total:!!Female:!!Management, business, science, and arts occupations:!!Education, legal, community service, arts, and media occupations:!!Educational instruction, and library occupations:!!Other teachers and instructors, education, training, and library occupations",NULL,NULL,"2026-04-10 16:41:27.982794+00","int","B24010","acs",NULL,NULL,NULL,NULL
"978","B24010_203","CENSUS_ACS","Estimate!!Total!!Female!!Management, business, science, and arts occupations!!Education, legal, community service, arts, and media occupations!!Arts, design, entertainment, sports, and media occupations",NULL,NULL,"2026-04-10 16:41:27.982794+00","int","B24010","acs",NULL,NULL,NULL,NULL
"979","B24010_204","CENSUS_ACS","Estimate!!Total:!!Female:!!Management, business, science, and arts occupations:!!Education, legal, community service, arts, and media occupations:!!Arts, design, entertainment, sports, and media occupations:!!Art and design workers",NULL,NULL,"2026-04-10 16:41:27.982794+00","int","B24010","acs",NULL,NULL,NULL,NULL
"980","B24010_205","CENSUS_ACS","Estimate!!Total:!!Female:!!Management, business, science, and arts occupations:!!Education, legal, community service, arts, and media occupations:!!Arts, design, entertainment, sports, and media occupations:!!Entertainers and performers, sports, and related workers",NULL,NULL,"2026-04-10 16:41:27.982794+00","int","B24010","acs",NULL,NULL,NULL,NULL
"981","B24010_206","CENSUS_ACS","Estimate!!Total:!!Female:!!Management, business, science, and arts occupations:!!Education, legal, community service, arts, and media occupations:!!Arts, design, entertainment, sports, and media occupations:!!Media and communication equipment workers",NULL,NULL,"2026-04-10 16:41:27.982794+00","int","B24010","acs",NULL,NULL,NULL,NULL
"982","B24010_207","CENSUS_ACS","Estimate!!Total:!!Female:!!Management, business, science, and arts occupations (0010:3550):!!Healthcare practitioners and technical occupations (3000:3550):",NULL,NULL,"2026-04-10 16:41:27.982794+00","int","B24010","acs",NULL,NULL,NULL,NULL
"983","B24010_208","CENSUS_ACS","Estimate!!Total!!Female!!Management, business, science, and arts occupations!!Healthcare practitioners and technical occupations!!Health diagnosing and treating practitioners and other technical occupations",NULL,NULL,"2026-04-10 16:41:27.982794+00","int","B24010","acs",NULL,NULL,NULL,NULL
"984","B24010_209","CENSUS_ACS","Estimate!!Total!!Female!!Management, business, science, and arts occupations!!Healthcare practitioners and technical occupations!!Health diagnosing and treating practitioners and other technical occupations!!Physicians and surgeons",NULL,NULL,"2026-04-10 16:41:27.982794+00","int","B24010","acs",NULL,NULL,NULL,NULL
"985","B24010_210","CENSUS_ACS","Estimate!!Total!!Female!!Management, business, science, and arts occupations!!Healthcare practitioners and technical occupations!!Health diagnosing and treating practitioners and other technical occupations!!Therapists",NULL,NULL,"2026-04-10 16:41:27.982794+00","int","B24010","acs",NULL,NULL,NULL,NULL
"986","B24010_211","CENSUS_ACS","Estimate!!Total:!!Female:!!Management, business, science, and arts occupations (0010:3550):!!Healthcare practitioners and technical occupations (3000:3550):!!Health diagnosing and treating practitioners and other technical occupations (3000:3270,3550):!!Registered nurses (3255)",NULL,NULL,"2026-04-10 16:41:27.982794+00","int","B24010","acs",NULL,NULL,NULL,NULL
"987","B24010_212","CENSUS_ACS","Estimate!!Total!!Female!!Management, business, science, and arts occupations!!Healthcare practitioners and technical occupations!!Health diagnosing and treating practitioners and other technical occupations!!Nurses, all other",NULL,NULL,"2026-04-10 16:41:27.982794+00","int","B24010","acs",NULL,NULL,NULL,NULL
"988","B24010_213","CENSUS_ACS","Estimate!!Total!!Female!!Management, business, science, and arts occupations!!Healthcare practitioners and technical occupations!!Health diagnosing and treating practitioners and other technical occupations!!Other health diagnosing and treating practitioners and technical occupations",NULL,NULL,"2026-04-10 16:41:27.982794+00","int","B24010","acs",NULL,NULL,NULL,NULL
"989","B24010_214","CENSUS_ACS","Estimate!!Total:!!Female:!!Management, business, science, and arts occupations (0010:3550):!!Healthcare practitioners and technical occupations (3000:3550):!!Health technologists and technicians (3300:3545)",NULL,NULL,"2026-04-10 16:41:27.982794+00","int","B24010","acs",NULL,NULL,NULL,NULL
"990","B24010_215","CENSUS_ACS","Estimate!!Total:!!Female:!!Service occupations (3601:4655):",NULL,NULL,"2026-04-10 16:41:27.982794+00","int","B24010","acs",NULL,NULL,NULL,NULL
"991","B24010_216","CENSUS_ACS","Estimate!!Total:!!Female:!!Service occupations:!!Healthcare support occupations:",NULL,NULL,"2026-04-10 16:41:27.982794+00","int","B24010","acs",NULL,NULL,NULL,NULL
"992","B24010_217","CENSUS_ACS","Estimate!!Total!!Female!!Farming, fishing, and forestry occupations!!Agricultural workers including supervisors",NULL,NULL,"2026-04-10 16:41:27.982794+00","int","B24010","acs",NULL,NULL,NULL,NULL
"993","B24010_218","CENSUS_ACS","Estimate!!Total:!!Female:!!Service occupations:!!Healthcare support occupations:!!Occupational and physical therapist assistants and aides",NULL,NULL,"2026-04-10 16:41:27.982794+00","int","B24010","acs",NULL,NULL,NULL,NULL
"994","B24010_219","CENSUS_ACS","Estimate!!Total!!Female!!Service occupations!!Healthcare support occupations!!Other healthcare support occupations",NULL,NULL,"2026-04-10 16:41:27.982794+00","int","B24010","acs",NULL,NULL,NULL,NULL
"995","B24010_220","CENSUS_ACS","Estimate!!Total:!!Female:!!Service occupations:!!Protective service occupations:",NULL,NULL,"2026-04-10 16:41:27.982794+00","int","B24010","acs",NULL,NULL,NULL,NULL
"996","B24010_221","CENSUS_ACS","Estimate!!Total:!!Female:!!Service occupations:!!Protective service occupations:!!First-line supervisors of law enforcement workers",NULL,NULL,"2026-04-10 16:41:27.982794+00","int","B24010","acs",NULL,NULL,NULL,NULL
"997","B24010_222","CENSUS_ACS","Estimate!!Total!!Female!!Service occupations!!Protective service occupations!!First-line supervisors of fire fighting and prevention workers",NULL,NULL,"2026-04-10 16:41:27.982794+00","int","B24010","acs",NULL,NULL,NULL,NULL
"998","B24010_223","CENSUS_ACS","Estimate!!Total:!!Female:!!Service occupations:!!Protective service occupations:!!First-line supervisors of protective service workers, all other",NULL,NULL,"2026-04-10 16:41:27.982794+00","int","B24010","acs",NULL,NULL,NULL,NULL
"999","B24010_224","CENSUS_ACS","Estimate!!Total:!!Female:!!Service occupations:!!Protective service occupations:!!Firefighting and prevention workers",NULL,NULL,"2026-04-10 16:41:27.982794+00","int","B24010","acs",NULL,NULL,NULL,NULL
"1000","B24010_225","CENSUS_ACS","Estimate!!Total!!Female!!Service occupations!!Protective service occupations!!Law enforcement workers",NULL,NULL,"2026-04-10 16:41:27.982794+00","int","B24010","acs",NULL,NULL,NULL,NULL
"1001","B24010_226","CENSUS_ACS","Estimate!!Total:!!Female:!!Service occupations:!!Protective service occupations:!!All other protective service workers",NULL,NULL,"2026-04-10 16:41:27.982794+00","int","B24010","acs",NULL,NULL,NULL,NULL
"1002","B24010_227","CENSUS_ACS","Estimate!!Total:!!Female:!!Service occupations:!!Food preparation and serving related occupations:",NULL,NULL,"2026-04-10 16:41:27.982794+00","int","B24010","acs",NULL,NULL,NULL,NULL
"1003","B24010_228","CENSUS_ACS","Estimate!!Total:!!Female:!!Service occupations:!!Food preparation and serving related occupations:!!First-line supervisors of food preparation and serving workers",NULL,NULL,"2026-04-10 16:41:27.982794+00","int","B24010","acs",NULL,NULL,NULL,NULL
"1004","B24010_229","CENSUS_ACS","Estimate!!Total:!!Female:!!Service occupations (3601:4655):!!Food preparation and serving related occupations (4000:4160):!!Cooks and food preparation workers (4020:4030)",NULL,NULL,"2026-04-10 16:41:27.982794+00","int","B24010","acs",NULL,NULL,NULL,NULL
"1005","B24010_230","CENSUS_ACS","Estimate!!Total!!Female!!Service occupations!!Food preparation and serving related occupations!!Waiters and waitresses",NULL,NULL,"2026-04-10 16:41:27.982794+00","int","B24010","acs",NULL,NULL,NULL,NULL
"1006","B24010_231","CENSUS_ACS","Estimate!!Total:!!Female:!!Service occupations:!!Food preparation and serving related occupations:!!Food and beverage serving workers except waiters/waitresses",NULL,NULL,"2026-04-10 16:41:27.982794+00","int","B24010","acs",NULL,NULL,NULL,NULL
"1007","B24010_232","CENSUS_ACS","Estimate!!Total!!Female!!Service occupations!!Food preparation and serving related occupations!!Other food preparation and serving related workers",NULL,NULL,"2026-04-10 16:41:27.982794+00","int","B24010","acs",NULL,NULL,NULL,NULL
"1008","B24010_233","CENSUS_ACS","Estimate!!Total:!!Female:!!Service occupations:!!Building and grounds cleaning and maintenance occupations:",NULL,NULL,"2026-04-10 16:41:27.982794+00","int","B24010","acs",NULL,NULL,NULL,NULL
"1009","B24010_234","CENSUS_ACS","Estimate!!Total!!Female!!Service occupations!!Building and grounds cleaning and maintenance occupations!!First-line supervisors of housekeeping and janitorial workers",NULL,NULL,"2026-04-10 16:41:27.982794+00","int","B24010","acs",NULL,NULL,NULL,NULL
"1010","B24010_235","CENSUS_ACS","Estimate!!Total:!!Female:!!Service occupations:!!Building and grounds cleaning and maintenance occupations:!!First-line supervisors of landscaping, lawn service, and groundskeeping workers",NULL,NULL,"2026-04-10 16:41:27.982794+00","int","B24010","acs",NULL,NULL,NULL,NULL
"1011","B24010_236","CENSUS_ACS","Estimate!!Total:!!Female:!!Service occupations (3601:4655):!!Building and grounds cleaning and maintenance occupations (4200:4255):!!Building cleaning and pest control workers (4220:4240)",NULL,NULL,"2026-04-10 16:41:27.982794+00","int","B24010","acs",NULL,NULL,NULL,NULL
"1012","B24010_237","CENSUS_ACS","Estimate!!Total:!!Female:!!Service occupations:!!Building and grounds cleaning and maintenance occupations:!!Grounds maintenance workers",NULL,NULL,"2026-04-10 16:41:27.982794+00","int","B24010","acs",NULL,NULL,NULL,NULL
"1013","B24010_238","CENSUS_ACS","Estimate!!Total:!!Female:!!Service occupations:!!Personal care and service occupations:",NULL,NULL,"2026-04-10 16:41:27.982794+00","int","B24010","acs",NULL,NULL,NULL,NULL
"1014","B24010_239","CENSUS_ACS","Estimate!!Total!!Female!!Service occupations!!Personal care and service occupations!!First-line supervisors of personal care and service workers",NULL,NULL,"2026-04-10 16:41:27.982794+00","int","B24010","acs",NULL,NULL,NULL,NULL
"1015","B24010_240","CENSUS_ACS","Estimate!!Total:!!Female:!!Service occupations:!!Personal care and service occupations:!!Personal appearance workers",NULL,NULL,"2026-04-10 16:41:27.982794+00","int","B24010","acs",NULL,NULL,NULL,NULL
"1016","B24010_241","CENSUS_ACS","Estimate!!Total!!Female!!Service occupations!!Personal care and service occupations!!Baggage porters and concierges, and tour and travel guides",NULL,NULL,"2026-04-10 16:41:27.982794+00","int","B24010","acs",NULL,NULL,NULL,NULL
"1017","B24010_242","CENSUS_ACS","Estimate!!Total:!!Female:!!Service occupations:!!Personal care and service occupations:!!Child care workers",NULL,NULL,"2026-04-10 16:41:27.982794+00","int","B24010","acs",NULL,NULL,NULL,NULL
"1018","B24010_243","CENSUS_ACS","Estimate!!Total:!!Female:!!Service occupations:!!Personal care and service occupations:!!Other personal care and service workers except personal appearance, baggage porters, concierges, and child care workers",NULL,NULL,"2026-04-10 16:41:27.982794+00","int","B24010","acs",NULL,NULL,NULL,NULL
"1019","B24010_244","CENSUS_ACS","Estimate!!Total!!Female!!Sales and office occupations",NULL,NULL,"2026-04-10 16:41:27.982794+00","int","B24010","acs",NULL,NULL,NULL,NULL
"1020","B24010_245","CENSUS_ACS","Estimate!!Total:!!Female:!!Sales and office occupations (4700:5940):!!Sales and related occupations (4700:4965):",NULL,NULL,"2026-04-10 16:41:27.982794+00","int","B24010","acs",NULL,NULL,NULL,NULL
"1021","B24010_246","CENSUS_ACS","Estimate!!Total:!!Female:!!Sales and office occupations:!!Sales and related occupations:!!First-line supervisors of retail sales workers",NULL,NULL,"2026-04-10 16:41:27.982794+00","int","B24010","acs",NULL,NULL,NULL,NULL
"1022","B24010_247","CENSUS_ACS","Estimate!!Total!!Female!!Sales and office occupations!!Sales and related occupations!!First-line supervisors of non-retail sales workers",NULL,NULL,"2026-04-10 16:41:27.982794+00","int","B24010","acs",NULL,NULL,NULL,NULL
"1023","B24010_248","CENSUS_ACS","Estimate!!Total:!!Female:!!Sales and office occupations:!!Sales and related occupations:!!Cashiers",NULL,NULL,"2026-04-10 16:41:27.982794+00","int","B24010","acs",NULL,NULL,NULL,NULL
"1024","B24010_249","CENSUS_ACS","Estimate!!Total:!!Female:!!Sales and office occupations (4700:5940):!!Sales and related occupations (4700:4965):!!Retail sales workers except cashiers (4740:4760)",NULL,NULL,"2026-04-10 16:41:27.982794+00","int","B24010","acs",NULL,NULL,NULL,NULL
"1025","B24010_250","CENSUS_ACS","Estimate!!Total:!!Female:!!Sales and office occupations:!!Sales and related occupations:!!Sales representatives, services",NULL,NULL,"2026-04-10 16:41:27.982794+00","int","B24010","acs",NULL,NULL,NULL,NULL
"1026","B24010_251","CENSUS_ACS","Estimate!!Total!!Female!!Sales and office occupations!!Sales and related occupations!!Sales representatives, wholesale and manufacturing",NULL,NULL,"2026-04-10 16:41:27.982794+00","int","B24010","acs",NULL,NULL,NULL,NULL
"1027","B24010_252","CENSUS_ACS","Estimate!!Total!!Female!!Sales and office occupations!!Sales and related occupations!!Other sales and related workers",NULL,NULL,"2026-04-10 16:41:27.982794+00","int","B24010","acs",NULL,NULL,NULL,NULL
"1028","B24010_253","CENSUS_ACS","Estimate!!Total:!!Female:!!Sales and office occupations (4700:5940):!!Office and administrative support occupations (5000:5940):",NULL,NULL,"2026-04-10 16:41:27.982794+00","int","B24010","acs",NULL,NULL,NULL,NULL
"1029","B24010_254","CENSUS_ACS","Estimate!!Total!!Female!!Sales and office occupations!!Office and administrative support occupations!!First-line supervisors of office and administrative support workers",NULL,NULL,"2026-04-10 16:41:27.982794+00","int","B24010","acs",NULL,NULL,NULL,NULL
"1030","B24010_255","CENSUS_ACS","Estimate!!Total:!!Female:!!Sales and office occupations:!!Office and administrative support occupations:!!Communications equipment operators",NULL,NULL,"2026-04-10 16:41:27.982794+00","int","B24010","acs",NULL,NULL,NULL,NULL
"1031","B24010_256","CENSUS_ACS","Estimate!!Total!!Female!!Sales and office occupations!!Office and administrative support occupations!!Financial clerks except bookkeeping, accounting, and auditing clerks",NULL,NULL,"2026-04-10 16:41:27.982794+00","int","B24010","acs",NULL,NULL,NULL,NULL
"1032","B24010_257","CENSUS_ACS","Estimate!!Total!!Female!!Sales and office occupations!!Office and administrative support occupations!!Bookkeeping, accounting, and auditing clerks",NULL,NULL,"2026-04-10 16:41:27.982794+00","int","B24010","acs",NULL,NULL,NULL,NULL
"1033","B24010_258","CENSUS_ACS","Estimate!!Total:!!Female:!!Sales and office occupations (4700:5940):!!Office and administrative support occupations (5000:5940):!!Information and record clerks except customer service representatives (5200:5230,5250:5420)",NULL,NULL,"2026-04-10 16:41:27.982794+00","int","B24010","acs",NULL,NULL,NULL,NULL
"1034","B24010_259","CENSUS_ACS","Estimate!!Total:!!Female:!!Sales and office occupations:!!Office and administrative support occupations:!!Customer service representatives",NULL,NULL,"2026-04-10 16:41:27.982794+00","int","B24010","acs",NULL,NULL,NULL,NULL
"1035","B24010_260","CENSUS_ACS","Estimate!!Total:!!Female:!!Sales and office occupations:!!Office and administrative support occupations:!!Material recording, scheduling, dispatching, and distributing workers",NULL,NULL,"2026-04-10 16:41:27.982794+00","int","B24010","acs",NULL,NULL,NULL,NULL
"1036","B24010_261","CENSUS_ACS","Estimate!!Total:!!Female:!!Sales and office occupations:!!Office and administrative support occupations:!!Secretaries and administrative assistants",NULL,NULL,"2026-04-10 16:41:27.982794+00","int","B24010","acs",NULL,NULL,NULL,NULL
"1037","B24010_262","CENSUS_ACS","Estimate!!Total:!!Female:!!Sales and office occupations:!!Office and administrative support occupations:!!Other office and administrative support workers",NULL,NULL,"2026-04-10 16:41:27.982794+00","int","B24010","acs",NULL,NULL,NULL,NULL
"1038","B24010_263","CENSUS_ACS","Estimate!!Total!!Female!!Natural resources, construction, and maintenance occupations",NULL,NULL,"2026-04-10 16:41:27.982794+00","int","B24010","acs",NULL,NULL,NULL,NULL
"1039","B24010_264","CENSUS_ACS","Estimate!!Total:!!Female:!!Natural resources, construction, and maintenance occupations:!!Farming, fishing, and forestry occupations:",NULL,NULL,"2026-04-10 16:41:27.982794+00","int","B24010","acs",NULL,NULL,NULL,NULL
"1040","B24010_265","CENSUS_ACS","Estimate!!Total:!!Female:!!Natural resources, construction, and maintenance occupations (6005:7640):!!Farming, fishing, and forestry occupations (6005:6130):!!First-line supervisors of farming, fishing, and forestry workers (6005)",NULL,NULL,"2026-04-10 16:41:27.982794+00","int","B24010","acs",NULL,NULL,NULL,NULL
"1041","B24010_266","CENSUS_ACS","Estimate!!Total!!Female!!Natural resources, construction, and maintenance occupations!!Farming, fishing, and forestry occupations!!Agricultural workers",NULL,NULL,"2026-04-10 16:41:27.982794+00","int","B24010","acs",NULL,NULL,NULL,NULL
"1042","B24010_267","CENSUS_ACS","Estimate!!Total:!!Female:!!Natural resources, construction, and maintenance occupations (6005:7640):!!Farming, fishing, and forestry occupations (6005:6130):!!Fishing and hunting, and forest, conservation, and logging workers (6115:6130)",NULL,NULL,"2026-04-10 16:41:27.982794+00","int","B24010","acs",NULL,NULL,NULL,NULL
"1043","B24010_268","CENSUS_ACS","Estimate!!Total:!!Female:!!Natural resources, construction, and maintenance occupations:!!Construction and extraction occupations:",NULL,NULL,"2026-04-10 16:41:27.982794+00","int","B24010","acs",NULL,NULL,NULL,NULL
"1044","B24010_269","CENSUS_ACS","Estimate!!Total:!!Female:!!Natural resources, construction, and maintenance occupations:!!Construction and extraction occupations:!!First-line supervisors of construction and extraction workers",NULL,NULL,"2026-04-10 16:41:27.982794+00","int","B24010","acs",NULL,NULL,NULL,NULL
"1045","B24010_270","CENSUS_ACS","Estimate!!Total:!!Female:!!Natural resources, construction, and maintenance occupations:!!Construction and extraction occupations:!!Carpenters",NULL,NULL,"2026-04-10 16:41:27.982794+00","int","B24010","acs",NULL,NULL,NULL,NULL
"1046","B24010_271","CENSUS_ACS","Estimate!!Total:!!Female:!!Natural resources, construction, and maintenance occupations:!!Construction and extraction occupations:!!Construction laborers",NULL,NULL,"2026-04-10 16:41:27.982794+00","int","B24010","acs",NULL,NULL,NULL,NULL
"1047","B24010_272","CENSUS_ACS","Estimate!!Total:!!Female:!!Natural resources, construction, and maintenance occupations:!!Construction and extraction occupations:!!Electricians",NULL,NULL,"2026-04-10 16:41:27.982794+00","int","B24010","acs",NULL,NULL,NULL,NULL
"1048","B24010_273","CENSUS_ACS","Estimate!!Total:!!Female:!!Natural resources, construction, and maintenance occupations:!!Construction and extraction occupations:!!Painters and paperhangers",NULL,NULL,"2026-04-10 16:41:27.982794+00","int","B24010","acs",NULL,NULL,NULL,NULL
"1049","B24010_274","CENSUS_ACS","Estimate!!Total!!Female!!Natural resources, construction, and maintenance occupations!!Construction and extraction occupations!!Pipelayers, plumbers, pipefitters, and steamfitters",NULL,NULL,"2026-04-10 16:41:27.982794+00","int","B24010","acs",NULL,NULL,NULL,NULL
"1050","B24010_275","CENSUS_ACS","Estimate!!Total:!!Female:!!Natural resources, construction, and maintenance occupations:!!Construction and extraction occupations:!!Construction trades workers except carpenters, electricians, painters, plumbers, pipelayers and construction laborers",NULL,NULL,"2026-04-10 16:41:27.982794+00","int","B24010","acs",NULL,NULL,NULL,NULL
"1051","B24010_276","CENSUS_ACS","Estimate!!Total!!Female!!Natural resources, construction, and maintenance occupations!!Construction and extraction occupations!!Other construction workers and helpers",NULL,NULL,"2026-04-10 16:41:27.982794+00","int","B24010","acs",NULL,NULL,NULL,NULL
"1052","B24010_277","CENSUS_ACS","Estimate!!Total!!Female!!Natural resources, construction, and maintenance occupations!!Construction and extraction occupations!!Extraction workers",NULL,NULL,"2026-04-10 16:41:27.982794+00","int","B24010","acs",NULL,NULL,NULL,NULL
"1053","B24010_278","CENSUS_ACS","Estimate!!Total!!Female!!Natural resources, construction, and maintenance occupations!!Installation, maintenance, and repair occupations",NULL,NULL,"2026-04-10 16:41:27.982794+00","int","B24010","acs",NULL,NULL,NULL,NULL
"1054","B24010_279","CENSUS_ACS","Estimate!!Total!!Female!!Natural resources, construction, and maintenance occupations!!Installation, maintenance, and repair occupations!!First-line supervisors of mechanics, installers, and repairers",NULL,NULL,"2026-04-10 16:41:27.982794+00","int","B24010","acs",NULL,NULL,NULL,NULL
"1055","B24010_280","CENSUS_ACS","Estimate!!Total:!!Female:!!Natural resources, construction, and maintenance occupations (6005:7640):!!Installation, maintenance, and repair occupations (7000:7640):!!Vehicle and mobile equipment mechanics, installers, and repairers (7140:7260)",NULL,NULL,"2026-04-10 16:41:27.982794+00","int","B24010","acs",NULL,NULL,NULL,NULL
"1056","B24010_281","CENSUS_ACS","Estimate!!Total:!!Female:!!Natural resources, construction, and maintenance occupations:!!Installation, maintenance, and repair occupations:!!Other installation, maintenance, and repair occupations including electrical and electronic equipment mechanics, installers, and repairers",NULL,NULL,"2026-04-10 16:41:27.982794+00","int","B24010","acs",NULL,NULL,NULL,NULL
"1057","B24010_282","CENSUS_ACS","Estimate!!Total:!!Female:!!Production, transportation, and material moving occupations:",NULL,NULL,"2026-04-10 16:41:27.982794+00","int","B24010","acs",NULL,NULL,NULL,NULL
"1058","B24010_283","CENSUS_ACS","Estimate!!Total:!!Female:!!Production, transportation, and material moving occupations (7700:9760):!!Production occupations (7700:8990):",NULL,NULL,"2026-04-10 16:41:27.982794+00","int","B24010","acs",NULL,NULL,NULL,NULL
"1059","B24010_284","CENSUS_ACS","Estimate!!Total:!!Female:!!Production, transportation, and material moving occupations:!!Production occupations:!!First-line supervisors of production and operating workers",NULL,NULL,"2026-04-10 16:41:27.982794+00","int","B24010","acs",NULL,NULL,NULL,NULL
"1060","B24010_285","CENSUS_ACS","Estimate!!Total!!Female!!Production, transportation, and material moving occupations!!Production occupations!!Assemblers and fabricators",NULL,NULL,"2026-04-10 16:41:27.982794+00","int","B24010","acs",NULL,NULL,NULL,NULL
"1061","B24010_286","CENSUS_ACS","Estimate!!Total:!!Female:!!Production, transportation, and material moving occupations:!!Production occupations:!!Food processing workers",NULL,NULL,"2026-04-10 16:41:27.982794+00","int","B24010","acs",NULL,NULL,NULL,NULL
"1062","B24010_287","CENSUS_ACS","Estimate!!Total:!!Female:!!Production, transportation, and material moving occupations (7700:9760):!!Production occupations (7700:8990):!!Metal workers, plastic workers and computer numerically controlled tool programmers and operators (7905:8225)",NULL,NULL,"2026-04-10 16:41:27.982794+00","int","B24010","acs",NULL,NULL,NULL,NULL
"1063","B24010_288","CENSUS_ACS","Estimate!!Total!!Female!!Production, transportation, and material moving occupations!!Production occupations!!Printing workers",NULL,NULL,"2026-04-10 16:41:27.982794+00","int","B24010","acs",NULL,NULL,NULL,NULL
"1064","B24010_289","CENSUS_ACS","Estimate!!Total!!Female!!Production, transportation, and material moving occupations!!Production occupations!!Textile, apparel, and furnishings workers",NULL,NULL,"2026-04-10 16:41:27.982794+00","int","B24010","acs",NULL,NULL,NULL,NULL
"1065","B24010_290","CENSUS_ACS","Estimate!!Total:!!Female:!!Production, transportation, and material moving occupations:!!Production occupations:!!Woodworkers",NULL,NULL,"2026-04-10 16:41:27.982794+00","int","B24010","acs",NULL,NULL,NULL,NULL
"1066","B24010_291","CENSUS_ACS","Estimate!!Total:!!Female:!!Production, transportation, and material moving occupations (7700:9760):!!Production occupations (7700:8990):!!Plant and system operators (8600:8630)",NULL,NULL,"2026-04-10 16:41:27.982794+00","int","B24010","acs",NULL,NULL,NULL,NULL
"1067","B24010_292","CENSUS_ACS","Estimate!!Total:!!Female:!!Production, transportation, and material moving occupations:!!Production occupations:!!Other production occupations",NULL,NULL,"2026-04-10 16:41:27.982794+00","int","B24010","acs",NULL,NULL,NULL,NULL
"1068","B24010_293","CENSUS_ACS","Estimate!!Total:!!Female:!!Production, transportation, and material moving occupations:!!Transportation occupations:",NULL,NULL,"2026-04-10 16:41:27.982794+00","int","B24010","acs",NULL,NULL,NULL,NULL
"1069","B24010_294","CENSUS_ACS","Estimate!!Total:!!Female:!!Production, transportation, and material moving occupations:!!Transportation occupations:!!Supervisors of transportation and material moving workers",NULL,NULL,"2026-04-10 16:41:27.982794+00","int","B24010","acs",NULL,NULL,NULL,NULL
"1070","B24010_295","CENSUS_ACS","Estimate!!Total!!Female!!Production, transportation, and material moving occupations!!Transportation occupations!!Air transportation workers",NULL,NULL,"2026-04-10 16:41:27.982794+00","int","B24010","acs",NULL,NULL,NULL,NULL
"1071","B24010_296","CENSUS_ACS","Estimate!!Total!!Female!!Production, transportation, and material moving occupations!!Transportation occupations!!Rail and water transportation workers",NULL,NULL,"2026-04-10 16:41:27.982794+00","int","B24010","acs",NULL,NULL,NULL,NULL
"1072","B24010_297","CENSUS_ACS","Estimate!!Total:!!Female:!!Production, transportation, and material moving occupations:!!Transportation occupations:!!Bus drivers",NULL,NULL,"2026-04-10 16:41:27.982794+00","int","B24010","acs",NULL,NULL,NULL,NULL
"1073","B24010_298","CENSUS_ACS","Estimate!!Total!!Female!!Production, transportation, and material moving occupations!!Transportation occupations!!Driver/sales workers and truck drivers",NULL,NULL,"2026-04-10 16:41:27.982794+00","int","B24010","acs",NULL,NULL,NULL,NULL
"1074","B24010_299","CENSUS_ACS","Estimate!!Total:!!Female:!!Production, transportation, and material moving occupations:!!Transportation occupations:!!Motor vehicle operators except bus and truck drivers",NULL,NULL,"2026-04-10 16:41:27.982794+00","int","B24010","acs",NULL,NULL,NULL,NULL
"1075","B24010_300","CENSUS_ACS","Estimate!!Total!!Female!!Production, transportation, and material moving occupations!!Transportation occupations!!Other transportation workers",NULL,NULL,"2026-04-10 16:41:27.982794+00","int","B24010","acs",NULL,NULL,NULL,NULL
"1076","B24010_301","CENSUS_ACS","Estimate!!Total!!Female!!Production, transportation, and material moving occupations!!Material moving occupations",NULL,NULL,"2026-04-10 16:41:27.982794+00","int","B24010","acs",NULL,NULL,NULL,NULL
"1077","B24010_302","CENSUS_ACS","Estimate!!Total:!!Female:!!Production, transportation, and material moving occupations (7700:9760):!!Material moving occupations (9510:9760):!!Laborers and material movers, hand (9610:9645)",NULL,NULL,"2026-04-10 16:41:27.982794+00","int","B24010","acs",NULL,NULL,NULL,NULL
"1078","B24010_303","CENSUS_ACS","Estimate!!Total:!!Female:!!Production, transportation, and material moving occupations (7700:9760):!!Material moving occupations (9510:9760):!!Material moving workers except supervisors and laborers and material movers, hand (9510:9600,9650:9760)",NULL,NULL,"2026-04-10 16:41:27.982794+00","int","B24010","acs",NULL,NULL,NULL,NULL
"1079","B24040_001","CENSUS_ACS","Estimate!!Total:",NULL,NULL,"2026-04-10 16:41:27.982794+00","int","B24040","acs",NULL,NULL,NULL,NULL
"1080","B24040_002","CENSUS_ACS","Estimate!!Total:!!Male:",NULL,NULL,"2026-04-10 16:41:27.982794+00","int","B24040","acs",NULL,NULL,NULL,NULL
"1081","B24040_003","CENSUS_ACS","Estimate!!Total:!!Male:!!Agriculture, forestry, fishing and hunting, and mining:",NULL,NULL,"2026-04-10 16:41:27.982794+00","int","B24040","acs",NULL,NULL,NULL,NULL
"1082","B24040_004","CENSUS_ACS","Estimate!!Total:!!Male:!!Agriculture, forestry, fishing and hunting, and mining:!!Agriculture, forestry, fishing and hunting",NULL,NULL,"2026-04-10 16:41:27.982794+00","int","B24040","acs",NULL,NULL,NULL,NULL
"1083","B24040_005","CENSUS_ACS","Estimate!!Total:!!Male:!!Agriculture, forestry, fishing and hunting, and mining:!!Mining, quarrying, and oil and gas extraction",NULL,NULL,"2026-04-10 16:41:27.982794+00","int","B24040","acs",NULL,NULL,NULL,NULL
"1084","B24040_006","CENSUS_ACS","Estimate!!Total!!Male!!Construction",NULL,NULL,"2026-04-10 16:41:27.982794+00","int","B24040","acs",NULL,NULL,NULL,NULL
"1085","B24040_007","CENSUS_ACS","Estimate!!Total!!Male!!Manufacturing",NULL,NULL,"2026-04-10 16:41:27.982794+00","int","B24040","acs",NULL,NULL,NULL,NULL
"1086","B24040_008","CENSUS_ACS","Estimate!!Total:!!Male:!!Manufacturing:!!Food",NULL,NULL,"2026-04-10 16:41:27.982794+00","int","B24040","acs",NULL,NULL,NULL,NULL
"1087","B24040_009","CENSUS_ACS","Estimate!!Total:!!Male:!!Manufacturing:!!Beverage and tobacco products",NULL,NULL,"2026-04-10 16:41:27.982794+00","int","B24040","acs",NULL,NULL,NULL,NULL
"1088","B24040_010","CENSUS_ACS","Estimate!!Total:!!Male:!!Manufacturing:!!Textile mills and textile products",NULL,NULL,"2026-04-10 16:41:27.982794+00","int","B24040","acs",NULL,NULL,NULL,NULL
"1089","B24040_011","CENSUS_ACS","Estimate!!Total:!!Male:!!Manufacturing:!!Apparel",NULL,NULL,"2026-04-10 16:41:27.982794+00","int","B24040","acs",NULL,NULL,NULL,NULL
"1090","B24040_012","CENSUS_ACS","Estimate!!Total!!Male!!Manufacturing!!Leather and allied products",NULL,NULL,"2026-04-10 16:41:27.982794+00","int","B24040","acs",NULL,NULL,NULL,NULL
"1091","B24040_013","CENSUS_ACS","Estimate!!Total:!!Male:!!Manufacturing:!!Wood products",NULL,NULL,"2026-04-10 16:41:27.982794+00","int","B24040","acs",NULL,NULL,NULL,NULL
"1092","B24040_014","CENSUS_ACS","Estimate!!Total!!Male!!Manufacturing!!Paper",NULL,NULL,"2026-04-10 16:41:27.982794+00","int","B24040","acs",NULL,NULL,NULL,NULL
"1093","B24040_015","CENSUS_ACS","Estimate!!Total!!Male!!Manufacturing!!Printing and related support activities",NULL,NULL,"2026-04-10 16:41:27.982794+00","int","B24040","acs",NULL,NULL,NULL,NULL
"1094","B24040_016","CENSUS_ACS","Estimate!!Total:!!Male:!!Manufacturing:!!Petroleum and coal products",NULL,NULL,"2026-04-10 16:41:27.982794+00","int","B24040","acs",NULL,NULL,NULL,NULL
"1095","B24040_017","CENSUS_ACS","Estimate!!Total!!Male!!Manufacturing!!Chemicals",NULL,NULL,"2026-04-10 16:41:27.982794+00","int","B24040","acs",NULL,NULL,NULL,NULL
"1096","B24040_018","CENSUS_ACS","Estimate!!Total:!!Male:!!Manufacturing (1070:3990):!!Plastics and rubber products (2370:2390)",NULL,NULL,"2026-04-10 16:41:27.982794+00","int","B24040","acs",NULL,NULL,NULL,NULL
"1097","B24040_019","CENSUS_ACS","Estimate!!Total!!Male!!Manufacturing!!Nonmetallic mineral products",NULL,NULL,"2026-04-10 16:41:27.982794+00","int","B24040","acs",NULL,NULL,NULL,NULL
"1098","B24040_020","CENSUS_ACS","Estimate!!Total!!Male!!Manufacturing!!Metal and metal products",NULL,NULL,"2026-04-10 16:41:27.982794+00","int","B24040","acs",NULL,NULL,NULL,NULL
"1099","B24040_021","CENSUS_ACS","Estimate!!Total:!!Male:!!Manufacturing (1070:3990):!!Machinery (3070:3291)",NULL,NULL,"2026-04-10 16:41:27.982794+00","int","B24040","acs",NULL,NULL,NULL,NULL
"1100","B24040_022","CENSUS_ACS","Estimate!!Total:!!Male:!!Manufacturing (1070:3990):!!Computer and electronic products (3365:3390)",NULL,NULL,"2026-04-10 16:41:27.982794+00","int","B24040","acs",NULL,NULL,NULL,NULL
"1101","B24040_023","CENSUS_ACS","Estimate!!Total:!!Male:!!Manufacturing:!!Electrical equipment, appliances, and components",NULL,NULL,"2026-04-10 16:41:27.982794+00","int","B24040","acs",NULL,NULL,NULL,NULL
"1102","B24040_024","CENSUS_ACS","Estimate!!Total!!Male!!Manufacturing!!Transportation equipment",NULL,NULL,"2026-04-10 16:41:27.982794+00","int","B24040","acs",NULL,NULL,NULL,NULL
"1103","B24040_025","CENSUS_ACS","Estimate!!Total:!!Male:!!Manufacturing:!!Furniture and related product manufacturing",NULL,NULL,"2026-04-10 16:41:27.982794+00","int","B24040","acs",NULL,NULL,NULL,NULL
"1104","B24040_026","CENSUS_ACS","Estimate!!Total:!!Male:!!Manufacturing (1070:3990):!!Miscellaneous manufacturing (3960:3990)",NULL,NULL,"2026-04-10 16:41:27.982794+00","int","B24040","acs",NULL,NULL,NULL,NULL
"1105","B24040_027","CENSUS_ACS","Estimate!!Total:!!Male:!!Wholesale trade:",NULL,NULL,"2026-04-10 16:41:27.982794+00","int","B24040","acs",NULL,NULL,NULL,NULL
"1106","B24040_028","CENSUS_ACS","Estimate!!Total!!Male!!Wholesale trade!!Motor vehicles, parts and supplies merchant wholesalers",NULL,NULL,"2026-04-10 16:41:27.982794+00","int","B24040","acs",NULL,NULL,NULL,NULL
"1107","B24040_029","CENSUS_ACS","Estimate!!Total!!Male!!Wholesale trade!!Furniture and home furnishing merchant wholesalers",NULL,NULL,"2026-04-10 16:41:27.982794+00","int","B24040","acs",NULL,NULL,NULL,NULL
"1108","B24040_030","CENSUS_ACS","Estimate!!Total!!Male!!Wholesale trade!!Lumber and other construction materials merchant wholesalers",NULL,NULL,"2026-04-10 16:41:27.982794+00","int","B24040","acs",NULL,NULL,NULL,NULL
"1109","B24040_031","CENSUS_ACS","Estimate!!Total:!!Male:!!Wholesale trade:!!Professional and commercial equipment and supplies merchant wholesalers",NULL,NULL,"2026-04-10 16:41:27.982794+00","int","B24040","acs",NULL,NULL,NULL,NULL
"1110","B24040_032","CENSUS_ACS","Estimate!!Total!!Male!!Wholesale trade!!Metals and minerals, except petroleum, merchant wholesalers",NULL,NULL,"2026-04-10 16:41:27.982794+00","int","B24040","acs",NULL,NULL,NULL,NULL
"1111","B24040_033","CENSUS_ACS","Estimate!!Total:!!Male:!!Wholesale trade:!!Household appliances and electrical and electronic goods merchant wholesalers",NULL,NULL,"2026-04-10 16:41:27.982794+00","int","B24040","acs",NULL,NULL,NULL,NULL
"1112","B24040_034","CENSUS_ACS","Estimate!!Total!!Male!!Wholesale trade!!Hardware, and plumbing and heating equipment, and supplies merchant wholesalers",NULL,NULL,"2026-04-10 16:41:27.982794+00","int","B24040","acs",NULL,NULL,NULL,NULL
"1113","B24040_035","CENSUS_ACS","Estimate!!Total:!!Male:!!Wholesale trade:!!Machinery, equipment, and supplies merchant wholesalers",NULL,NULL,"2026-04-10 16:41:27.982794+00","int","B24040","acs",NULL,NULL,NULL,NULL
"1114","B24040_036","CENSUS_ACS","Estimate!!Total!!Male!!Wholesale trade!!Recyclable material merchant wholesalers",NULL,NULL,"2026-04-10 16:41:27.982794+00","int","B24040","acs",NULL,NULL,NULL,NULL
"1115","B24040_037","CENSUS_ACS","Estimate!!Total!!Male!!Wholesale trade!!Miscellaneous durable goods merchant wholesalers",NULL,NULL,"2026-04-10 16:41:27.982794+00","int","B24040","acs",NULL,NULL,NULL,NULL
"1116","B24040_038","CENSUS_ACS","Estimate!!Total:!!Male:!!Wholesale trade (4070:4590):!!Paper and paper product merchant wholesalers (4370)",NULL,NULL,"2026-04-10 16:41:27.982794+00","int","B24040","acs",NULL,NULL,NULL,NULL
"1117","B24040_039","CENSUS_ACS","Estimate!!Total!!Male!!Wholesale trade!!Drugs and druggists' sundries, and chemical and allied products merchant wholesalers",NULL,NULL,"2026-04-10 16:41:27.982794+00","int","B24040","acs",NULL,NULL,NULL,NULL
"1118","B24040_040","CENSUS_ACS","Estimate!!Total:!!Male:!!Wholesale trade (4070:4590):!!Apparel, piece goods, and notions merchant wholesalers (4390)",NULL,NULL,"2026-04-10 16:41:27.982794+00","int","B24040","acs",NULL,NULL,NULL,NULL
"1119","B24040_041","CENSUS_ACS","Estimate!!Total!!Male!!Wholesale trade!!Grocery and related product merchant wholesalers",NULL,NULL,"2026-04-10 16:41:27.982794+00","int","B24040","acs",NULL,NULL,NULL,NULL
"1120","B24040_042","CENSUS_ACS","Estimate!!Total:!!Male:!!Wholesale trade:!!Farm product raw material merchant wholesalers",NULL,NULL,"2026-04-10 16:41:27.982794+00","int","B24040","acs",NULL,NULL,NULL,NULL
"1121","B24040_043","CENSUS_ACS","Estimate!!Total:!!Male:!!Wholesale trade (4070:4590):!!Petroleum and petroleum products merchant wholesalers (4490)",NULL,NULL,"2026-04-10 16:41:27.982794+00","int","B24040","acs",NULL,NULL,NULL,NULL
"1122","B24040_044","CENSUS_ACS","Estimate!!Total!!Male!!Wholesale trade!!Alcoholic beverage merchant wholesalers",NULL,NULL,"2026-04-10 16:41:27.982794+00","int","B24040","acs",NULL,NULL,NULL,NULL
"1123","B24040_045","CENSUS_ACS","Estimate!!Total:!!Male:!!Wholesale trade:!!Farm supplies merchant wholesalers",NULL,NULL,"2026-04-10 16:41:27.982794+00","int","B24040","acs",NULL,NULL,NULL,NULL
"1124","B24040_046","CENSUS_ACS","Estimate!!Total:!!Male:!!Wholesale trade:!!Miscellaneous nondurable goods merchant wholesalers",NULL,NULL,"2026-04-10 16:41:27.982794+00","int","B24040","acs",NULL,NULL,NULL,NULL
"1125","B24040_047","CENSUS_ACS","Estimate!!Total:!!Male:!!Wholesale trade:!!Wholesale electronic markets and agents and brokers",NULL,NULL,"2026-04-10 16:41:27.982794+00","int","B24040","acs",NULL,NULL,NULL,NULL
"1126","B24040_048","CENSUS_ACS","Estimate!!Total:!!Male:!!Retail trade:",NULL,NULL,"2026-04-10 16:41:27.982794+00","int","B24040","acs",NULL,NULL,NULL,NULL
"1127","B24040_049","CENSUS_ACS","Estimate!!Total:!!Male:!!Retail trade:!!Motor vehicle and parts dealers",NULL,NULL,"2026-04-10 16:41:27.982794+00","int","B24040","acs",NULL,NULL,NULL,NULL
"1128","B24040_050","CENSUS_ACS","Estimate!!Total!!Male!!Retail trade!!Furniture and home furnishings, and household appliance stores",NULL,NULL,"2026-04-10 16:41:27.982794+00","int","B24040","acs",NULL,NULL,NULL,NULL
"1129","B24040_051","CENSUS_ACS","Estimate!!Total!!Male!!Retail trade!!Electronics stores",NULL,NULL,"2026-04-10 16:41:27.982794+00","int","B24040","acs",NULL,NULL,NULL,NULL
"1130","B24040_052","CENSUS_ACS","Estimate!!Total!!Male!!Retail trade!!Building material and garden equipment and supplies dealers",NULL,NULL,"2026-04-10 16:41:27.982794+00","int","B24040","acs",NULL,NULL,NULL,NULL
"1131","B24040_053","CENSUS_ACS","Estimate!!Total:!!Male:!!Retail trade:!!Food and beverage stores",NULL,NULL,"2026-04-10 16:41:27.982794+00","int","B24040","acs",NULL,NULL,NULL,NULL
"1132","B24040_054","CENSUS_ACS","Estimate!!Total:!!Male:!!Retail trade:!!Pharmacies and drug stores",NULL,NULL,"2026-04-10 16:41:27.982794+00","int","B24040","acs",NULL,NULL,NULL,NULL
"1133","B24040_055","CENSUS_ACS","Estimate!!Total:!!Male:!!Retail trade:!!Health and personal care, except drug, stores",NULL,NULL,"2026-04-10 16:41:27.982794+00","int","B24040","acs",NULL,NULL,NULL,NULL
"1134","B24040_056","CENSUS_ACS","Estimate!!Total:!!Male:!!Retail trade (4670:5791)!!Gasoline stations (5090)",NULL,NULL,"2026-04-10 16:41:27.982794+00","int","B24040","acs",NULL,NULL,NULL,NULL
"1135","B24040_057","CENSUS_ACS","Estimate!!Total:!!Male:!!Retail trade:!!Clothing and accessories, including shoe, stores",NULL,NULL,"2026-04-10 16:41:27.982794+00","int","B24040","acs",NULL,NULL,NULL,NULL
"1136","B24040_058","CENSUS_ACS","Estimate!!Total!!Male!!Retail trade!!Jewelry, luggage, and leather goods stores",NULL,NULL,"2026-04-10 16:41:27.982794+00","int","B24040","acs",NULL,NULL,NULL,NULL
"1137","B24040_059","CENSUS_ACS","Estimate!!Total!!Male!!Retail trade!!Sporting goods, camera, and hobby and toy stores",NULL,NULL,"2026-04-10 16:41:27.982794+00","int","B24040","acs",NULL,NULL,NULL,NULL
"1138","B24040_060","CENSUS_ACS","Estimate!!Total:!!Male:!!Retail trade (4670:5791)!!Sewing, needlework, and piece goods retailers (5281)",NULL,NULL,"2026-04-10 16:41:27.982794+00","int","B24040","acs",NULL,NULL,NULL,NULL
"1139","B24040_061","CENSUS_ACS","Estimate!!Total!!Male!!Retail trade!!Music stores",NULL,NULL,"2026-04-10 16:41:27.982794+00","int","B24040","acs",NULL,NULL,NULL,NULL
"1140","B24040_062","CENSUS_ACS","Estimate!!Total!!Male!!Retail trade!!Book stores and news dealers",NULL,NULL,"2026-04-10 16:41:27.982794+00","int","B24040","acs",NULL,NULL,NULL,NULL
"1141","B24040_063","CENSUS_ACS","Estimate!!Total!!Male!!Retail trade!!Department and other general merchandise stores",NULL,NULL,"2026-04-10 16:41:27.982794+00","int","B24040","acs",NULL,NULL,NULL,NULL
"1142","B24040_064","CENSUS_ACS","Estimate!!Total:!!Male:!!Retail trade (4670:5791)!!Florists (5471)",NULL,NULL,"2026-04-10 16:41:27.982794+00","int","B24040","acs",NULL,NULL,NULL,NULL
"1143","B24040_065","CENSUS_ACS","Estimate!!Total:!!Male:!!Retail trade (4670:5791)!!Office supplies and stationery retailers (5481)",NULL,NULL,"2026-04-10 16:41:27.982794+00","int","B24040","acs",NULL,NULL,NULL,NULL
"1144","B24040_066","CENSUS_ACS","Estimate!!Total!!Male!!Retail trade!!Used merchandise, gift, novelty, and souvenir, and other miscellaneous stores",NULL,NULL,"2026-04-10 16:41:27.982794+00","int","B24040","acs",NULL,NULL,NULL,NULL
"1145","B24040_067","CENSUS_ACS","Estimate!!Total:!!Male:!!Retail trade:!!Electronic shopping and mail-order houses",NULL,NULL,"2026-04-10 16:41:27.982794+00","int","B24040","acs",NULL,NULL,NULL,NULL
"1146","B24040_068","CENSUS_ACS","Estimate!!Total!!Male!!Retail trade!!Vending machine operators",NULL,NULL,"2026-04-10 16:41:27.982794+00","int","B24040","acs",NULL,NULL,NULL,NULL
"1147","B24040_069","CENSUS_ACS","Estimate!!Total:!!Male:!!Retail trade:!!Fuel dealers",NULL,NULL,"2026-04-10 16:41:27.982794+00","int","B24040","acs",NULL,NULL,NULL,NULL
"1148","B24040_070","CENSUS_ACS","Estimate!!Total:!!Male:!!Retail trade:!!Other direct selling establishments",NULL,NULL,"2026-04-10 16:41:27.982794+00","int","B24040","acs",NULL,NULL,NULL,NULL
"1149","B24040_071","CENSUS_ACS","Estimate!!Total:!!Male:!!Transportation and warehousing, and utilities:",NULL,NULL,"2026-04-10 16:41:27.982794+00","int","B24040","acs",NULL,NULL,NULL,NULL
"1150","B24040_072","CENSUS_ACS","Estimate!!Total:!!Male:!!Transportation and warehousing, and utilities:!!Transportation and warehousing:",NULL,NULL,"2026-04-10 16:41:27.982794+00","int","B24040","acs",NULL,NULL,NULL,NULL
"1151","B24040_073","CENSUS_ACS","Estimate!!Total!!Male!!Transportation and warehousing, and utilities!!Transportation and warehousing!!Air transportation",NULL,NULL,"2026-04-10 16:41:27.982794+00","int","B24040","acs",NULL,NULL,NULL,NULL
"1152","B24040_074","CENSUS_ACS","Estimate!!Total!!Male!!Transportation and warehousing, and utilities!!Transportation and warehousing!!Rail transportation",NULL,NULL,"2026-04-10 16:41:27.982794+00","int","B24040","acs",NULL,NULL,NULL,NULL
"1153","B24040_075","CENSUS_ACS","Estimate!!Total:!!Male:!!Transportation and warehousing, and utilities:!!Transportation and warehousing:!!Water transportation",NULL,NULL,"2026-04-10 16:41:27.982794+00","int","B24040","acs",NULL,NULL,NULL,NULL
"1154","B24040_076","CENSUS_ACS","Estimate!!Total:!!Male:!!Transportation and warehousing, and utilities (0570:0690, 6070:6390):!!Transportation and warehousing (6070:6390):!!Other transportation, and support activities, and couriers (6180:6290, 6380)",NULL,NULL,"2026-04-10 16:41:27.982794+00","int","B24040","acs",NULL,NULL,NULL,NULL
"1155","B24040_077","CENSUS_ACS","Estimate!!Total:!!Male:!!Transportation and warehousing, and utilities:!!Transportation and warehousing:!!Postal service",NULL,NULL,"2026-04-10 16:41:27.982794+00","int","B24040","acs",NULL,NULL,NULL,NULL
"1156","B24040_078","CENSUS_ACS","Estimate!!Total:!!Male:!!Transportation and warehousing, and utilities (0570:0690, 6070:6390):!!Utilities (0570-0690)",NULL,NULL,"2026-04-10 16:41:27.982794+00","int","B24040","acs",NULL,NULL,NULL,NULL
"1157","B24040_079","CENSUS_ACS","Estimate!!Total:!!Male:!!Transportation and warehousing, and utilities:!!Transportation and warehousing:!!Warehousing and storage",NULL,NULL,"2026-04-10 16:41:27.982794+00","int","B24040","acs",NULL,NULL,NULL,NULL
"1158","B24040_080","CENSUS_ACS","Estimate!!Total:!!Male:!!Transportation and warehousing, and utilities:!!Utilities",NULL,NULL,"2026-04-10 16:41:27.982794+00","int","B24040","acs",NULL,NULL,NULL,NULL
"1159","B24040_081","CENSUS_ACS","Estimate!!Total!!Male!!Information",NULL,NULL,"2026-04-10 16:41:27.982794+00","int","B24040","acs",NULL,NULL,NULL,NULL
"1160","B24040_082","CENSUS_ACS","Estimate!!Total!!Male!!Information!!Publishing, and motion picture and sound recording industries",NULL,NULL,"2026-04-10 16:41:27.982794+00","int","B24040","acs",NULL,NULL,NULL,NULL
"1161","B24040_083","CENSUS_ACS","Estimate!!Total!!Male!!Information!!Broadcasting and telecommunications",NULL,NULL,"2026-04-10 16:41:27.982794+00","int","B24040","acs",NULL,NULL,NULL,NULL
"1162","B24040_084","CENSUS_ACS","Estimate!!Total:!!Male:!!Information:!!Data processing, libraries, and other information services",NULL,NULL,"2026-04-10 16:41:27.982794+00","int","B24040","acs",NULL,NULL,NULL,NULL
"1163","B24040_085","CENSUS_ACS","Estimate!!Total!!Male!!Finance and insurance, and real estate and rental and leasing",NULL,NULL,"2026-04-10 16:41:27.982794+00","int","B24040","acs",NULL,NULL,NULL,NULL
"1164","B24040_086","CENSUS_ACS","Estimate!!Total:!!Male:!!Finance and insurance, and real estate, and rental and leasing:!!Finance and insurance",NULL,NULL,"2026-04-10 16:41:27.982794+00","int","B24040","acs",NULL,NULL,NULL,NULL
"1165","B24040_087","CENSUS_ACS","Estimate!!Total:!!Male:!!Professional, scientific, and management, and administrative, and waste management services (7270:7790):!!Professional, scientific, and technical services (7270:7490)",NULL,NULL,"2026-04-10 16:41:27.982794+00","int","B24040","acs",NULL,NULL,NULL,NULL
"1166","B24040_088","CENSUS_ACS","Estimate!!Total!!Male!!Professional, scientific, and management, and administrative and waste management services",NULL,NULL,"2026-04-10 16:41:27.982794+00","int","B24040","acs",NULL,NULL,NULL,NULL
"1167","B24040_089","CENSUS_ACS","Estimate!!Total:!!Male:!!Professional, scientific, and management, and administrative, and waste management services:!!Professional, scientific, and technical services",NULL,NULL,"2026-04-10 16:41:27.982794+00","int","B24040","acs",NULL,NULL,NULL,NULL
"1168","B24040_090","CENSUS_ACS","Estimate!!Total!!Male!!Professional, scientific, and management, and administrative and waste management services!!Management of companies and enterprises",NULL,NULL,"2026-04-10 16:41:27.982794+00","int","B24040","acs",NULL,NULL,NULL,NULL
"1169","B24040_091","CENSUS_ACS","Estimate!!Total:!!Male:!!Professional, scientific, and management, and administrative, and waste management services:!!Administrative and support and waste management services",NULL,NULL,"2026-04-10 16:41:27.982794+00","int","B24040","acs",NULL,NULL,NULL,NULL
"1170","B24040_092","CENSUS_ACS","Estimate!!Total:!!Male:!!Educational services, and health care and social assistance:",NULL,NULL,"2026-04-10 16:41:27.982794+00","int","B24040","acs",NULL,NULL,NULL,NULL
"1171","B24040_093","CENSUS_ACS","Estimate!!Total:!!Male:!!Educational services, and health care and social assistance:!!Educational services",NULL,NULL,"2026-04-10 16:41:27.982794+00","int","B24040","acs",NULL,NULL,NULL,NULL
"1172","B24040_094","CENSUS_ACS","Estimate!!Total:!!Male:!!Educational services, and health care and social assistance (7860:8470):!!Health care and social assistance (7970:8470):!!Social assistance (8370-8470)",NULL,NULL,"2026-04-10 16:41:27.982794+00","int","B24040","acs",NULL,NULL,NULL,NULL
"1173","B24040_095","CENSUS_ACS","Estimate!!Total!!Male!!Educational services, and health care and social assistance!!Health care and social assistance!!Health care",NULL,NULL,"2026-04-10 16:41:27.982794+00","int","B24040","acs",NULL,NULL,NULL,NULL
"1174","B24040_096","CENSUS_ACS","Estimate!!Total!!Male!!Educational services, and health care and social assistance!!Health care and social assistance!!Social assistance",NULL,NULL,"2026-04-10 16:41:27.982794+00","int","B24040","acs",NULL,NULL,NULL,NULL
"1175","B24040_097","CENSUS_ACS","Estimate!!Total:!!Male:!!Arts, entertainment, and recreation, and accommodation and food services:",NULL,NULL,"2026-04-10 16:41:27.982794+00","int","B24040","acs",NULL,NULL,NULL,NULL
"1176","B24040_098","CENSUS_ACS","Estimate!!Total:!!Male:!!Other services, except public administration (8770:9290):",NULL,NULL,"2026-04-10 16:41:27.982794+00","int","B24040","acs",NULL,NULL,NULL,NULL
"1177","B24040_099","CENSUS_ACS","Estimate!!Total:!!Male:!!Arts, entertainment, and recreation, and accommodation and food services:!!Accommodation and food services",NULL,NULL,"2026-04-10 16:41:27.982794+00","int","B24040","acs",NULL,NULL,NULL,NULL
"1178","B24040_100","CENSUS_ACS","Estimate!!Total!!Male!!Other services, except public administration",NULL,NULL,"2026-04-10 16:41:27.982794+00","int","B24040","acs",NULL,NULL,NULL,NULL
"1179","B24040_101","CENSUS_ACS","Estimate!!Total:!!Male:!!Other services, except public administration:!!Repair and maintenance",NULL,NULL,"2026-04-10 16:41:27.982794+00","int","B24040","acs",NULL,NULL,NULL,NULL
"1180","B24040_102","CENSUS_ACS","Estimate!!Total:!!Male:!!Other services, except public administration (8770:9290):!!Private households (9290)",NULL,NULL,"2026-04-10 16:41:27.982794+00","int","B24040","acs",NULL,NULL,NULL,NULL
"1181","B24040_103","CENSUS_ACS","Estimate!!Total!!Male!!Other services, except public administration!!Religious, grantmaking, civic, professional, and similar organizations",NULL,NULL,"2026-04-10 16:41:27.982794+00","int","B24040","acs",NULL,NULL,NULL,NULL
"1182","B24040_104","CENSUS_ACS","Estimate!!Total!!Male!!Other services, except public administration!!Religious, grantmaking, civic, professional, and similar organizations",NULL,NULL,"2026-04-10 16:41:27.982794+00","int","B24040","acs",NULL,NULL,NULL,NULL
"1183","B24040_105","CENSUS_ACS","Estimate!!Total!!Male!!Other services, except public administration!!Private households",NULL,NULL,"2026-04-10 16:41:27.982794+00","int","B24040","acs",NULL,NULL,NULL,NULL
"1184","B24040_106","CENSUS_ACS","Estimate!!Total!!Female",NULL,NULL,"2026-04-10 16:41:27.982794+00","int","B24040","acs",NULL,NULL,NULL,NULL
"1185","B24040_107","CENSUS_ACS","Estimate!!Total!!Female!!Agriculture, forestry, fishing and hunting, and mining",NULL,NULL,"2026-04-10 16:41:27.982794+00","int","B24040","acs",NULL,NULL,NULL,NULL
"1186","B24040_108","CENSUS_ACS","Estimate!!Total:!!Female:!!Agriculture, forestry, fishing and hunting, and mining:!!Agriculture, forestry, fishing and hunting",NULL,NULL,"2026-04-10 16:41:27.982794+00","int","B24040","acs",NULL,NULL,NULL,NULL
"1187","B24040_109","CENSUS_ACS","Estimate!!Total:!!Female:!!Manufacturing (1070:3990):",NULL,NULL,"2026-04-10 16:41:27.982794+00","int","B24040","acs",NULL,NULL,NULL,NULL
"1188","B24040_110","CENSUS_ACS","Estimate!!Total:!!Female:!!Construction",NULL,NULL,"2026-04-10 16:41:27.982794+00","int","B24040","acs",NULL,NULL,NULL,NULL
"1189","B24040_111","CENSUS_ACS","Estimate!!Total:!!Female:!!Manufacturing:",NULL,NULL,"2026-04-10 16:41:27.982794+00","int","B24040","acs",NULL,NULL,NULL,NULL
"1190","B24040_112","CENSUS_ACS","Estimate!!Total!!Female!!Manufacturing!!Food",NULL,NULL,"2026-04-10 16:41:27.982794+00","int","B24040","acs",NULL,NULL,NULL,NULL
"1191","B24040_113","CENSUS_ACS","Estimate!!Total:!!Female:!!Manufacturing:!!Beverage and tobacco products",NULL,NULL,"2026-04-10 16:41:27.982794+00","int","B24040","acs",NULL,NULL,NULL,NULL
"1192","B24040_114","CENSUS_ACS","Estimate!!Total:!!Female:!!Manufacturing:!!Textile mills and textile products",NULL,NULL,"2026-04-10 16:41:27.982794+00","int","B24040","acs",NULL,NULL,NULL,NULL
"1193","B24040_115","CENSUS_ACS","Estimate!!Total:!!Female:!!Manufacturing:!!Apparel",NULL,NULL,"2026-04-10 16:41:27.982794+00","int","B24040","acs",NULL,NULL,NULL,NULL
"1194","B24040_116","CENSUS_ACS","Estimate!!Total:!!Female:!!Manufacturing (1070:3990):!!Paper (1870:1890)",NULL,NULL,"2026-04-10 16:41:27.982794+00","int","B24040","acs",NULL,NULL,NULL,NULL
"1195","B24040_117","CENSUS_ACS","Estimate!!Total!!Female!!Manufacturing!!Wood products",NULL,NULL,"2026-04-10 16:41:27.982794+00","int","B24040","acs",NULL,NULL,NULL,NULL
"1196","B24040_118","CENSUS_ACS","Estimate!!Total:!!Female:!!Manufacturing:!!Paper",NULL,NULL,"2026-04-10 16:41:27.982794+00","int","B24040","acs",NULL,NULL,NULL,NULL
"1197","B24040_119","CENSUS_ACS","Estimate!!Total:!!Female:!!Manufacturing:!!Printing and related support activities",NULL,NULL,"2026-04-10 16:41:27.982794+00","int","B24040","acs",NULL,NULL,NULL,NULL
"1198","B24040_120","CENSUS_ACS","Estimate!!Total!!Female!!Manufacturing!!Petroleum and coal products",NULL,NULL,"2026-04-10 16:41:27.982794+00","int","B24040","acs",NULL,NULL,NULL,NULL
"1199","B24040_121","CENSUS_ACS","Estimate!!Total:!!Female:!!Manufacturing:!!Chemicals",NULL,NULL,"2026-04-10 16:41:27.982794+00","int","B24040","acs",NULL,NULL,NULL,NULL
"1200","B24040_122","CENSUS_ACS","Estimate!!Total:!!Female:!!Manufacturing:!!Plastics and rubber products",NULL,NULL,"2026-04-10 16:41:27.982794+00","int","B24040","acs",NULL,NULL,NULL,NULL
"1201","B24040_123","CENSUS_ACS","Estimate!!Total:!!Female:!!Manufacturing:!!Nonmetallic mineral products",NULL,NULL,"2026-04-10 16:41:27.982794+00","int","B24040","acs",NULL,NULL,NULL,NULL
"1202","B24040_124","CENSUS_ACS","Estimate!!Total:!!Female:!!Manufacturing:!!Metal and metal products",NULL,NULL,"2026-04-10 16:41:27.982794+00","int","B24040","acs",NULL,NULL,NULL,NULL
"1203","B24040_125","CENSUS_ACS","Estimate!!Total!!Female!!Manufacturing!!Machinery",NULL,NULL,"2026-04-10 16:41:27.982794+00","int","B24040","acs",NULL,NULL,NULL,NULL
"1204","B24040_126","CENSUS_ACS","Estimate!!Total!!Female!!Manufacturing!!Computer and electronic products",NULL,NULL,"2026-04-10 16:41:27.982794+00","int","B24040","acs",NULL,NULL,NULL,NULL
"1205","B24040_127","CENSUS_ACS","Estimate!!Total!!Female!!Manufacturing!!Computer and electronic products",NULL,NULL,"2026-04-10 16:41:27.982794+00","int","B24040","acs",NULL,NULL,NULL,NULL
"1206","B24040_128","CENSUS_ACS","Estimate!!Total!!Female!!Manufacturing!!Transportation equipment",NULL,NULL,"2026-04-10 16:41:27.982794+00","int","B24040","acs",NULL,NULL,NULL,NULL
"1207","B24040_129","CENSUS_ACS","Estimate!!Total!!Female!!Manufacturing!!Furniture and related product manufacturing",NULL,NULL,"2026-04-10 16:41:27.982794+00","int","B24040","acs",NULL,NULL,NULL,NULL
"1208","B24040_130","CENSUS_ACS","Estimate!!Total:!!Female:!!Manufacturing:!!Miscellaneous manufacturing",NULL,NULL,"2026-04-10 16:41:27.982794+00","int","B24040","acs",NULL,NULL,NULL,NULL
"1209","B24040_131","CENSUS_ACS","Estimate!!Total:!!Female:!!Wholesale trade (4070:4590):!!Furniture and home furnishing merchant wholesalers (4080)",NULL,NULL,"2026-04-10 16:41:27.982794+00","int","B24040","acs",NULL,NULL,NULL,NULL
"1210","B24040_132","CENSUS_ACS","Estimate!!Total:!!Female:!!Wholesale trade (4070:4590):!!Lumber and other construction materials merchant wholesalers (4090)",NULL,NULL,"2026-04-10 16:41:27.982794+00","int","B24040","acs",NULL,NULL,NULL,NULL
"1211","B24040_133","CENSUS_ACS","Estimate!!Total:!!Female:!!Wholesale trade:!!Furniture and home furnishing merchant wholesalers",NULL,NULL,"2026-04-10 16:41:27.982794+00","int","B24040","acs",NULL,NULL,NULL,NULL
"1212","B24040_134","CENSUS_ACS","Estimate!!Total!!Female!!Wholesale trade!!Lumber and other construction materials merchant wholesalers",NULL,NULL,"2026-04-10 16:41:27.982794+00","int","B24040","acs",NULL,NULL,NULL,NULL
"1213","B24040_135","CENSUS_ACS","Estimate!!Total:!!Female:!!Wholesale trade:!!Professional and commercial equipment and supplies merchant wholesalers",NULL,NULL,"2026-04-10 16:41:27.982794+00","int","B24040","acs",NULL,NULL,NULL,NULL
"1214","B24040_136","CENSUS_ACS","Estimate!!Total:!!Female:!!Wholesale trade (4070:4590):!!Hardware, and plumbing and heating equipment, and supplies merchant wholesalers (4265)",NULL,NULL,"2026-04-10 16:41:27.982794+00","int","B24040","acs",NULL,NULL,NULL,NULL
"1215","B24040_137","CENSUS_ACS","Estimate!!Total:!!Female:!!Wholesale trade:!!Household appliances and electrical and electronic goods merchant wholesalers",NULL,NULL,"2026-04-10 16:41:27.982794+00","int","B24040","acs",NULL,NULL,NULL,NULL
"1216","B24040_138","CENSUS_ACS","Estimate!!Total!!Female!!Wholesale trade!!Hardware, and plumbing and heating equipment, and supplies merchant wholesalers",NULL,NULL,"2026-04-10 16:41:27.982794+00","int","B24040","acs",NULL,NULL,NULL,NULL
"1217","B24040_139","CENSUS_ACS","Estimate!!Total!!Female!!Wholesale trade!!Machinery, equipment, and supplies merchant wholesalers",NULL,NULL,"2026-04-10 16:41:27.982794+00","int","B24040","acs",NULL,NULL,NULL,NULL
"1218","B24040_140","CENSUS_ACS","Estimate!!Total:!!Female:!!Wholesale trade (4070:4590):!!Paper and paper product merchant wholesalers (4370)",NULL,NULL,"2026-04-10 16:41:27.982794+00","int","B24040","acs",NULL,NULL,NULL,NULL
"1219","B24040_141","CENSUS_ACS","Estimate!!Total:!!Female:!!Wholesale trade:!!Miscellaneous durable goods merchant wholesalers",NULL,NULL,"2026-04-10 16:41:27.982794+00","int","B24040","acs",NULL,NULL,NULL,NULL
"1220","B24040_142","CENSUS_ACS","Estimate!!Total!!Female!!Wholesale trade!!Paper and paper products merchant wholesalers",NULL,NULL,"2026-04-10 16:41:27.982794+00","int","B24040","acs",NULL,NULL,NULL,NULL
"1221","B24040_143","CENSUS_ACS","Estimate!!Total:!!Female:!!Wholesale trade:!!Drugs, sundries, and chemical and allied products merchant wholesalers",NULL,NULL,"2026-04-10 16:41:27.982794+00","int","B24040","acs",NULL,NULL,NULL,NULL
"1222","B24040_144","CENSUS_ACS","Estimate!!Total!!Female!!Wholesale trade!!Apparel, piece goods, and notions merchant wholesalers",NULL,NULL,"2026-04-10 16:41:27.982794+00","int","B24040","acs",NULL,NULL,NULL,NULL
"1223","B24040_145","CENSUS_ACS","Estimate!!Total:!!Female:!!Wholesale trade:!!Grocery and related product merchant wholesalers",NULL,NULL,"2026-04-10 16:41:27.982794+00","int","B24040","acs",NULL,NULL,NULL,NULL
"1224","B24040_146","CENSUS_ACS","Estimate!!Total!!Female!!Wholesale trade!!Grocery and related product merchant wholesalers",NULL,NULL,"2026-04-10 16:41:27.982794+00","int","B24040","acs",NULL,NULL,NULL,NULL
"1225","B24040_147","CENSUS_ACS","Estimate!!Total!!Female!!Wholesale trade!!Petroleum and petroleum products merchant wholesalers",NULL,NULL,"2026-04-10 16:41:27.982794+00","int","B24040","acs",NULL,NULL,NULL,NULL
"1226","B24040_148","CENSUS_ACS","Estimate!!Total:!!Female:!!Wholesale trade:!!Alcoholic beverages merchant wholesalers",NULL,NULL,"2026-04-10 16:41:27.982794+00","int","B24040","acs",NULL,NULL,NULL,NULL
"1227","B24040_149","CENSUS_ACS","Estimate!!Total!!Female!!Wholesale trade!!Alcoholic beverage merchant wholesalers",NULL,NULL,"2026-04-10 16:41:27.982794+00","int","B24040","acs",NULL,NULL,NULL,NULL
"1228","B24040_150","CENSUS_ACS","Estimate!!Total!!Female!!Wholesale trade!!Miscellaneous nondurable goods merchant wholesalers",NULL,NULL,"2026-04-10 16:41:27.982794+00","int","B24040","acs",NULL,NULL,NULL,NULL
"1229","B24040_151","CENSUS_ACS","Estimate!!Total!!Female!!Wholesale trade!!Wholesale electronic markets and agents and brokers",NULL,NULL,"2026-04-10 16:41:27.982794+00","int","B24040","acs",NULL,NULL,NULL,NULL
"1230","B24040_152","CENSUS_ACS","Estimate!!Total:!!Female:!!Retail trade (4670:5791)!!Furniture and home furnishings retailers  (4771)",NULL,NULL,"2026-04-10 16:41:27.982794+00","int","B24040","acs",NULL,NULL,NULL,NULL
"1231","B24040_153","CENSUS_ACS","Estimate!!Total:!!Female:!!Retail trade (4670:5791)!!Electronics and appliance retailers (4796)",NULL,NULL,"2026-04-10 16:41:27.982794+00","int","B24040","acs",NULL,NULL,NULL,NULL
"1232","B24040_154","CENSUS_ACS","Estimate!!Total:!!Female:!!Retail trade (4670:5791)!!Building material, hardware, and garden equipment and supplies retailers (4871:4891)",NULL,NULL,"2026-04-10 16:41:27.982794+00","int","B24040","acs",NULL,NULL,NULL,NULL
"1233","B24040_155","CENSUS_ACS","Estimate!!Total:!!Female:!!Retail trade:!!Electronics stores",NULL,NULL,"2026-04-10 16:41:27.982794+00","int","B24040","acs",NULL,NULL,NULL,NULL
"1234","B24040_156","CENSUS_ACS","Estimate!!Total:!!Female:!!Retail trade:!!Building material and garden equipment and supplies dealers",NULL,NULL,"2026-04-10 16:41:27.982794+00","int","B24040","acs",NULL,NULL,NULL,NULL
"1235","B24040_157","CENSUS_ACS","Estimate!!Total:!!Female:!!Retail trade:!!Food and beverage stores",NULL,NULL,"2026-04-10 16:41:27.982794+00","int","B24040","acs",NULL,NULL,NULL,NULL
"1236","B24040_158","CENSUS_ACS","Estimate!!Total!!Female!!Retail trade!!Food and beverage stores",NULL,NULL,"2026-04-10 16:41:27.982794+00","int","B24040","acs",NULL,NULL,NULL,NULL
"1237","B24040_159","CENSUS_ACS","Estimate!!Total:!!Female:!!Retail trade:!!Health and personal care, except drug, stores",NULL,NULL,"2026-04-10 16:41:27.982794+00","int","B24040","acs",NULL,NULL,NULL,NULL
"1238","B24040_160","CENSUS_ACS","Estimate!!Total:!!Female:!!Retail trade:!!Gasoline stations",NULL,NULL,"2026-04-10 16:41:27.982794+00","int","B24040","acs",NULL,NULL,NULL,NULL
"1239","B24040_161","CENSUS_ACS","Estimate!!Total!!Female!!Retail trade!!Clothing and accessories, including shoe, stores",NULL,NULL,"2026-04-10 16:41:27.982794+00","int","B24040","acs",NULL,NULL,NULL,NULL
"1240","B24040_162","CENSUS_ACS","Estimate!!Total:!!Female:!!Retail trade:!!Jewelry, luggage, and leather goods stores",NULL,NULL,"2026-04-10 16:41:27.982794+00","int","B24040","acs",NULL,NULL,NULL,NULL
"1241","B24040_163","CENSUS_ACS","Estimate!!Total:!!Female:!!Retail trade:!!Sporting goods, and hobby and toy stores",NULL,NULL,"2026-04-10 16:41:27.982794+00","int","B24040","acs",NULL,NULL,NULL,NULL
"1242","B24040_164","CENSUS_ACS","Estimate!!Total!!Female!!Retail trade!!Sewing, needlework, and piece goods stores",NULL,NULL,"2026-04-10 16:41:27.982794+00","int","B24040","acs",NULL,NULL,NULL,NULL
"1243","B24040_165","CENSUS_ACS","Estimate!!Total:!!Female:!!Retail trade:!!Musical instrument and supplies stores",NULL,NULL,"2026-04-10 16:41:27.982794+00","int","B24040","acs",NULL,NULL,NULL,NULL
"1244","B24040_166","CENSUS_ACS","Estimate!!Total!!Female!!Retail trade!!Book stores and news dealers",NULL,NULL,"2026-04-10 16:41:27.982794+00","int","B24040","acs",NULL,NULL,NULL,NULL
"1245","B24040_167","CENSUS_ACS","Estimate!!Total:!!Female:!!Retail trade:!!Department and other general merchandise stores",NULL,NULL,"2026-04-10 16:41:27.982794+00","int","B24040","acs",NULL,NULL,NULL,NULL
"1246","B24040_168","CENSUS_ACS","Estimate!!Total:!!Female:!!Retail trade:!!Florists",NULL,NULL,"2026-04-10 16:41:27.982794+00","int","B24040","acs",NULL,NULL,NULL,NULL
"1247","B24040_169","CENSUS_ACS","Estimate!!Total!!Female!!Retail trade!!Office supplies and stationery stores",NULL,NULL,"2026-04-10 16:41:27.982794+00","int","B24040","acs",NULL,NULL,NULL,NULL
"1248","B24040_170","CENSUS_ACS","Estimate!!Total:!!Female:!!Retail trade (4670:5791)!!Not specified retail trade (5791)",NULL,NULL,"2026-04-10 16:41:27.982794+00","int","B24040","acs",NULL,NULL,NULL,NULL
"1249","B24040_171","CENSUS_ACS","Estimate!!Total!!Female!!Retail trade!!Used merchandise, gift, novelty, and souvenir, and other miscellaneous stores",NULL,NULL,"2026-04-10 16:41:27.982794+00","int","B24040","acs",NULL,NULL,NULL,NULL
"1250","B24040_172","CENSUS_ACS","Estimate!!Total!!Female!!Retail trade!!Vending machine operators",NULL,NULL,"2026-04-10 16:41:27.982794+00","int","B24040","acs",NULL,NULL,NULL,NULL
"1251","B24040_173","CENSUS_ACS","Estimate!!Total!!Female!!Retail trade!!Fuel dealers",NULL,NULL,"2026-04-10 16:41:27.982794+00","int","B24040","acs",NULL,NULL,NULL,NULL
"1252","B24040_174","CENSUS_ACS","Estimate!!Total:!!Female:!!Transportation and warehousing, and utilities (0570:0690, 6070:6390):!!Transportation and warehousing (6070:6390):!!Rail transportation (6080)",NULL,NULL,"2026-04-10 16:41:27.982794+00","int","B24040","acs",NULL,NULL,NULL,NULL
"1253","B24040_175","CENSUS_ACS","Estimate!!Total:!!Female:!!Transportation and warehousing, and utilities (0570:0690, 6070:6390):!!Transportation and warehousing (6070:6390):!!Water transportation (6090)",NULL,NULL,"2026-04-10 16:41:27.982794+00","int","B24040","acs",NULL,NULL,NULL,NULL
"1254","B24040_176","CENSUS_ACS","Estimate!!Total!!Female!!Transportation and warehousing, and utilities!!Transportation and warehousing",NULL,NULL,"2026-04-10 16:41:27.982794+00","int","B24040","acs",NULL,NULL,NULL,NULL
"1255","B24040_177","CENSUS_ACS","Estimate!!Total:!!Female:!!Transportation and warehousing, and utilities:!!Transportation and warehousing:!!Air transportation",NULL,NULL,"2026-04-10 16:41:27.982794+00","int","B24040","acs",NULL,NULL,NULL,NULL
"1256","B24040_178","CENSUS_ACS","Estimate!!Total:!!Female:!!Transportation and warehousing, and utilities (0570:0690, 6070:6390):!!Transportation and warehousing (6070:6390):!!Other transportation, and support activities, and couriers (6180:6290, 6380)",NULL,NULL,"2026-04-10 16:41:27.982794+00","int","B24040","acs",NULL,NULL,NULL,NULL
"1257","B24040_179","CENSUS_ACS","Estimate!!Total:!!Female:!!Transportation and warehousing, and utilities:!!Transportation and warehousing:!!Water transportation",NULL,NULL,"2026-04-10 16:41:27.982794+00","int","B24040","acs",NULL,NULL,NULL,NULL
"1258","B24040_180","CENSUS_ACS","Estimate!!Total:!!Female:!!Transportation and warehousing, and utilities:!!Transportation and warehousing:!!Truck transportation",NULL,NULL,"2026-04-10 16:41:27.982794+00","int","B24040","acs",NULL,NULL,NULL,NULL
"1259","B24040_181","CENSUS_ACS","Estimate!!Total:!!Female:!!Transportation and warehousing, and utilities:!!Transportation and warehousing:!!Postal service",NULL,NULL,"2026-04-10 16:41:27.982794+00","int","B24040","acs",NULL,NULL,NULL,NULL
"1260","B24040_182","CENSUS_ACS","Estimate!!Total!!Female!!Transportation and warehousing, and utilities!!Transportation and warehousing!!Other transportation, and support activities, and couriers",NULL,NULL,"2026-04-10 16:41:27.982794+00","int","B24040","acs",NULL,NULL,NULL,NULL
"1261","B24040_183","CENSUS_ACS","Estimate!!Total!!Female!!Transportation and warehousing, and utilities!!Transportation and warehousing!!Warehousing and storage",NULL,NULL,"2026-04-10 16:41:27.982794+00","int","B24040","acs",NULL,NULL,NULL,NULL
"1262","B24040_184","CENSUS_ACS","Estimate!!Total!!Female!!Transportation and warehousing, and utilities!!Utilities",NULL,NULL,"2026-04-10 16:41:27.982794+00","int","B24040","acs",NULL,NULL,NULL,NULL
"1263","B24040_185","CENSUS_ACS","Estimate!!Total:!!Female:!!Information:",NULL,NULL,"2026-04-10 16:41:27.982794+00","int","B24040","acs",NULL,NULL,NULL,NULL
"1264","B24040_186","CENSUS_ACS","Estimate!!Total:!!Female:!!Information:!!Publishing, and motion picture and sound recording industries",NULL,NULL,"2026-04-10 16:41:27.982794+00","int","B24040","acs",NULL,NULL,NULL,NULL
"1265","B24040_187","CENSUS_ACS","Estimate!!Total:!!Female:!!Information:!!Broadcasting, internet publishing, and telecommunications services",NULL,NULL,"2026-04-10 16:41:27.982794+00","int","B24040","acs",NULL,NULL,NULL,NULL
"1266","B24040_188","CENSUS_ACS","Estimate!!Total!!Female!!Information!!Data processing, libraries, and other information services",NULL,NULL,"2026-04-10 16:41:27.982794+00","int","B24040","acs",NULL,NULL,NULL,NULL
"1267","B24040_189","CENSUS_ACS","Estimate!!Total:!!Female:!!Finance and insurance, and real estate, and rental and leasing:",NULL,NULL,"2026-04-10 16:41:27.982794+00","int","B24040","acs",NULL,NULL,NULL,NULL
"1268","B24040_190","CENSUS_ACS","Estimate!!Total:!!Female:!!Finance and insurance, and real estate, and rental and leasing:!!Finance and insurance",NULL,NULL,"2026-04-10 16:41:27.982794+00","int","B24040","acs",NULL,NULL,NULL,NULL
"1269","B24040_191","CENSUS_ACS","Estimate!!Total!!Female!!Finance and insurance, and real estate and rental and leasing!!Real estate and rental and leasing",NULL,NULL,"2026-04-10 16:41:27.982794+00","int","B24040","acs",NULL,NULL,NULL,NULL
"1270","B24040_192","CENSUS_ACS","Estimate!!Total:!!Female:!!Educational services, and health care and social assistance (7860:8470):",NULL,NULL,"2026-04-10 16:41:27.982794+00","int","B24040","acs",NULL,NULL,NULL,NULL
"1271","B24040_193","CENSUS_ACS","Estimate!!Total!!Female!!Finance and insurance, and real estate and rental and leasing!!Real estate and rental and leasing",NULL,NULL,"2026-04-10 16:41:27.982794+00","int","B24040","acs",NULL,NULL,NULL,NULL
"1272","B24040_194","CENSUS_ACS","Estimate!!Total:!!Female:!!Professional, scientific, and management, and administrative, and waste management services:!!Management of companies and enterprises",NULL,NULL,"2026-04-10 16:41:27.982794+00","int","B24040","acs",NULL,NULL,NULL,NULL
"1273","B24040_195","CENSUS_ACS","Estimate!!Total!!Female!!Professional, scientific, and management, and administrative and waste management services!!Administrative and support and waste management services",NULL,NULL,"2026-04-10 16:41:27.982794+00","int","B24040","acs",NULL,NULL,NULL,NULL
"1274","B24040_196","CENSUS_ACS","Estimate!!Total!!Female!!Professional, scientific, and management, and administrative and waste management services!!Management of companies and enterprises",NULL,NULL,"2026-04-10 16:41:27.982794+00","int","B24040","acs",NULL,NULL,NULL,NULL
"1275","B24040_197","CENSUS_ACS","Estimate!!Total:!!Female:!!Arts, entertainment, and recreation, and accommodation and food services (8561:8690):",NULL,NULL,"2026-04-10 16:41:27.982794+00","int","B24040","acs",NULL,NULL,NULL,NULL
"1276","B24040_198","CENSUS_ACS","Estimate!!Total:!!Female:!!Educational services, and health care and social assistance:!!Health care and social assistance:",NULL,NULL,"2026-04-10 16:41:27.982794+00","int","B24040","acs",NULL,NULL,NULL,NULL
"1277","B24040_199","CENSUS_ACS","Estimate!!Total:!!Female:!!Educational services, and health care and social assistance:!!Health care and social assistance:!!Health care",NULL,NULL,"2026-04-10 16:41:27.982794+00","int","B24040","acs",NULL,NULL,NULL,NULL
"1278","B24040_200","CENSUS_ACS","Estimate!!Total:!!Female:!!Educational services, and health care and social assistance:!!Health care and social assistance:!!Social assistance",NULL,NULL,"2026-04-10 16:41:27.982794+00","int","B24040","acs",NULL,NULL,NULL,NULL
"1279","B24040_201","CENSUS_ACS","Estimate!!Total:!!Female:!!Arts, entertainment, and recreation, and accommodation and food services:",NULL,NULL,"2026-04-10 16:41:27.982794+00","int","B24040","acs",NULL,NULL,NULL,NULL
"1280","B24040_202","CENSUS_ACS","Estimate!!Total!!Female!!Arts, entertainment, and recreation, and accommodation and food services!!Arts, entertainment, and recreation",NULL,NULL,"2026-04-10 16:41:27.982794+00","int","B24040","acs",NULL,NULL,NULL,NULL
"1281","B24040_203","CENSUS_ACS","Estimate!!Total:!!Female:!!Arts, entertainment, and recreation, and accommodation and food services:!!Accommodation and food services",NULL,NULL,"2026-04-10 16:41:27.982794+00","int","B24040","acs",NULL,NULL,NULL,NULL
"1282","B24040_204","CENSUS_ACS","Estimate!!Total!!Female!!Other services, except public administration",NULL,NULL,"2026-04-10 16:41:27.982794+00","int","B24040","acs",NULL,NULL,NULL,NULL
"1283","B24040_205","CENSUS_ACS","Estimate!!Total!!Female!!Other services, except public administration!!Repair and maintenance",NULL,NULL,"2026-04-10 16:41:27.982794+00","int","B24040","acs",NULL,NULL,NULL,NULL
"1284","B24040_206","CENSUS_ACS","Estimate!!Total:!!Female:!!Other services, except public administration:!!Personal and laundry services",NULL,NULL,"2026-04-10 16:41:27.982794+00","int","B24040","acs",NULL,NULL,NULL,NULL
"1285","B24040_207","CENSUS_ACS","Estimate!!Total:!!Female:!!Other services, except public administration:!!Religious, grantmaking, civic, professional, and similar organizations",NULL,NULL,"2026-04-10 16:41:27.982794+00","int","B24040","acs",NULL,NULL,NULL,NULL
"1286","B24040_208","CENSUS_ACS","Estimate!!Total!!Female!!Other services, except public administration!!Private households",NULL,NULL,"2026-04-10 16:41:27.982794+00","int","B24040","acs",NULL,NULL,NULL,NULL
"1287","B24040_209","CENSUS_ACS","Estimate!!Total:!!Female:!!Public administration",NULL,NULL,"2026-04-10 16:41:27.982794+00","int","B24040","acs",NULL,NULL,NULL,NULL
"1288","B24040_210","CENSUS_ACS","Estimate!!Total!!Female!!Other services, except public administration!!Private households",NULL,NULL,"2026-04-10 16:41:27.982794+00","int","B24040","acs",NULL,NULL,NULL,NULL
"1289","B24040_211","CENSUS_ACS","Estimate!!Total!!Female!!Public administration",NULL,NULL,"2026-04-10 16:41:27.982794+00","int","B24040","acs",NULL,NULL,NULL,NULL
"1290","B24114_001","CENSUS_ACS","Estimate!!Total:",NULL,NULL,"2026-04-10 16:41:27.982794+00","int","B24114","acs",NULL,NULL,NULL,NULL
"1291","B24114_002","CENSUS_ACS","Estimate!!Total:!!Chief executives",NULL,NULL,"2026-04-10 16:41:27.982794+00","int","B24114","acs",NULL,NULL,NULL,NULL
"1292","B24114_003","CENSUS_ACS","Estimate!!Total:!!General and operations managers",NULL,NULL,"2026-04-10 16:41:27.982794+00","int","B24114","acs",NULL,NULL,NULL,NULL
"1293","B24114_004","CENSUS_ACS","Estimate!!Total:!!Legislators",NULL,NULL,"2026-04-10 16:41:27.982794+00","int","B24114","acs",NULL,NULL,NULL,NULL
"1294","B24114_005","CENSUS_ACS","Estimate!!Total!!Advertising and promotions managers",NULL,NULL,"2026-04-10 16:41:27.982794+00","int","B24114","acs",NULL,NULL,NULL,NULL
"1295","B24114_006","CENSUS_ACS","Estimate!!Total:!!Marketing managers",NULL,NULL,"2026-04-10 16:41:27.982794+00","int","B24114","acs",NULL,NULL,NULL,NULL
"1296","B24114_007","CENSUS_ACS","Estimate!!Total:!!Sales managers",NULL,NULL,"2026-04-10 16:41:27.982794+00","int","B24114","acs",NULL,NULL,NULL,NULL
"1297","B24114_008","CENSUS_ACS","Estimate!!Total!!Public relations and fundraising managers",NULL,NULL,"2026-04-10 16:41:27.982794+00","int","B24114","acs",NULL,NULL,NULL,NULL
"1298","B24114_009","CENSUS_ACS","Estimate!!Total:!!Administrative services managers",NULL,NULL,"2026-04-10 16:41:27.982794+00","int","B24114","acs",NULL,NULL,NULL,NULL
"1299","B24114_010","CENSUS_ACS","Estimate!!Total:!!Facilities managers",NULL,NULL,"2026-04-10 16:41:27.982794+00","int","B24114","acs",NULL,NULL,NULL,NULL
"1300","B24114_011","CENSUS_ACS","Estimate!!Total:!!Computer and information systems managers",NULL,NULL,"2026-04-10 16:41:27.982794+00","int","B24114","acs",NULL,NULL,NULL,NULL
"1301","B24114_012","CENSUS_ACS","Estimate!!Total:!!Financial managers",NULL,NULL,"2026-04-10 16:41:27.982794+00","int","B24114","acs",NULL,NULL,NULL,NULL
"1302","B24114_013","CENSUS_ACS","Estimate!!Total!!Compensation and benefits managers",NULL,NULL,"2026-04-10 16:41:27.982794+00","int","B24114","acs",NULL,NULL,NULL,NULL
"1303","B24114_014","CENSUS_ACS","Estimate!!Total:!!Human resources managers",NULL,NULL,"2026-04-10 16:41:27.982794+00","int","B24114","acs",NULL,NULL,NULL,NULL
"1304","B24114_015","CENSUS_ACS","Estimate!!Total:!!Training and development managers",NULL,NULL,"2026-04-10 16:41:27.982794+00","int","B24114","acs",NULL,NULL,NULL,NULL
"1305","B24114_016","CENSUS_ACS","Estimate!!Total:!!Industrial production managers",NULL,NULL,"2026-04-10 16:41:27.982794+00","int","B24114","acs",NULL,NULL,NULL,NULL
"1306","B24114_017","CENSUS_ACS","Estimate!!Total:!!Purchasing managers",NULL,NULL,"2026-04-10 16:41:27.982794+00","int","B24114","acs",NULL,NULL,NULL,NULL
"1307","B24114_018","CENSUS_ACS","Estimate!!Total:!!Transportation, storage, and distribution managers",NULL,NULL,"2026-04-10 16:41:27.982794+00","int","B24114","acs",NULL,NULL,NULL,NULL
"1308","B24114_019","CENSUS_ACS","Estimate!!Total:!!Farmers, ranchers, and other agricultural managers",NULL,NULL,"2026-04-10 16:41:27.982794+00","int","B24114","acs",NULL,NULL,NULL,NULL
"1309","B24114_020","CENSUS_ACS","Estimate!!Total:!!Construction managers",NULL,NULL,"2026-04-10 16:41:27.982794+00","int","B24114","acs",NULL,NULL,NULL,NULL
"1310","B24114_021","CENSUS_ACS","Estimate!!Total:!!Education and childcare administrators",NULL,NULL,"2026-04-10 16:41:27.982794+00","int","B24114","acs",NULL,NULL,NULL,NULL
"1311","B24114_022","CENSUS_ACS","Estimate!!Total:!!Architectural and engineering managers",NULL,NULL,"2026-04-10 16:41:27.982794+00","int","B24114","acs",NULL,NULL,NULL,NULL
"1312","B24114_023","CENSUS_ACS","Estimate!!Total:!!Food service managers",NULL,NULL,"2026-04-10 16:41:27.982794+00","int","B24114","acs",NULL,NULL,NULL,NULL
"1313","B24114_024","CENSUS_ACS","Estimate!!Total:!!Funeral home managers",NULL,NULL,"2026-04-10 16:41:27.982794+00","int","B24114","acs",NULL,NULL,NULL,NULL
"1314","B24114_025","CENSUS_ACS","Estimate!!Total:!!Entertainment and recreation managers",NULL,NULL,"2026-04-10 16:41:27.982794+00","int","B24114","acs",NULL,NULL,NULL,NULL
"1315","B24114_026","CENSUS_ACS","Estimate!!Total:!!Lodging managers",NULL,NULL,"2026-04-10 16:41:27.982794+00","int","B24114","acs",NULL,NULL,NULL,NULL
"1316","B24114_027","CENSUS_ACS","Estimate!!Total!!Medical and health services managers",NULL,NULL,"2026-04-10 16:41:27.982794+00","int","B24114","acs",NULL,NULL,NULL,NULL
"1317","B24114_028","CENSUS_ACS","Estimate!!Total:!!Natural sciences managers",NULL,NULL,"2026-04-10 16:41:27.982794+00","int","B24114","acs",NULL,NULL,NULL,NULL
"1318","B24114_029","CENSUS_ACS","Estimate!!Total:!!Postmasters and mail superintendents",NULL,NULL,"2026-04-10 16:41:27.982794+00","int","B24114","acs",NULL,NULL,NULL,NULL
"1319","B24114_030","CENSUS_ACS","Estimate!!Total:!!Property, real estate, and community association managers",NULL,NULL,"2026-04-10 16:41:27.982794+00","int","B24114","acs",NULL,NULL,NULL,NULL
"1320","B24114_031","CENSUS_ACS","Estimate!!Total:!!Social and community service managers",NULL,NULL,"2026-04-10 16:41:27.982794+00","int","B24114","acs",NULL,NULL,NULL,NULL
"1321","B24114_032","CENSUS_ACS","Estimate!!Total:!!Emergency management directors",NULL,NULL,"2026-04-10 16:41:27.982794+00","int","B24114","acs",NULL,NULL,NULL,NULL
"1322","B24114_033","CENSUS_ACS","Estimate!!Total:!!Personal service managers, all other",NULL,NULL,"2026-04-10 16:41:27.982794+00","int","B24114","acs",NULL,NULL,NULL,NULL
"1323","B24114_034","CENSUS_ACS","Estimate!!Total!!Managers, all other",NULL,NULL,"2026-04-10 16:41:27.982794+00","int","B24114","acs",NULL,NULL,NULL,NULL
"1324","B24114_035","CENSUS_ACS","Estimate!!Total!!Agents and business managers of artists, performers, and athletes",NULL,NULL,"2026-04-10 16:41:27.982794+00","int","B24114","acs",NULL,NULL,NULL,NULL
"1325","B24114_036","CENSUS_ACS","Estimate!!Total:!!Buyers and purchasing agents, farm products",NULL,NULL,"2026-04-10 16:41:27.982794+00","int","B24114","acs",NULL,NULL,NULL,NULL
"1326","B24114_037","CENSUS_ACS","Estimate!!Total:!!Wholesale and retail buyers, except farm products",NULL,NULL,"2026-04-10 16:41:27.982794+00","int","B24114","acs",NULL,NULL,NULL,NULL
"1327","B24114_038","CENSUS_ACS","Estimate!!Total:!!Purchasing agents, except wholesale, retail, and farm products",NULL,NULL,"2026-04-10 16:41:27.982794+00","int","B24114","acs",NULL,NULL,NULL,NULL
"1328","B24114_039","CENSUS_ACS","Estimate!!Total:!!Claims adjusters, appraisers, examiners, and investigators",NULL,NULL,"2026-04-10 16:41:27.982794+00","int","B24114","acs",NULL,NULL,NULL,NULL
"1329","B24114_040","CENSUS_ACS","Estimate!!Total:!!Compliance officers",NULL,NULL,"2026-04-10 16:41:27.982794+00","int","B24114","acs",NULL,NULL,NULL,NULL
"1330","B24114_041","CENSUS_ACS","Estimate!!Total:!!Cost estimators",NULL,NULL,"2026-04-10 16:41:27.982794+00","int","B24114","acs",NULL,NULL,NULL,NULL
"1331","B24114_042","CENSUS_ACS","Estimate!!Total!!Human resources workers",NULL,NULL,"2026-04-10 16:41:27.982794+00","int","B24114","acs",NULL,NULL,NULL,NULL
"1332","B24114_043","CENSUS_ACS","Estimate!!Total:!!Compensation, benefits, and job analysis specialists",NULL,NULL,"2026-04-10 16:41:27.982794+00","int","B24114","acs",NULL,NULL,NULL,NULL
"1333","B24114_044","CENSUS_ACS","Estimate!!Total:!!Training and development specialists",NULL,NULL,"2026-04-10 16:41:27.982794+00","int","B24114","acs",NULL,NULL,NULL,NULL
"1334","B24114_045","CENSUS_ACS","Estimate!!Total:!!Logisticians",NULL,NULL,"2026-04-10 16:41:27.982794+00","int","B24114","acs",NULL,NULL,NULL,NULL
"1335","B24114_046","CENSUS_ACS","Estimate!!Total:!!Project management specialists",NULL,NULL,"2026-04-10 16:41:27.982794+00","int","B24114","acs",NULL,NULL,NULL,NULL
"1336","B24114_047","CENSUS_ACS","Estimate!!Total:!!Management analysts",NULL,NULL,"2026-04-10 16:41:27.982794+00","int","B24114","acs",NULL,NULL,NULL,NULL
"1337","B24114_048","CENSUS_ACS","Estimate!!Total:!!Meeting, convention, and event planners",NULL,NULL,"2026-04-10 16:41:27.982794+00","int","B24114","acs",NULL,NULL,NULL,NULL
"1338","B24114_049","CENSUS_ACS","Estimate!!Total!!Fundraisers",NULL,NULL,"2026-04-10 16:41:27.982794+00","int","B24114","acs",NULL,NULL,NULL,NULL
"1339","B24114_050","CENSUS_ACS","Estimate!!Total:!!Market research analysts and marketing specialists",NULL,NULL,"2026-04-10 16:41:27.982794+00","int","B24114","acs",NULL,NULL,NULL,NULL
"1340","B24114_051","CENSUS_ACS","Estimate!!Total:!!Business operations specialists, all other",NULL,NULL,"2026-04-10 16:41:27.982794+00","int","B24114","acs",NULL,NULL,NULL,NULL
"1341","B24114_052","CENSUS_ACS","Estimate!!Total:!!Accountants and auditors",NULL,NULL,"2026-04-10 16:41:27.982794+00","int","B24114","acs",NULL,NULL,NULL,NULL
"1342","B24114_053","CENSUS_ACS","Estimate!!Total:!!Property appraisers and assessors",NULL,NULL,"2026-04-10 16:41:27.982794+00","int","B24114","acs",NULL,NULL,NULL,NULL
"1343","B24114_054","CENSUS_ACS","Estimate!!Total:!!Budget analysts",NULL,NULL,"2026-04-10 16:41:27.982794+00","int","B24114","acs",NULL,NULL,NULL,NULL
"1344","B24114_055","CENSUS_ACS","Estimate!!Total:!!Credit analysts",NULL,NULL,"2026-04-10 16:41:27.982794+00","int","B24114","acs",NULL,NULL,NULL,NULL
"1345","B24114_056","CENSUS_ACS","Estimate!!Total:!!Financial and investment analysts",NULL,NULL,"2026-04-10 16:41:27.982794+00","int","B24114","acs",NULL,NULL,NULL,NULL
"1346","B24114_057","CENSUS_ACS","Estimate!!Total!!Personal financial advisors",NULL,NULL,"2026-04-10 16:41:27.982794+00","int","B24114","acs",NULL,NULL,NULL,NULL
"1347","B24114_058","CENSUS_ACS","Estimate!!Total:!!Insurance underwriters",NULL,NULL,"2026-04-10 16:41:27.982794+00","int","B24114","acs",NULL,NULL,NULL,NULL
"1348","B24114_059","CENSUS_ACS","Estimate!!Total:!!Financial examiners",NULL,NULL,"2026-04-10 16:41:27.982794+00","int","B24114","acs",NULL,NULL,NULL,NULL
"1349","B24114_060","CENSUS_ACS","Estimate!!Total:!!Credit counselors and loan officers",NULL,NULL,"2026-04-10 16:41:27.982794+00","int","B24114","acs",NULL,NULL,NULL,NULL
"1350","B24114_061","CENSUS_ACS","Estimate!!Total:!!Tax examiners and collectors, and revenue agents",NULL,NULL,"2026-04-10 16:41:27.982794+00","int","B24114","acs",NULL,NULL,NULL,NULL
"1351","B24114_062","CENSUS_ACS","Estimate!!Total:!!Tax preparers",NULL,NULL,"2026-04-10 16:41:27.982794+00","int","B24114","acs",NULL,NULL,NULL,NULL
"1352","B24114_063","CENSUS_ACS","Estimate!!Total:!!Other financial specialists",NULL,NULL,"2026-04-10 16:41:27.982794+00","int","B24114","acs",NULL,NULL,NULL,NULL
"1353","B24114_064","CENSUS_ACS","Estimate!!Total:!!Computer and information research scientists",NULL,NULL,"2026-04-10 16:41:27.982794+00","int","B24114","acs",NULL,NULL,NULL,NULL
"1354","B24114_065","CENSUS_ACS","Estimate!!Total:!!Computer systems analysts",NULL,NULL,"2026-04-10 16:41:27.982794+00","int","B24114","acs",NULL,NULL,NULL,NULL
"1355","B24114_066","CENSUS_ACS","Estimate!!Total:!!Information security analysts",NULL,NULL,"2026-04-10 16:41:27.982794+00","int","B24114","acs",NULL,NULL,NULL,NULL
"1356","B24114_067","CENSUS_ACS","Estimate!!Total:!!Computer programmers",NULL,NULL,"2026-04-10 16:41:27.982794+00","int","B24114","acs",NULL,NULL,NULL,NULL
"1357","B24114_068","CENSUS_ACS","Estimate!!Total!!Software developers",NULL,NULL,"2026-04-10 16:41:27.982794+00","int","B24114","acs",NULL,NULL,NULL,NULL
"1358","B24114_069","CENSUS_ACS","Estimate!!Total!!Software quality assurance analysts and testers",NULL,NULL,"2026-04-10 16:41:27.982794+00","int","B24114","acs",NULL,NULL,NULL,NULL
"1359","B24114_070","CENSUS_ACS","Estimate!!Total:!!Web developers",NULL,NULL,"2026-04-10 16:41:27.982794+00","int","B24114","acs",NULL,NULL,NULL,NULL
"1360","B24114_071","CENSUS_ACS","Estimate!!Total:!!Web and digital interface designers",NULL,NULL,"2026-04-10 16:41:27.982794+00","int","B24114","acs",NULL,NULL,NULL,NULL
"1361","B24114_072","CENSUS_ACS","Estimate!!Total:!!Computer support specialists",NULL,NULL,"2026-04-10 16:41:27.982794+00","int","B24114","acs",NULL,NULL,NULL,NULL
"1362","B24114_073","CENSUS_ACS","Estimate!!Total:!!Database administrators and architects",NULL,NULL,"2026-04-10 16:41:27.982794+00","int","B24114","acs",NULL,NULL,NULL,NULL
"1363","B24114_074","CENSUS_ACS","Estimate!!Total!!Network and computer systems administrators",NULL,NULL,"2026-04-10 16:41:27.982794+00","int","B24114","acs",NULL,NULL,NULL,NULL
"1364","B24114_075","CENSUS_ACS","Estimate!!Total:!!Computer network architects",NULL,NULL,"2026-04-10 16:41:27.982794+00","int","B24114","acs",NULL,NULL,NULL,NULL
"1365","B24114_076","CENSUS_ACS","Estimate!!Total:!!Computer occupations, all other",NULL,NULL,"2026-04-10 16:41:27.982794+00","int","B24114","acs",NULL,NULL,NULL,NULL
"1366","B24114_077","CENSUS_ACS","Estimate!!Total:!!Actuaries",NULL,NULL,"2026-04-10 16:41:27.982794+00","int","B24114","acs",NULL,NULL,NULL,NULL
"1367","B24114_078","CENSUS_ACS","Estimate!!Total:!!Mathematicians",NULL,NULL,"2026-04-10 16:41:27.982794+00","int","B24114","acs",NULL,NULL,NULL,NULL
"1368","B24114_079","CENSUS_ACS","Estimate!!Total:!!Operations research analysts",NULL,NULL,"2026-04-10 16:41:27.982794+00","int","B24114","acs",NULL,NULL,NULL,NULL
"1369","B24114_080","CENSUS_ACS","Estimate!!Total:!!Statisticians",NULL,NULL,"2026-04-10 16:41:27.982794+00","int","B24114","acs",NULL,NULL,NULL,NULL
"1370","B24114_081","CENSUS_ACS","Estimate!!Total!!Other mathematical science occupations",NULL,NULL,"2026-04-10 16:41:27.982794+00","int","B24114","acs",NULL,NULL,NULL,NULL
"1371","B24114_082","CENSUS_ACS","Estimate!!Total:!!Architects, except landscape and naval",NULL,NULL,"2026-04-10 16:41:27.982794+00","int","B24114","acs",NULL,NULL,NULL,NULL
"1372","B24114_083","CENSUS_ACS","Estimate!!Total:!!Landscape architects",NULL,NULL,"2026-04-10 16:41:27.982794+00","int","B24114","acs",NULL,NULL,NULL,NULL
"1373","B24114_084","CENSUS_ACS","Estimate!!Total!!Surveyors, cartographers, and photogrammetrists",NULL,NULL,"2026-04-10 16:41:27.982794+00","int","B24114","acs",NULL,NULL,NULL,NULL
"1374","B24114_085","CENSUS_ACS","Estimate!!Total:!!Aerospace engineers",NULL,NULL,"2026-04-10 16:41:27.982794+00","int","B24114","acs",NULL,NULL,NULL,NULL
"1375","B24114_086","CENSUS_ACS","Estimate!!Total:!!Agricultural engineers",NULL,NULL,"2026-04-10 16:41:27.982794+00","int","B24114","acs",NULL,NULL,NULL,NULL
"1376","B24114_087","CENSUS_ACS","Estimate!!Total:!!Bioengineers and biomedical engineers",NULL,NULL,"2026-04-10 16:41:27.982794+00","int","B24114","acs",NULL,NULL,NULL,NULL
"1377","B24114_088","CENSUS_ACS","Estimate!!Total:!!Chemical engineers",NULL,NULL,"2026-04-10 16:41:27.982794+00","int","B24114","acs",NULL,NULL,NULL,NULL
"1378","B24114_089","CENSUS_ACS","Estimate!!Total:!!Civil engineers",NULL,NULL,"2026-04-10 16:41:27.982794+00","int","B24114","acs",NULL,NULL,NULL,NULL
"1379","B24114_090","CENSUS_ACS","Estimate!!Total:!!Computer hardware engineers",NULL,NULL,"2026-04-10 16:41:27.982794+00","int","B24114","acs",NULL,NULL,NULL,NULL
"1380","B24114_091","CENSUS_ACS","Estimate!!Total:!!Electrical and electronics engineers",NULL,NULL,"2026-04-10 16:41:27.982794+00","int","B24114","acs",NULL,NULL,NULL,NULL
"1381","B24114_092","CENSUS_ACS","Estimate!!Total:!!Environmental engineers",NULL,NULL,"2026-04-10 16:41:27.982794+00","int","B24114","acs",NULL,NULL,NULL,NULL
"1382","B24114_093","CENSUS_ACS","Estimate!!Total!!Industrial engineers, including health and safety",NULL,NULL,"2026-04-10 16:41:27.982794+00","int","B24114","acs",NULL,NULL,NULL,NULL
"1383","B24114_094","CENSUS_ACS","Estimate!!Total!!Marine engineers and naval architects",NULL,NULL,"2026-04-10 16:41:27.982794+00","int","B24114","acs",NULL,NULL,NULL,NULL
"1384","B24114_095","CENSUS_ACS","Estimate!!Total:!!Materials engineers",NULL,NULL,"2026-04-10 16:41:27.982794+00","int","B24114","acs",NULL,NULL,NULL,NULL
"1385","B24114_096","CENSUS_ACS","Estimate!!Total:!!Mechanical engineers",NULL,NULL,"2026-04-10 16:41:27.982794+00","int","B24114","acs",NULL,NULL,NULL,NULL
"1386","B24114_097","CENSUS_ACS","Estimate!!Total:!!Mining and geological engineers, including mining safety engineers",NULL,NULL,"2026-04-10 16:41:27.982794+00","int","B24114","acs",NULL,NULL,NULL,NULL
"1387","B24114_098","CENSUS_ACS","Estimate!!Total:!!Nuclear engineers",NULL,NULL,"2026-04-10 16:41:27.982794+00","int","B24114","acs",NULL,NULL,NULL,NULL
"1388","B24114_099","CENSUS_ACS","Estimate!!Total:!!Petroleum engineers",NULL,NULL,"2026-04-10 16:41:27.982794+00","int","B24114","acs",NULL,NULL,NULL,NULL
"1389","B24114_100","CENSUS_ACS","Estimate!!Total:!!Engineers, all other",NULL,NULL,"2026-04-10 16:41:27.982794+00","int","B24114","acs",NULL,NULL,NULL,NULL
"1390","B24114_101","CENSUS_ACS","Estimate!!Total:!!Architectural and civil drafters",NULL,NULL,"2026-04-10 16:41:27.982794+00","int","B24114","acs",NULL,NULL,NULL,NULL
"1391","B24114_102","CENSUS_ACS","Estimate!!Total:!!Other drafters",NULL,NULL,"2026-04-10 16:41:27.982794+00","int","B24114","acs",NULL,NULL,NULL,NULL
"1392","B24114_103","CENSUS_ACS","Estimate!!Total:!!Electrical and electronic engineering technologists and technicians",NULL,NULL,"2026-04-10 16:41:27.982794+00","int","B24114","acs",NULL,NULL,NULL,NULL
"1393","B24114_104","CENSUS_ACS","Estimate!!Total!!Other engineering technologists and technicians, except drafters",NULL,NULL,"2026-04-10 16:41:27.982794+00","int","B24114","acs",NULL,NULL,NULL,NULL
"1394","B24114_105","CENSUS_ACS","Estimate!!Total!!Surveying and mapping technicians",NULL,NULL,"2026-04-10 16:41:27.982794+00","int","B24114","acs",NULL,NULL,NULL,NULL
"1395","B24114_106","CENSUS_ACS","Estimate!!Total:!!Agricultural and food scientists",NULL,NULL,"2026-04-10 16:41:27.982794+00","int","B24114","acs",NULL,NULL,NULL,NULL
"1396","B24114_107","CENSUS_ACS","Estimate!!Total:!!Biological scientists",NULL,NULL,"2026-04-10 16:41:27.982794+00","int","B24114","acs",NULL,NULL,NULL,NULL
"1397","B24114_108","CENSUS_ACS","Estimate!!Total:!!Conservation scientists and foresters",NULL,NULL,"2026-04-10 16:41:27.982794+00","int","B24114","acs",NULL,NULL,NULL,NULL
"1398","B24114_109","CENSUS_ACS","Estimate!!Total:!!Medical scientists",NULL,NULL,"2026-04-10 16:41:27.982794+00","int","B24114","acs",NULL,NULL,NULL,NULL
"1399","B24114_110","CENSUS_ACS","Estimate!!Total:!!Life scientists, all other",NULL,NULL,"2026-04-10 16:41:27.982794+00","int","B24114","acs",NULL,NULL,NULL,NULL
"1400","B24114_111","CENSUS_ACS","Estimate!!Total:!!Astronomers and physicists",NULL,NULL,"2026-04-10 16:41:27.982794+00","int","B24114","acs",NULL,NULL,NULL,NULL
"1401","B24114_112","CENSUS_ACS","Estimate!!Total:!!Atmospheric and space scientists",NULL,NULL,"2026-04-10 16:41:27.982794+00","int","B24114","acs",NULL,NULL,NULL,NULL
"1402","B24114_113","CENSUS_ACS","Estimate!!Total:!!Chemists and materials scientists",NULL,NULL,"2026-04-10 16:41:27.982794+00","int","B24114","acs",NULL,NULL,NULL,NULL
"1403","B24114_114","CENSUS_ACS","Estimate!!Total!!Environmental scientists and specialists, including health",NULL,NULL,"2026-04-10 16:41:27.982794+00","int","B24114","acs",NULL,NULL,NULL,NULL
"1404","B24114_115","CENSUS_ACS","Estimate!!Total:!!Geoscientists and hydrologists, except geographers",NULL,NULL,"2026-04-10 16:41:27.982794+00","int","B24114","acs",NULL,NULL,NULL,NULL
"1405","B24114_116","CENSUS_ACS","Estimate!!Total:!!Physical scientists, all other",NULL,NULL,"2026-04-10 16:41:27.982794+00","int","B24114","acs",NULL,NULL,NULL,NULL
"1406","B24114_117","CENSUS_ACS","Estimate!!Total:!!Economists",NULL,NULL,"2026-04-10 16:41:27.982794+00","int","B24114","acs",NULL,NULL,NULL,NULL
"1407","B24114_118","CENSUS_ACS","Estimate!!Total:!!Survey researchers",NULL,NULL,"2026-04-10 16:41:27.982794+00","int","B24114","acs",NULL,NULL,NULL,NULL
"1408","B24114_119","CENSUS_ACS","Estimate!!Total:!!Clinical and counseling psychologists",NULL,NULL,"2026-04-10 16:41:27.982794+00","int","B24114","acs",NULL,NULL,NULL,NULL
"1409","B24114_120","CENSUS_ACS","Estimate!!Total!!School psychologists",NULL,NULL,"2026-04-10 16:41:27.982794+00","int","B24114","acs",NULL,NULL,NULL,NULL
"1410","B24114_121","CENSUS_ACS","Estimate!!Total!!Other psychologists",NULL,NULL,"2026-04-10 16:41:27.982794+00","int","B24114","acs",NULL,NULL,NULL,NULL
"1411","B24114_122","CENSUS_ACS","Estimate!!Total!!Sociologists",NULL,NULL,"2026-04-10 16:41:27.982794+00","int","B24114","acs",NULL,NULL,NULL,NULL
"1412","B24114_123","CENSUS_ACS","Estimate!!Total:!!Urban and regional planners",NULL,NULL,"2026-04-10 16:41:27.982794+00","int","B24114","acs",NULL,NULL,NULL,NULL
"1413","B24114_124","CENSUS_ACS","Estimate!!Total:!!Miscellaneous social scientists and related workers",NULL,NULL,"2026-04-10 16:41:27.982794+00","int","B24114","acs",NULL,NULL,NULL,NULL
"1414","B24114_125","CENSUS_ACS","Estimate!!Total:!!Agricultural and food science technicians",NULL,NULL,"2026-04-10 16:41:27.982794+00","int","B24114","acs",NULL,NULL,NULL,NULL
"1415","B24114_126","CENSUS_ACS","Estimate!!Total:!!Biological technicians",NULL,NULL,"2026-04-10 16:41:27.982794+00","int","B24114","acs",NULL,NULL,NULL,NULL
"1416","B24114_127","CENSUS_ACS","Estimate!!Total:!!Chemical technicians",NULL,NULL,"2026-04-10 16:41:27.982794+00","int","B24114","acs",NULL,NULL,NULL,NULL
"1417","B24114_128","CENSUS_ACS","Estimate!!Total:!!Environmental science and geoscience technicians",NULL,NULL,"2026-04-10 16:41:27.982794+00","int","B24114","acs",NULL,NULL,NULL,NULL
"1418","B24114_129","CENSUS_ACS","Estimate!!Total:!!Nuclear technicians",NULL,NULL,"2026-04-10 16:41:27.982794+00","int","B24114","acs",NULL,NULL,NULL,NULL
"1419","B24114_130","CENSUS_ACS","Estimate!!Total:!!Social science research assistants",NULL,NULL,"2026-04-10 16:41:27.982794+00","int","B24114","acs",NULL,NULL,NULL,NULL
"1420","B24114_131","CENSUS_ACS","Estimate!!Total!!Other life, physical, and social science technicians",NULL,NULL,"2026-04-10 16:41:27.982794+00","int","B24114","acs",NULL,NULL,NULL,NULL
"1421","B24114_132","CENSUS_ACS","Estimate!!Total:!!Occupational health and safety specialists and technicians",NULL,NULL,"2026-04-10 16:41:27.982794+00","int","B24114","acs",NULL,NULL,NULL,NULL
"1422","B24114_133","CENSUS_ACS","Estimate!!Total:!!Substance abuse and behavioral disorder counselors",NULL,NULL,"2026-04-10 16:41:27.982794+00","int","B24114","acs",NULL,NULL,NULL,NULL
"1423","B24114_134","CENSUS_ACS","Estimate!!Total:!!Educational, guidance, and career counselors and advisors",NULL,NULL,"2026-04-10 16:41:27.982794+00","int","B24114","acs",NULL,NULL,NULL,NULL
"1424","B24114_135","CENSUS_ACS","Estimate!!Total:!!Marriage and family therapists",NULL,NULL,"2026-04-10 16:41:27.982794+00","int","B24114","acs",NULL,NULL,NULL,NULL
"1425","B24114_136","CENSUS_ACS","Estimate!!Total:!!Mental health counselors",NULL,NULL,"2026-04-10 16:41:27.982794+00","int","B24114","acs",NULL,NULL,NULL,NULL
"1426","B24114_137","CENSUS_ACS","Estimate!!Total:!!Rehabilitation counselors",NULL,NULL,"2026-04-10 16:41:27.982794+00","int","B24114","acs",NULL,NULL,NULL,NULL
"1427","B24114_138","CENSUS_ACS","Estimate!!Total:!!Counselors, all other",NULL,NULL,"2026-04-10 16:41:27.982794+00","int","B24114","acs",NULL,NULL,NULL,NULL
"1428","B24114_139","CENSUS_ACS","Estimate!!Total:!!Child, family, and school social workers",NULL,NULL,"2026-04-10 16:41:27.982794+00","int","B24114","acs",NULL,NULL,NULL,NULL
"1429","B24114_140","CENSUS_ACS","Estimate!!Total:!!Healthcare social workers",NULL,NULL,"2026-04-10 16:41:27.982794+00","int","B24114","acs",NULL,NULL,NULL,NULL
"1430","B24114_141","CENSUS_ACS","Estimate!!Total:!!Mental health and substance abuse social workers",NULL,NULL,"2026-04-10 16:41:27.982794+00","int","B24114","acs",NULL,NULL,NULL,NULL
"1431","B24114_142","CENSUS_ACS","Estimate!!Total:!!Social workers, all other",NULL,NULL,"2026-04-10 16:41:27.982794+00","int","B24114","acs",NULL,NULL,NULL,NULL
"1432","B24114_143","CENSUS_ACS","Estimate!!Total!!Probation officers and correctional treatment specialists",NULL,NULL,"2026-04-10 16:41:27.982794+00","int","B24114","acs",NULL,NULL,NULL,NULL
"1433","B24114_144","CENSUS_ACS","Estimate!!Total:!!Social and human service assistants",NULL,NULL,"2026-04-10 16:41:27.982794+00","int","B24114","acs",NULL,NULL,NULL,NULL
"1434","B24114_145","CENSUS_ACS","Estimate!!Total:!!Other community and social service specialists",NULL,NULL,"2026-04-10 16:41:27.982794+00","int","B24114","acs",NULL,NULL,NULL,NULL
"1435","B24114_146","CENSUS_ACS","Estimate!!Total:!!Clergy",NULL,NULL,"2026-04-10 16:41:27.982794+00","int","B24114","acs",NULL,NULL,NULL,NULL
"1436","B24114_147","CENSUS_ACS","Estimate!!Total:!!Directors, religious activities and education",NULL,NULL,"2026-04-10 16:41:27.982794+00","int","B24114","acs",NULL,NULL,NULL,NULL
"1437","B24114_148","CENSUS_ACS","Estimate!!Total:!!Religious workers, all other",NULL,NULL,"2026-04-10 16:41:27.982794+00","int","B24114","acs",NULL,NULL,NULL,NULL
"1438","B24114_149","CENSUS_ACS","Estimate!!Total:!!Lawyers",NULL,NULL,"2026-04-10 16:41:27.982794+00","int","B24114","acs",NULL,NULL,NULL,NULL
"1439","B24114_150","CENSUS_ACS","Estimate!!Total:!!Judicial law clerks",NULL,NULL,"2026-04-10 16:41:27.982794+00","int","B24114","acs",NULL,NULL,NULL,NULL
"1440","B24114_151","CENSUS_ACS","Estimate!!Total:!!Judges, magistrates, and other judicial workers",NULL,NULL,"2026-04-10 16:41:27.982794+00","int","B24114","acs",NULL,NULL,NULL,NULL
"1441","B24114_152","CENSUS_ACS","Estimate!!Total:!!Paralegals and legal assistants",NULL,NULL,"2026-04-10 16:41:27.982794+00","int","B24114","acs",NULL,NULL,NULL,NULL
"1442","B24114_153","CENSUS_ACS","Estimate!!Total:!!Title examiners, abstractors, and searchers",NULL,NULL,"2026-04-10 16:41:27.982794+00","int","B24114","acs",NULL,NULL,NULL,NULL
"1443","B24114_154","CENSUS_ACS","Estimate!!Total:!!Legal support workers, all other",NULL,NULL,"2026-04-10 16:41:27.982794+00","int","B24114","acs",NULL,NULL,NULL,NULL
"1444","B24114_155","CENSUS_ACS","Estimate!!Total:!!Postsecondary teachers",NULL,NULL,"2026-04-10 16:41:27.982794+00","int","B24114","acs",NULL,NULL,NULL,NULL
"1445","B24114_156","CENSUS_ACS","Estimate!!Total:!!Preschool and kindergarten teachers",NULL,NULL,"2026-04-10 16:41:27.982794+00","int","B24114","acs",NULL,NULL,NULL,NULL
"1446","B24114_157","CENSUS_ACS","Estimate!!Total:!!Elementary and middle school teachers",NULL,NULL,"2026-04-10 16:41:27.982794+00","int","B24114","acs",NULL,NULL,NULL,NULL
"1447","B24114_158","CENSUS_ACS","Estimate!!Total:!!Secondary school teachers",NULL,NULL,"2026-04-10 16:41:27.982794+00","int","B24114","acs",NULL,NULL,NULL,NULL
"1448","B24114_159","CENSUS_ACS","Estimate!!Total:!!Special education teachers",NULL,NULL,"2026-04-10 16:41:27.982794+00","int","B24114","acs",NULL,NULL,NULL,NULL
"1449","B24114_160","CENSUS_ACS","Estimate!!Total!!Tutors",NULL,NULL,"2026-04-10 16:41:27.982794+00","int","B24114","acs",NULL,NULL,NULL,NULL
"1450","B24114_161","CENSUS_ACS","Estimate!!Total:!!Other teachers and instructors",NULL,NULL,"2026-04-10 16:41:27.982794+00","int","B24114","acs",NULL,NULL,NULL,NULL
"1451","B24114_162","CENSUS_ACS","Estimate!!Total:!!Archivists, curators, and museum technicians",NULL,NULL,"2026-04-10 16:41:27.982794+00","int","B24114","acs",NULL,NULL,NULL,NULL
"1452","B24114_163","CENSUS_ACS","Estimate!!Total:!!Librarians and media collections specialists",NULL,NULL,"2026-04-10 16:41:27.982794+00","int","B24114","acs",NULL,NULL,NULL,NULL
"1453","B24114_164","CENSUS_ACS","Estimate!!Total:!!Library technicians",NULL,NULL,"2026-04-10 16:41:27.982794+00","int","B24114","acs",NULL,NULL,NULL,NULL
"1454","B24114_165","CENSUS_ACS","Estimate!!Total:!!Teaching assistants",NULL,NULL,"2026-04-10 16:41:27.982794+00","int","B24114","acs",NULL,NULL,NULL,NULL
"1455","B24114_166","CENSUS_ACS","Estimate!!Total:!!Other educational instruction and library workers",NULL,NULL,"2026-04-10 16:41:27.982794+00","int","B24114","acs",NULL,NULL,NULL,NULL
"1456","B24114_167","CENSUS_ACS","Estimate!!Total:!!Artists and related workers",NULL,NULL,"2026-04-10 16:41:27.982794+00","int","B24114","acs",NULL,NULL,NULL,NULL
"1457","B24114_168","CENSUS_ACS","Estimate!!Total:!!Commercial and industrial designers",NULL,NULL,"2026-04-10 16:41:27.982794+00","int","B24114","acs",NULL,NULL,NULL,NULL
"1458","B24114_169","CENSUS_ACS","Estimate!!Total:!!Fashion designers",NULL,NULL,"2026-04-10 16:41:27.982794+00","int","B24114","acs",NULL,NULL,NULL,NULL
"1459","B24114_170","CENSUS_ACS","Estimate!!Total:!!Floral designers",NULL,NULL,"2026-04-10 16:41:27.982794+00","int","B24114","acs",NULL,NULL,NULL,NULL
"1460","B24114_171","CENSUS_ACS","Estimate!!Total:!!Graphic designers",NULL,NULL,"2026-04-10 16:41:27.982794+00","int","B24114","acs",NULL,NULL,NULL,NULL
"1461","B24114_172","CENSUS_ACS","Estimate!!Total:!!Interior designers",NULL,NULL,"2026-04-10 16:41:27.982794+00","int","B24114","acs",NULL,NULL,NULL,NULL
"1462","B24114_173","CENSUS_ACS","Estimate!!Total:!!Merchandise displayers and window trimmers",NULL,NULL,"2026-04-10 16:41:27.982794+00","int","B24114","acs",NULL,NULL,NULL,NULL
"1463","B24114_174","CENSUS_ACS","Estimate!!Total!!Other designers",NULL,NULL,"2026-04-10 16:41:27.982794+00","int","B24114","acs",NULL,NULL,NULL,NULL
"1464","B24114_175","CENSUS_ACS","Estimate!!Total:!!Actors",NULL,NULL,"2026-04-10 16:41:27.982794+00","int","B24114","acs",NULL,NULL,NULL,NULL
"1465","B24114_176","CENSUS_ACS","Estimate!!Total:!!Producers and directors",NULL,NULL,"2026-04-10 16:41:27.982794+00","int","B24114","acs",NULL,NULL,NULL,NULL
"1466","B24114_177","CENSUS_ACS","Estimate!!Total:!!Athletes and sports competitors",NULL,NULL,"2026-04-10 16:41:27.982794+00","int","B24114","acs",NULL,NULL,NULL,NULL
"1467","B24114_178","CENSUS_ACS","Estimate!!Total:!!Coaches and scouts",NULL,NULL,"2026-04-10 16:41:27.982794+00","int","B24114","acs",NULL,NULL,NULL,NULL
"1468","B24114_179","CENSUS_ACS","Estimate!!Total:!!Umpires, referees, and other sports officials",NULL,NULL,"2026-04-10 16:41:27.982794+00","int","B24114","acs",NULL,NULL,NULL,NULL
"1469","B24114_180","CENSUS_ACS","Estimate!!Total:!!Dancers and choreographers",NULL,NULL,"2026-04-10 16:41:27.982794+00","int","B24114","acs",NULL,NULL,NULL,NULL
"1470","B24114_181","CENSUS_ACS","Estimate!!Total!!Music directors and composers",NULL,NULL,"2026-04-10 16:41:27.982794+00","int","B24114","acs",NULL,NULL,NULL,NULL
"1471","B24114_182","CENSUS_ACS","Estimate!!Total:!!Musicians and singers",NULL,NULL,"2026-04-10 16:41:27.982794+00","int","B24114","acs",NULL,NULL,NULL,NULL
"1472","B24114_183","CENSUS_ACS","Estimate!!Total:!!Disc jockeys, except radio",NULL,NULL,"2026-04-10 16:41:27.982794+00","int","B24114","acs",NULL,NULL,NULL,NULL
"1473","B24114_184","CENSUS_ACS","Estimate!!Total:!!Entertainers and performers, sports and related workers, all other",NULL,NULL,"2026-04-10 16:41:27.982794+00","int","B24114","acs",NULL,NULL,NULL,NULL
"1474","B24114_185","CENSUS_ACS","Estimate!!Total:!!Broadcast announcers and radio disc jockeys",NULL,NULL,"2026-04-10 16:41:27.982794+00","int","B24114","acs",NULL,NULL,NULL,NULL
"1475","B24114_186","CENSUS_ACS","Estimate!!Total:!!News analysts, reporters, and journalists",NULL,NULL,"2026-04-10 16:41:27.982794+00","int","B24114","acs",NULL,NULL,NULL,NULL
"1476","B24114_187","CENSUS_ACS","Estimate!!Total:!!Public relations specialists",NULL,NULL,"2026-04-10 16:41:27.982794+00","int","B24114","acs",NULL,NULL,NULL,NULL
"1477","B24114_188","CENSUS_ACS","Estimate!!Total!!Editors",NULL,NULL,"2026-04-10 16:41:27.982794+00","int","B24114","acs",NULL,NULL,NULL,NULL
"1478","B24114_189","CENSUS_ACS","Estimate!!Total:!!Technical writers",NULL,NULL,"2026-04-10 16:41:27.982794+00","int","B24114","acs",NULL,NULL,NULL,NULL
"1479","B24114_190","CENSUS_ACS","Estimate!!Total:!!Writers and authors",NULL,NULL,"2026-04-10 16:41:27.982794+00","int","B24114","acs",NULL,NULL,NULL,NULL
"1480","B24114_191","CENSUS_ACS","Estimate!!Total:!!Interpreters and translators",NULL,NULL,"2026-04-10 16:41:27.982794+00","int","B24114","acs",NULL,NULL,NULL,NULL
"1481","B24114_192","CENSUS_ACS","Estimate!!Total:!!Court reporters and simultaneous captioners",NULL,NULL,"2026-04-10 16:41:27.982794+00","int","B24114","acs",NULL,NULL,NULL,NULL
"1482","B24114_193","CENSUS_ACS","Estimate!!Total!!Media and communication workers, all other",NULL,NULL,"2026-04-10 16:41:27.982794+00","int","B24114","acs",NULL,NULL,NULL,NULL
"1483","B24114_194","CENSUS_ACS","Estimate!!Total:!!Broadcast, sound, and lighting technicians",NULL,NULL,"2026-04-10 16:41:27.982794+00","int","B24114","acs",NULL,NULL,NULL,NULL
"1484","B24114_195","CENSUS_ACS","Estimate!!Total:!!Photographers",NULL,NULL,"2026-04-10 16:41:27.982794+00","int","B24114","acs",NULL,NULL,NULL,NULL
"1485","B24114_196","CENSUS_ACS","Estimate!!Total:!!Television, video, and film camera operators and editors",NULL,NULL,"2026-04-10 16:41:27.982794+00","int","B24114","acs",NULL,NULL,NULL,NULL
"1486","B24114_197","CENSUS_ACS","Estimate!!Total:!!Media and communication equipment workers, all other",NULL,NULL,"2026-04-10 16:41:27.982794+00","int","B24114","acs",NULL,NULL,NULL,NULL
"1487","B24114_198","CENSUS_ACS","Estimate!!Total:!!Chiropractors",NULL,NULL,"2026-04-10 16:41:27.982794+00","int","B24114","acs",NULL,NULL,NULL,NULL
"1488","B24114_199","CENSUS_ACS","Estimate!!Total:!!Dentists",NULL,NULL,"2026-04-10 16:41:27.982794+00","int","B24114","acs",NULL,NULL,NULL,NULL
"1489","B24114_200","CENSUS_ACS","Estimate!!Total:!!Dietitians and nutritionists",NULL,NULL,"2026-04-10 16:41:27.982794+00","int","B24114","acs",NULL,NULL,NULL,NULL
"1490","B24114_201","CENSUS_ACS","Estimate!!Total:!!Optometrists",NULL,NULL,"2026-04-10 16:41:27.982794+00","int","B24114","acs",NULL,NULL,NULL,NULL
"1491","B24114_202","CENSUS_ACS","Estimate!!Total:!!Pharmacists",NULL,NULL,"2026-04-10 16:41:27.982794+00","int","B24114","acs",NULL,NULL,NULL,NULL
"1492","B24114_203","CENSUS_ACS","Estimate!!Total:!!Emergency medicine physicians",NULL,NULL,"2026-04-10 16:41:27.982794+00","int","B24114","acs",NULL,NULL,NULL,NULL
"1493","B24114_204","CENSUS_ACS","Estimate!!Total:!!Radiologists",NULL,NULL,"2026-04-10 16:41:27.982794+00","int","B24114","acs",NULL,NULL,NULL,NULL
"1494","B24114_205","CENSUS_ACS","Estimate!!Total!!Other physicians",NULL,NULL,"2026-04-10 16:41:27.982794+00","int","B24114","acs",NULL,NULL,NULL,NULL
"1495","B24114_206","CENSUS_ACS","Estimate!!Total:!!Surgeons",NULL,NULL,"2026-04-10 16:41:27.982794+00","int","B24114","acs",NULL,NULL,NULL,NULL
"1496","B24114_207","CENSUS_ACS","Estimate!!Total:!!Physician assistants",NULL,NULL,"2026-04-10 16:41:27.982794+00","int","B24114","acs",NULL,NULL,NULL,NULL
"1497","B24114_208","CENSUS_ACS","Estimate!!Total:!!Podiatrists",NULL,NULL,"2026-04-10 16:41:27.982794+00","int","B24114","acs",NULL,NULL,NULL,NULL
"1498","B24114_209","CENSUS_ACS","Estimate!!Total:!!Audiologists",NULL,NULL,"2026-04-10 16:41:27.982794+00","int","B24114","acs",NULL,NULL,NULL,NULL
"1499","B24114_210","CENSUS_ACS","Estimate!!Total:!!Occupational therapists",NULL,NULL,"2026-04-10 16:41:27.982794+00","int","B24114","acs",NULL,NULL,NULL,NULL
"1500","B24114_211","CENSUS_ACS","Estimate!!Total:!!Physical therapists",NULL,NULL,"2026-04-10 16:41:27.982794+00","int","B24114","acs",NULL,NULL,NULL,NULL
"1501","B24114_212","CENSUS_ACS","Estimate!!Total:!!Radiation therapists",NULL,NULL,"2026-04-10 16:41:27.982794+00","int","B24114","acs",NULL,NULL,NULL,NULL
"1502","B24114_213","CENSUS_ACS","Estimate!!Total:!!Recreational therapists",NULL,NULL,"2026-04-10 16:41:27.982794+00","int","B24114","acs",NULL,NULL,NULL,NULL
"1503","B24114_214","CENSUS_ACS","Estimate!!Total:!!Respiratory therapists",NULL,NULL,"2026-04-10 16:41:27.982794+00","int","B24114","acs",NULL,NULL,NULL,NULL
"1504","B24114_215","CENSUS_ACS","Estimate!!Total:!!Speech-language pathologists",NULL,NULL,"2026-04-10 16:41:27.982794+00","int","B24114","acs",NULL,NULL,NULL,NULL
"1505","B24114_216","CENSUS_ACS","Estimate!!Total:!!Exercise physiologists",NULL,NULL,"2026-04-10 16:41:27.982794+00","int","B24114","acs",NULL,NULL,NULL,NULL
"1506","B24114_217","CENSUS_ACS","Estimate!!Total:!!Therapists, all other",NULL,NULL,"2026-04-10 16:41:27.982794+00","int","B24114","acs",NULL,NULL,NULL,NULL
"1507","B24114_218","CENSUS_ACS","Estimate!!Total:!!Veterinarians",NULL,NULL,"2026-04-10 16:41:27.982794+00","int","B24114","acs",NULL,NULL,NULL,NULL
"1508","B24114_219","CENSUS_ACS","Estimate!!Total:!!Registered nurses",NULL,NULL,"2026-04-10 16:41:27.982794+00","int","B24114","acs",NULL,NULL,NULL,NULL
"1509","B24114_220","CENSUS_ACS","Estimate!!Total:!!Nurse anesthetists",NULL,NULL,"2026-04-10 16:41:27.982794+00","int","B24114","acs",NULL,NULL,NULL,NULL
"1510","B24114_221","CENSUS_ACS","Estimate!!Total:!!Nurse midwives",NULL,NULL,"2026-04-10 16:41:27.982794+00","int","B24114","acs",NULL,NULL,NULL,NULL
"1511","B24114_222","CENSUS_ACS","Estimate!!Total:!!Nurse practitioners",NULL,NULL,"2026-04-10 16:41:27.982794+00","int","B24114","acs",NULL,NULL,NULL,NULL
"1512","B24114_223","CENSUS_ACS","Estimate!!Total:!!Acupuncturists",NULL,NULL,"2026-04-10 16:41:27.982794+00","int","B24114","acs",NULL,NULL,NULL,NULL
"1513","B24114_224","CENSUS_ACS","Estimate!!Total:!!Healthcare diagnosing or treating practitioners, all other",NULL,NULL,"2026-04-10 16:41:27.982794+00","int","B24114","acs",NULL,NULL,NULL,NULL
"1514","B24114_225","CENSUS_ACS","Estimate!!Total:!!Clinical laboratory technologists and technicians",NULL,NULL,"2026-04-10 16:41:27.982794+00","int","B24114","acs",NULL,NULL,NULL,NULL
"1515","B24114_226","CENSUS_ACS","Estimate!!Total:!!Dental hygienists",NULL,NULL,"2026-04-10 16:41:27.982794+00","int","B24114","acs",NULL,NULL,NULL,NULL
"1516","B24114_227","CENSUS_ACS","Estimate!!Total:!!Cardiovascular technologists and technicians",NULL,NULL,"2026-04-10 16:41:27.982794+00","int","B24114","acs",NULL,NULL,NULL,NULL
"1517","B24114_228","CENSUS_ACS","Estimate!!Total:!!Diagnostic medical sonographers",NULL,NULL,"2026-04-10 16:41:27.982794+00","int","B24114","acs",NULL,NULL,NULL,NULL
"1518","B24114_229","CENSUS_ACS","Estimate!!Total:!!Radiologic technologists and technicians",NULL,NULL,"2026-04-10 16:41:27.982794+00","int","B24114","acs",NULL,NULL,NULL,NULL
"1519","B24114_230","CENSUS_ACS","Estimate!!Total:!!Magnetic resonance imaging technologists",NULL,NULL,"2026-04-10 16:41:27.982794+00","int","B24114","acs",NULL,NULL,NULL,NULL
"1520","B24114_231","CENSUS_ACS","Estimate!!Total:!!Nuclear medicine technologists and medical dosimetrists",NULL,NULL,"2026-04-10 16:41:27.982794+00","int","B24114","acs",NULL,NULL,NULL,NULL
"1521","B24114_232","CENSUS_ACS","Estimate!!Total:!!Emergency medical technicians",NULL,NULL,"2026-04-10 16:41:27.982794+00","int","B24114","acs",NULL,NULL,NULL,NULL
"1522","B24114_233","CENSUS_ACS","Estimate!!Total:!!Paramedics",NULL,NULL,"2026-04-10 16:41:27.982794+00","int","B24114","acs",NULL,NULL,NULL,NULL
"1523","B24114_234","CENSUS_ACS","Estimate!!Total:!!Pharmacy technicians",NULL,NULL,"2026-04-10 16:41:27.982794+00","int","B24114","acs",NULL,NULL,NULL,NULL
"1524","B24114_235","CENSUS_ACS","Estimate!!Total:!!Psychiatric technicians",NULL,NULL,"2026-04-10 16:41:27.982794+00","int","B24114","acs",NULL,NULL,NULL,NULL
"1525","B24114_236","CENSUS_ACS","Estimate!!Total:!!Surgical technologists",NULL,NULL,"2026-04-10 16:41:27.982794+00","int","B24114","acs",NULL,NULL,NULL,NULL
"1526","B24114_237","CENSUS_ACS","Estimate!!Total:!!Veterinary technologists and technicians",NULL,NULL,"2026-04-10 16:41:27.982794+00","int","B24114","acs",NULL,NULL,NULL,NULL
"1527","B24114_238","CENSUS_ACS","Estimate!!Total:!!Dietetic technicians and ophthalmic medical technicians",NULL,NULL,"2026-04-10 16:41:27.982794+00","int","B24114","acs",NULL,NULL,NULL,NULL
"1528","B24114_239","CENSUS_ACS","Estimate!!Total!!Licensed practical and licensed vocational nurses",NULL,NULL,"2026-04-10 16:41:27.982794+00","int","B24114","acs",NULL,NULL,NULL,NULL
"1529","B24114_240","CENSUS_ACS","Estimate!!Total:!!Medical records specialists",NULL,NULL,"2026-04-10 16:41:27.982794+00","int","B24114","acs",NULL,NULL,NULL,NULL
"1530","B24114_241","CENSUS_ACS","Estimate!!Total:!!Opticians, dispensing",NULL,NULL,"2026-04-10 16:41:27.982794+00","int","B24114","acs",NULL,NULL,NULL,NULL
"1531","B24114_242","CENSUS_ACS","Estimate!!Total!!Miscellaneous health technologists and technicians",NULL,NULL,"2026-04-10 16:41:27.982794+00","int","B24114","acs",NULL,NULL,NULL,NULL
"1532","B24114_243","CENSUS_ACS","Estimate!!Total:!!Other healthcare practitioners and technical occupations",NULL,NULL,"2026-04-10 16:41:27.982794+00","int","B24114","acs",NULL,NULL,NULL,NULL
"1533","B24114_244","CENSUS_ACS","Estimate!!Total:!!Home health aides",NULL,NULL,"2026-04-10 16:41:27.982794+00","int","B24114","acs",NULL,NULL,NULL,NULL
"1534","B24114_245","CENSUS_ACS","Estimate!!Total:!!Personal care aides",NULL,NULL,"2026-04-10 16:41:27.982794+00","int","B24114","acs",NULL,NULL,NULL,NULL
"1535","B24114_246","CENSUS_ACS","Estimate!!Total:!!Nursing assistants",NULL,NULL,"2026-04-10 16:41:27.982794+00","int","B24114","acs",NULL,NULL,NULL,NULL
"1536","B24114_247","CENSUS_ACS","Estimate!!Total:!!Orderlies and psychiatric aides",NULL,NULL,"2026-04-10 16:41:27.982794+00","int","B24114","acs",NULL,NULL,NULL,NULL
"1537","B24114_248","CENSUS_ACS","Estimate!!Total:!!Occupational therapy assistants and aides",NULL,NULL,"2026-04-10 16:41:27.982794+00","int","B24114","acs",NULL,NULL,NULL,NULL
"1538","B24114_249","CENSUS_ACS","Estimate!!Total:!!Physical therapist assistants and aides",NULL,NULL,"2026-04-10 16:41:27.982794+00","int","B24114","acs",NULL,NULL,NULL,NULL
"1539","B24114_250","CENSUS_ACS","Estimate!!Total:!!Massage therapists",NULL,NULL,"2026-04-10 16:41:27.982794+00","int","B24114","acs",NULL,NULL,NULL,NULL
"1540","B24114_251","CENSUS_ACS","Estimate!!Total!!Dental assistants",NULL,NULL,"2026-04-10 16:41:27.982794+00","int","B24114","acs",NULL,NULL,NULL,NULL
"1541","B24114_252","CENSUS_ACS","Estimate!!Total!!Medical assistants",NULL,NULL,"2026-04-10 16:41:27.982794+00","int","B24114","acs",NULL,NULL,NULL,NULL
"1542","B24114_253","CENSUS_ACS","Estimate!!Total:!!Medical transcriptionists",NULL,NULL,"2026-04-10 16:41:27.982794+00","int","B24114","acs",NULL,NULL,NULL,NULL
"1543","B24114_254","CENSUS_ACS","Estimate!!Total:!!Pharmacy aides",NULL,NULL,"2026-04-10 16:41:27.982794+00","int","B24114","acs",NULL,NULL,NULL,NULL
"1544","B24114_255","CENSUS_ACS","Estimate!!Total:!!Veterinary assistants and laboratory animal caretakers",NULL,NULL,"2026-04-10 16:41:27.982794+00","int","B24114","acs",NULL,NULL,NULL,NULL
"1545","B24114_256","CENSUS_ACS","Estimate!!Total:!!Phlebotomists",NULL,NULL,"2026-04-10 16:41:27.982794+00","int","B24114","acs",NULL,NULL,NULL,NULL
"1546","B24114_257","CENSUS_ACS","Estimate!!Total:!!Other healthcare support workers",NULL,NULL,"2026-04-10 16:41:27.982794+00","int","B24114","acs",NULL,NULL,NULL,NULL
"1547","B24114_258","CENSUS_ACS","Estimate!!Total:!!First-line supervisors of correctional officers",NULL,NULL,"2026-04-10 16:41:27.982794+00","int","B24114","acs",NULL,NULL,NULL,NULL
"1548","B24114_259","CENSUS_ACS","Estimate!!Total:!!First-line supervisors of police and detectives",NULL,NULL,"2026-04-10 16:41:27.982794+00","int","B24114","acs",NULL,NULL,NULL,NULL
"1549","B24114_260","CENSUS_ACS","Estimate!!Total:!!First-line supervisors of firefighting and prevention workers",NULL,NULL,"2026-04-10 16:41:27.982794+00","int","B24114","acs",NULL,NULL,NULL,NULL
"1550","B24114_261","CENSUS_ACS","Estimate!!Total:!!First-line supervisors of security workers",NULL,NULL,"2026-04-10 16:41:27.982794+00","int","B24114","acs",NULL,NULL,NULL,NULL
"1551","B24114_262","CENSUS_ACS","Estimate!!Total!!First-line supervisors of protective service workers, all other",NULL,NULL,"2026-04-10 16:41:27.982794+00","int","B24114","acs",NULL,NULL,NULL,NULL
"1552","B24114_263","CENSUS_ACS","Estimate!!Total!!Firefighters",NULL,NULL,"2026-04-10 16:41:27.982794+00","int","B24114","acs",NULL,NULL,NULL,NULL
"1553","B24114_264","CENSUS_ACS","Estimate!!Total:!!Fire inspectors",NULL,NULL,"2026-04-10 16:41:27.982794+00","int","B24114","acs",NULL,NULL,NULL,NULL
"1554","B24114_265","CENSUS_ACS","Estimate!!Total:!!Bailiffs",NULL,NULL,"2026-04-10 16:41:27.982794+00","int","B24114","acs",NULL,NULL,NULL,NULL
"1555","B24114_266","CENSUS_ACS","Estimate!!Total:!!Correctional officers and jailers",NULL,NULL,"2026-04-10 16:41:27.982794+00","int","B24114","acs",NULL,NULL,NULL,NULL
"1556","B24114_267","CENSUS_ACS","Estimate!!Total:!!Detectives and criminal investigators",NULL,NULL,"2026-04-10 16:41:27.982794+00","int","B24114","acs",NULL,NULL,NULL,NULL
"1557","B24114_268","CENSUS_ACS","Estimate!!Total:!!Fish and game wardens",NULL,NULL,"2026-04-10 16:41:27.982794+00","int","B24114","acs",NULL,NULL,NULL,NULL
"1558","B24114_269","CENSUS_ACS","Estimate!!Total:!!Parking enforcement workers",NULL,NULL,"2026-04-10 16:41:27.982794+00","int","B24114","acs",NULL,NULL,NULL,NULL
"1559","B24114_270","CENSUS_ACS","Estimate!!Total:!!Police officers",NULL,NULL,"2026-04-10 16:41:27.982794+00","int","B24114","acs",NULL,NULL,NULL,NULL
"1560","B24114_271","CENSUS_ACS","Estimate!!Total:!!Animal control workers",NULL,NULL,"2026-04-10 16:41:27.982794+00","int","B24114","acs",NULL,NULL,NULL,NULL
"1561","B24114_272","CENSUS_ACS","Estimate!!Total!!Private detectives and investigators",NULL,NULL,"2026-04-10 16:41:27.982794+00","int","B24114","acs",NULL,NULL,NULL,NULL
"1562","B24114_273","CENSUS_ACS","Estimate!!Total:!!Security guards and gambling surveillance officers",NULL,NULL,"2026-04-10 16:41:27.982794+00","int","B24114","acs",NULL,NULL,NULL,NULL
"1563","B24114_274","CENSUS_ACS","Estimate!!Total:!!Crossing guards and flaggers",NULL,NULL,"2026-04-10 16:41:27.982794+00","int","B24114","acs",NULL,NULL,NULL,NULL
"1564","B24114_275","CENSUS_ACS","Estimate!!Total!!Transportation security screeners",NULL,NULL,"2026-04-10 16:41:27.982794+00","int","B24114","acs",NULL,NULL,NULL,NULL
"1565","B24114_276","CENSUS_ACS","Estimate!!Total:!!School bus monitors",NULL,NULL,"2026-04-10 16:41:27.982794+00","int","B24114","acs",NULL,NULL,NULL,NULL
"1566","B24114_277","CENSUS_ACS","Estimate!!Total:!!Other protective service workers",NULL,NULL,"2026-04-10 16:41:27.982794+00","int","B24114","acs",NULL,NULL,NULL,NULL
"1567","B24114_278","CENSUS_ACS","Estimate!!Total:!!Chefs and head cooks",NULL,NULL,"2026-04-10 16:41:27.982794+00","int","B24114","acs",NULL,NULL,NULL,NULL
"1568","B24114_279","CENSUS_ACS","Estimate!!Total:!!First-line supervisors of food preparation and serving workers",NULL,NULL,"2026-04-10 16:41:27.982794+00","int","B24114","acs",NULL,NULL,NULL,NULL
"1569","B24114_280","CENSUS_ACS","Estimate!!Total:!!Cooks",NULL,NULL,"2026-04-10 16:41:27.982794+00","int","B24114","acs",NULL,NULL,NULL,NULL
"1570","B24114_281","CENSUS_ACS","Estimate!!Total:!!Food preparation workers",NULL,NULL,"2026-04-10 16:41:27.982794+00","int","B24114","acs",NULL,NULL,NULL,NULL
"1571","B24114_282","CENSUS_ACS","Estimate!!Total:!!Bartenders",NULL,NULL,"2026-04-10 16:41:27.982794+00","int","B24114","acs",NULL,NULL,NULL,NULL
"1572","B24114_283","CENSUS_ACS","Estimate!!Total:!!Fast food and counter workers",NULL,NULL,"2026-04-10 16:41:27.982794+00","int","B24114","acs",NULL,NULL,NULL,NULL
"1573","B24114_284","CENSUS_ACS","Estimate!!Total:!!Waiters and waitresses",NULL,NULL,"2026-04-10 16:41:27.982794+00","int","B24114","acs",NULL,NULL,NULL,NULL
"1574","B24114_285","CENSUS_ACS","Estimate!!Total:!!Food servers, nonrestaurant",NULL,NULL,"2026-04-10 16:41:27.982794+00","int","B24114","acs",NULL,NULL,NULL,NULL
"1575","B24114_286","CENSUS_ACS","Estimate!!Total:!!Dining room and cafeteria attendants and bartender helpers",NULL,NULL,"2026-04-10 16:41:27.982794+00","int","B24114","acs",NULL,NULL,NULL,NULL
"1576","B24114_287","CENSUS_ACS","Estimate!!Total!!Dishwashers",NULL,NULL,"2026-04-10 16:41:27.982794+00","int","B24114","acs",NULL,NULL,NULL,NULL
"1577","B24114_288","CENSUS_ACS","Estimate!!Total:!!Hosts and hostesses, restaurant, lounge, and coffee shop",NULL,NULL,"2026-04-10 16:41:27.982794+00","int","B24114","acs",NULL,NULL,NULL,NULL
"1578","B24114_289","CENSUS_ACS","Estimate!!Total:!!Food preparation and serving related workers, all other",NULL,NULL,"2026-04-10 16:41:27.982794+00","int","B24114","acs",NULL,NULL,NULL,NULL
"1579","B24114_290","CENSUS_ACS","Estimate!!Total:!!First-line supervisors of housekeeping and janitorial workers",NULL,NULL,"2026-04-10 16:41:27.982794+00","int","B24114","acs",NULL,NULL,NULL,NULL
"1580","B24114_291","CENSUS_ACS","Estimate!!Total:!!First-line supervisors of landscaping, lawn service, and groundskeeping workers",NULL,NULL,"2026-04-10 16:41:27.982794+00","int","B24114","acs",NULL,NULL,NULL,NULL
"1581","B24114_292","CENSUS_ACS","Estimate!!Total:!!Janitors and building cleaners",NULL,NULL,"2026-04-10 16:41:27.982794+00","int","B24114","acs",NULL,NULL,NULL,NULL
"1582","B24114_293","CENSUS_ACS","Estimate!!Total:!!Maids and housekeeping cleaners",NULL,NULL,"2026-04-10 16:41:27.982794+00","int","B24114","acs",NULL,NULL,NULL,NULL
"1583","B24114_294","CENSUS_ACS","Estimate!!Total:!!Pest control workers",NULL,NULL,"2026-04-10 16:41:27.982794+00","int","B24114","acs",NULL,NULL,NULL,NULL
"1584","B24114_295","CENSUS_ACS","Estimate!!Total:!!Landscaping and groundskeeping workers",NULL,NULL,"2026-04-10 16:41:27.982794+00","int","B24114","acs",NULL,NULL,NULL,NULL
"1585","B24114_296","CENSUS_ACS","Estimate!!Total:!!Tree trimmers and pruners",NULL,NULL,"2026-04-10 16:41:27.982794+00","int","B24114","acs",NULL,NULL,NULL,NULL
"1586","B24114_297","CENSUS_ACS","Estimate!!Total:!!Other grounds maintenance workers",NULL,NULL,"2026-04-10 16:41:27.982794+00","int","B24114","acs",NULL,NULL,NULL,NULL
"1587","B24114_298","CENSUS_ACS","Estimate!!Total:!!Supervisors of personal care and service workers",NULL,NULL,"2026-04-10 16:41:27.982794+00","int","B24114","acs",NULL,NULL,NULL,NULL
"1588","B24114_299","CENSUS_ACS","Estimate!!Total!!Animal trainers",NULL,NULL,"2026-04-10 16:41:27.982794+00","int","B24114","acs",NULL,NULL,NULL,NULL
"1589","B24114_300","CENSUS_ACS","Estimate!!Total:!!Animal caretakers",NULL,NULL,"2026-04-10 16:41:27.982794+00","int","B24114","acs",NULL,NULL,NULL,NULL
"1590","B24114_301","CENSUS_ACS","Estimate!!Total:!!Gambling services workers",NULL,NULL,"2026-04-10 16:41:27.982794+00","int","B24114","acs",NULL,NULL,NULL,NULL
"1591","B24114_302","CENSUS_ACS","Estimate!!Total:!!Ushers, lobby attendants, and ticket takers",NULL,NULL,"2026-04-10 16:41:27.982794+00","int","B24114","acs",NULL,NULL,NULL,NULL
"1592","B24114_303","CENSUS_ACS","Estimate!!Total:!!Other entertainment attendants and related workers",NULL,NULL,"2026-04-10 16:41:27.982794+00","int","B24114","acs",NULL,NULL,NULL,NULL
"1593","B24114_304","CENSUS_ACS","Estimate!!Total:!!Embalmers, crematory operators and funeral attendants",NULL,NULL,"2026-04-10 16:41:27.982794+00","int","B24114","acs",NULL,NULL,NULL,NULL
"1594","B24114_305","CENSUS_ACS","Estimate!!Total:!!Morticians, undertakers, and funeral arrangers",NULL,NULL,"2026-04-10 16:41:27.982794+00","int","B24114","acs",NULL,NULL,NULL,NULL
"1595","B24114_306","CENSUS_ACS","Estimate!!Total:!!Barbers",NULL,NULL,"2026-04-10 16:41:27.982794+00","int","B24114","acs",NULL,NULL,NULL,NULL
"1596","B24114_307","CENSUS_ACS","Estimate!!Total:!!Hairdressers, hairstylists, and cosmetologists",NULL,NULL,"2026-04-10 16:41:27.982794+00","int","B24114","acs",NULL,NULL,NULL,NULL
"1597","B24114_308","CENSUS_ACS","Estimate!!Total:!!Manicurists and pedicurists",NULL,NULL,"2026-04-10 16:41:27.982794+00","int","B24114","acs",NULL,NULL,NULL,NULL
"1598","B24114_309","CENSUS_ACS","Estimate!!Total:!!Skincare specialists",NULL,NULL,"2026-04-10 16:41:27.982794+00","int","B24114","acs",NULL,NULL,NULL,NULL
"1599","B24114_310","CENSUS_ACS","Estimate!!Total:!!Other personal appearance workers",NULL,NULL,"2026-04-10 16:41:27.982794+00","int","B24114","acs",NULL,NULL,NULL,NULL
"1600","B24114_311","CENSUS_ACS","Estimate!!Total!!Baggage porters, bellhops, and concierges",NULL,NULL,"2026-04-10 16:41:27.982794+00","int","B24114","acs",NULL,NULL,NULL,NULL
"1601","B24114_312","CENSUS_ACS","Estimate!!Total:!!Tour and travel guides",NULL,NULL,"2026-04-10 16:41:27.982794+00","int","B24114","acs",NULL,NULL,NULL,NULL
"1602","B24114_313","CENSUS_ACS","Estimate!!Total:!!Childcare workers",NULL,NULL,"2026-04-10 16:41:27.982794+00","int","B24114","acs",NULL,NULL,NULL,NULL
"1603","B24114_314","CENSUS_ACS","Estimate!!Total:!!Exercise trainers and group fitness instructors",NULL,NULL,"2026-04-10 16:41:27.982794+00","int","B24114","acs",NULL,NULL,NULL,NULL
"1604","B24114_315","CENSUS_ACS","Estimate!!Total:!!Recreation workers",NULL,NULL,"2026-04-10 16:41:27.982794+00","int","B24114","acs",NULL,NULL,NULL,NULL
"1605","B24114_316","CENSUS_ACS","Estimate!!Total:!!Residential advisors",NULL,NULL,"2026-04-10 16:41:27.982794+00","int","B24114","acs",NULL,NULL,NULL,NULL
"1606","B24114_317","CENSUS_ACS","Estimate!!Total:!!Personal care and service workers, all other",NULL,NULL,"2026-04-10 16:41:27.982794+00","int","B24114","acs",NULL,NULL,NULL,NULL
"1607","B24114_318","CENSUS_ACS","Estimate!!Total:!!First-line supervisors of retail sales workers",NULL,NULL,"2026-04-10 16:41:27.982794+00","int","B24114","acs",NULL,NULL,NULL,NULL
"1608","B24114_319","CENSUS_ACS","Estimate!!Total:!!First-line supervisors of non-retail sales workers",NULL,NULL,"2026-04-10 16:41:27.982794+00","int","B24114","acs",NULL,NULL,NULL,NULL
"1609","B24114_320","CENSUS_ACS","Estimate!!Total:!!Cashiers",NULL,NULL,"2026-04-10 16:41:27.982794+00","int","B24114","acs",NULL,NULL,NULL,NULL
"1610","B24114_321","CENSUS_ACS","Estimate!!Total:!!Counter and rental clerks",NULL,NULL,"2026-04-10 16:41:27.982794+00","int","B24114","acs",NULL,NULL,NULL,NULL
"1611","B24114_322","CENSUS_ACS","Estimate!!Total:!!Parts salespersons",NULL,NULL,"2026-04-10 16:41:27.982794+00","int","B24114","acs",NULL,NULL,NULL,NULL
"1612","B24114_323","CENSUS_ACS","Estimate!!Total!!Retail salespersons",NULL,NULL,"2026-04-10 16:41:27.982794+00","int","B24114","acs",NULL,NULL,NULL,NULL
"1613","B24114_324","CENSUS_ACS","Estimate!!Total:!!Advertising sales agents",NULL,NULL,"2026-04-10 16:41:27.982794+00","int","B24114","acs",NULL,NULL,NULL,NULL
"1614","B24114_325","CENSUS_ACS","Estimate!!Total:!!Insurance sales agents",NULL,NULL,"2026-04-10 16:41:27.982794+00","int","B24114","acs",NULL,NULL,NULL,NULL
"1615","B24114_326","CENSUS_ACS","Estimate!!Total:!!Securities, commodities, and financial services sales agents",NULL,NULL,"2026-04-10 16:41:27.982794+00","int","B24114","acs",NULL,NULL,NULL,NULL
"1616","B24114_327","CENSUS_ACS","Estimate!!Total:!!Travel agents",NULL,NULL,"2026-04-10 16:41:27.982794+00","int","B24114","acs",NULL,NULL,NULL,NULL
"1617","B24114_328","CENSUS_ACS","Estimate!!Total:!!Sales representatives of services, except advertising, insurance, financial services, and travel",NULL,NULL,"2026-04-10 16:41:27.982794+00","int","B24114","acs",NULL,NULL,NULL,NULL
"1618","B24114_329","CENSUS_ACS","Estimate!!Total:!!Sales representatives, wholesale and manufacturing",NULL,NULL,"2026-04-10 16:41:27.982794+00","int","B24114","acs",NULL,NULL,NULL,NULL
"1619","B24114_330","CENSUS_ACS","Estimate!!Total:!!Models, demonstrators, and product promoters",NULL,NULL,"2026-04-10 16:41:27.982794+00","int","B24114","acs",NULL,NULL,NULL,NULL
"1620","B24114_331","CENSUS_ACS","Estimate!!Total:!!Real estate brokers and sales agents",NULL,NULL,"2026-04-10 16:41:27.982794+00","int","B24114","acs",NULL,NULL,NULL,NULL
"1621","B24114_332","CENSUS_ACS","Estimate!!Total:!!Sales engineers",NULL,NULL,"2026-04-10 16:41:27.982794+00","int","B24114","acs",NULL,NULL,NULL,NULL
"1622","B24114_333","CENSUS_ACS","Estimate!!Total:!!Telemarketers",NULL,NULL,"2026-04-10 16:41:27.982794+00","int","B24114","acs",NULL,NULL,NULL,NULL
"1623","B24114_334","CENSUS_ACS","Estimate!!Total:!!Door-to-door sales workers, news and street vendors, and related workers",NULL,NULL,"2026-04-10 16:41:27.982794+00","int","B24114","acs",NULL,NULL,NULL,NULL
"1624","B24114_335","CENSUS_ACS","Estimate!!Total!!Sales and related workers, all other",NULL,NULL,"2026-04-10 16:41:27.982794+00","int","B24114","acs",NULL,NULL,NULL,NULL
"1625","B24114_336","CENSUS_ACS","Estimate!!Total:!!First-line supervisors of office and administrative support workers",NULL,NULL,"2026-04-10 16:41:27.982794+00","int","B24114","acs",NULL,NULL,NULL,NULL
"1626","B24114_337","CENSUS_ACS","Estimate!!Total:!!Switchboard operators, including answering service",NULL,NULL,"2026-04-10 16:41:27.982794+00","int","B24114","acs",NULL,NULL,NULL,NULL
"1627","B24114_338","CENSUS_ACS","Estimate!!Total:!!Telephone operators",NULL,NULL,"2026-04-10 16:41:27.982794+00","int","B24114","acs",NULL,NULL,NULL,NULL
"1628","B24114_339","CENSUS_ACS","Estimate!!Total:!!Communications equipment operators, all other",NULL,NULL,"2026-04-10 16:41:27.982794+00","int","B24114","acs",NULL,NULL,NULL,NULL
"1629","B24114_340","CENSUS_ACS","Estimate!!Total:!!Bill and account collectors",NULL,NULL,"2026-04-10 16:41:27.982794+00","int","B24114","acs",NULL,NULL,NULL,NULL
"1630","B24114_341","CENSUS_ACS","Estimate!!Total:!!Billing and posting clerks",NULL,NULL,"2026-04-10 16:41:27.982794+00","int","B24114","acs",NULL,NULL,NULL,NULL
"1631","B24114_342","CENSUS_ACS","Estimate!!Total:!!Bookkeeping, accounting, and auditing clerks",NULL,NULL,"2026-04-10 16:41:27.982794+00","int","B24114","acs",NULL,NULL,NULL,NULL
"1632","B24114_343","CENSUS_ACS","Estimate!!Total:!!Gambling cage workers",NULL,NULL,"2026-04-10 16:41:27.982794+00","int","B24114","acs",NULL,NULL,NULL,NULL
"1633","B24114_344","CENSUS_ACS","Estimate!!Total:!!Payroll and timekeeping clerks",NULL,NULL,"2026-04-10 16:41:27.982794+00","int","B24114","acs",NULL,NULL,NULL,NULL
"1634","B24114_345","CENSUS_ACS","Estimate!!Total:!!Procurement clerks",NULL,NULL,"2026-04-10 16:41:27.982794+00","int","B24114","acs",NULL,NULL,NULL,NULL
"1635","B24114_346","CENSUS_ACS","Estimate!!Total:!!Tellers",NULL,NULL,"2026-04-10 16:41:27.982794+00","int","B24114","acs",NULL,NULL,NULL,NULL
"1636","B24114_347","CENSUS_ACS","Estimate!!Total:!!Financial clerks, all other",NULL,NULL,"2026-04-10 16:41:27.982794+00","int","B24114","acs",NULL,NULL,NULL,NULL
"1637","B24114_348","CENSUS_ACS","Estimate!!Total:!!Brokerage clerks",NULL,NULL,"2026-04-10 16:41:27.982794+00","int","B24114","acs",NULL,NULL,NULL,NULL
"1638","B24114_349","CENSUS_ACS","Estimate!!Total:!!Correspondence clerks",NULL,NULL,"2026-04-10 16:41:27.982794+00","int","B24114","acs",NULL,NULL,NULL,NULL
"1639","B24114_350","CENSUS_ACS","Estimate!!Total:!!Court, municipal, and license clerks",NULL,NULL,"2026-04-10 16:41:27.982794+00","int","B24114","acs",NULL,NULL,NULL,NULL
"1640","B24114_351","CENSUS_ACS","Estimate!!Total:!!Credit authorizers, checkers, and clerks",NULL,NULL,"2026-04-10 16:41:27.982794+00","int","B24114","acs",NULL,NULL,NULL,NULL
"1641","B24114_352","CENSUS_ACS","Estimate!!Total:!!Customer service representatives",NULL,NULL,"2026-04-10 16:41:27.982794+00","int","B24114","acs",NULL,NULL,NULL,NULL
"1642","B24114_353","CENSUS_ACS","Estimate!!Total:!!Eligibility interviewers, government programs",NULL,NULL,"2026-04-10 16:41:27.982794+00","int","B24114","acs",NULL,NULL,NULL,NULL
"1643","B24114_354","CENSUS_ACS","Estimate!!Total:!!File clerks",NULL,NULL,"2026-04-10 16:41:27.982794+00","int","B24114","acs",NULL,NULL,NULL,NULL
"1644","B24114_355","CENSUS_ACS","Estimate!!Total:!!Hotel, motel, and resort desk clerks",NULL,NULL,"2026-04-10 16:41:27.982794+00","int","B24114","acs",NULL,NULL,NULL,NULL
"1645","B24114_356","CENSUS_ACS","Estimate!!Total:!!Interviewers, except eligibility and loan",NULL,NULL,"2026-04-10 16:41:27.982794+00","int","B24114","acs",NULL,NULL,NULL,NULL
"1646","B24114_357","CENSUS_ACS","Estimate!!Total:!!Library assistants, clerical",NULL,NULL,"2026-04-10 16:41:27.982794+00","int","B24114","acs",NULL,NULL,NULL,NULL
"1647","B24114_358","CENSUS_ACS","Estimate!!Total:!!Loan interviewers and clerks",NULL,NULL,"2026-04-10 16:41:27.982794+00","int","B24114","acs",NULL,NULL,NULL,NULL
"1648","B24114_359","CENSUS_ACS","Estimate!!Total:!!New accounts clerks",NULL,NULL,"2026-04-10 16:41:27.982794+00","int","B24114","acs",NULL,NULL,NULL,NULL
"1649","B24114_360","CENSUS_ACS","Estimate!!Total:!!Order clerks",NULL,NULL,"2026-04-10 16:41:27.982794+00","int","B24114","acs",NULL,NULL,NULL,NULL
"1650","B24114_361","CENSUS_ACS","Estimate!!Total:!!Human resources assistants, except payroll and timekeeping",NULL,NULL,"2026-04-10 16:41:27.982794+00","int","B24114","acs",NULL,NULL,NULL,NULL
"1651","B24114_362","CENSUS_ACS","Estimate!!Total:!!Receptionists and information clerks",NULL,NULL,"2026-04-10 16:41:27.982794+00","int","B24114","acs",NULL,NULL,NULL,NULL
"1652","B24114_363","CENSUS_ACS","Estimate!!Total:!!Reservation and transportation ticket agents and travel clerks",NULL,NULL,"2026-04-10 16:41:27.982794+00","int","B24114","acs",NULL,NULL,NULL,NULL
"1653","B24114_364","CENSUS_ACS","Estimate!!Total:!!Information and record clerks, all other",NULL,NULL,"2026-04-10 16:41:27.982794+00","int","B24114","acs",NULL,NULL,NULL,NULL
"1654","B24114_365","CENSUS_ACS","Estimate!!Total:!!Cargo and freight agents",NULL,NULL,"2026-04-10 16:41:27.982794+00","int","B24114","acs",NULL,NULL,NULL,NULL
"1655","B24114_366","CENSUS_ACS","Estimate!!Total:!!Couriers and messengers",NULL,NULL,"2026-04-10 16:41:27.982794+00","int","B24114","acs",NULL,NULL,NULL,NULL
"1656","B24114_367","CENSUS_ACS","Estimate!!Total:!!Public safety telecommunicators",NULL,NULL,"2026-04-10 16:41:27.982794+00","int","B24114","acs",NULL,NULL,NULL,NULL
"1657","B24114_368","CENSUS_ACS","Estimate!!Total:!!Dispatchers, except police, fire, and ambulance",NULL,NULL,"2026-04-10 16:41:27.982794+00","int","B24114","acs",NULL,NULL,NULL,NULL
"1658","B24114_369","CENSUS_ACS","Estimate!!Total:!!Meter readers, utilities",NULL,NULL,"2026-04-10 16:41:27.982794+00","int","B24114","acs",NULL,NULL,NULL,NULL
"1659","B24114_370","CENSUS_ACS","Estimate!!Total:!!Postal service clerks",NULL,NULL,"2026-04-10 16:41:27.982794+00","int","B24114","acs",NULL,NULL,NULL,NULL
"1660","B24114_371","CENSUS_ACS","Estimate!!Total:!!Postal service mail carriers",NULL,NULL,"2026-04-10 16:41:27.982794+00","int","B24114","acs",NULL,NULL,NULL,NULL
"1661","B24114_372","CENSUS_ACS","Estimate!!Total:!!Postal service mail sorters, processors, and processing machine operators",NULL,NULL,"2026-04-10 16:41:27.982794+00","int","B24114","acs",NULL,NULL,NULL,NULL
"1662","B24114_373","CENSUS_ACS","Estimate!!Total:!!Production, planning, and expediting clerks",NULL,NULL,"2026-04-10 16:41:27.982794+00","int","B24114","acs",NULL,NULL,NULL,NULL
"1663","B24114_374","CENSUS_ACS","Estimate!!Total:!!Shipping, receiving, and inventory clerks",NULL,NULL,"2026-04-10 16:41:27.982794+00","int","B24114","acs",NULL,NULL,NULL,NULL
"1664","B24114_375","CENSUS_ACS","Estimate!!Total:!!Weighers, measurers, checkers, and samplers, recordkeeping",NULL,NULL,"2026-04-10 16:41:27.982794+00","int","B24114","acs",NULL,NULL,NULL,NULL
"1665","B24114_376","CENSUS_ACS","Estimate!!Total:!!Executive secretaries and executive administrative assistants",NULL,NULL,"2026-04-10 16:41:27.982794+00","int","B24114","acs",NULL,NULL,NULL,NULL
"1666","B24114_377","CENSUS_ACS","Estimate!!Total:!!Legal secretaries and administrative assistants",NULL,NULL,"2026-04-10 16:41:27.982794+00","int","B24114","acs",NULL,NULL,NULL,NULL
"1667","B24114_378","CENSUS_ACS","Estimate!!Total!!Medical secretaries and administrative assistants",NULL,NULL,"2026-04-10 16:41:27.982794+00","int","B24114","acs",NULL,NULL,NULL,NULL
"1668","B24114_379","CENSUS_ACS","Estimate!!Total:!!Secretaries and administrative assistants, except legal, medical, and executive",NULL,NULL,"2026-04-10 16:41:27.982794+00","int","B24114","acs",NULL,NULL,NULL,NULL
"1669","B24114_380","CENSUS_ACS","Estimate!!Total:!!Data entry keyers",NULL,NULL,"2026-04-10 16:41:27.982794+00","int","B24114","acs",NULL,NULL,NULL,NULL
"1670","B24114_381","CENSUS_ACS","Estimate!!Total:!!Word processors and typists",NULL,NULL,"2026-04-10 16:41:27.982794+00","int","B24114","acs",NULL,NULL,NULL,NULL
"1671","B24114_382","CENSUS_ACS","Estimate!!Total:!!Desktop publishers",NULL,NULL,"2026-04-10 16:41:27.982794+00","int","B24114","acs",NULL,NULL,NULL,NULL
"1672","B24114_383","CENSUS_ACS","Estimate!!Total:!!Insurance claims and policy processing clerks",NULL,NULL,"2026-04-10 16:41:27.982794+00","int","B24114","acs",NULL,NULL,NULL,NULL
"1673","B24114_384","CENSUS_ACS","Estimate!!Total:!!Mail clerks and mail machine operators, except postal service",NULL,NULL,"2026-04-10 16:41:27.982794+00","int","B24114","acs",NULL,NULL,NULL,NULL
"1674","B24114_385","CENSUS_ACS","Estimate!!Total:!!Office clerks, general",NULL,NULL,"2026-04-10 16:41:27.982794+00","int","B24114","acs",NULL,NULL,NULL,NULL
"1675","B24114_386","CENSUS_ACS","Estimate!!Total:!!Office machine operators, except computer",NULL,NULL,"2026-04-10 16:41:27.982794+00","int","B24114","acs",NULL,NULL,NULL,NULL
"1676","B24114_387","CENSUS_ACS","Estimate!!Total:!!Proofreaders and copy markers",NULL,NULL,"2026-04-10 16:41:27.982794+00","int","B24114","acs",NULL,NULL,NULL,NULL
"1677","B24114_388","CENSUS_ACS","Estimate!!Total!!Statistical assistants",NULL,NULL,"2026-04-10 16:41:27.982794+00","int","B24114","acs",NULL,NULL,NULL,NULL
"1678","B24114_389","CENSUS_ACS","Estimate!!Total:!!Office and administrative support workers, all other",NULL,NULL,"2026-04-10 16:41:27.982794+00","int","B24114","acs",NULL,NULL,NULL,NULL
"1679","B24114_390","CENSUS_ACS","Estimate!!Total:!!First-line supervisors of farming, fishing, and forestry workers",NULL,NULL,"2026-04-10 16:41:27.982794+00","int","B24114","acs",NULL,NULL,NULL,NULL
"1680","B24114_391","CENSUS_ACS","Estimate!!Total:!!Agricultural inspectors",NULL,NULL,"2026-04-10 16:41:27.982794+00","int","B24114","acs",NULL,NULL,NULL,NULL
"1681","B24114_392","CENSUS_ACS","Estimate!!Total:!!Animal breeders",NULL,NULL,"2026-04-10 16:41:27.982794+00","int","B24114","acs",NULL,NULL,NULL,NULL
"1682","B24114_393","CENSUS_ACS","Estimate!!Total:!!Graders and sorters, agricultural products",NULL,NULL,"2026-04-10 16:41:27.982794+00","int","B24114","acs",NULL,NULL,NULL,NULL
"1683","B24114_394","CENSUS_ACS","Estimate!!Total:!!Miscellaneous agricultural workers",NULL,NULL,"2026-04-10 16:41:27.982794+00","int","B24114","acs",NULL,NULL,NULL,NULL
"1684","B24114_395","CENSUS_ACS","Estimate!!Total:!!Fishing and hunting workers",NULL,NULL,"2026-04-10 16:41:27.982794+00","int","B24114","acs",NULL,NULL,NULL,NULL
"1685","B24114_396","CENSUS_ACS","Estimate!!Total:!!Forest and conservation workers",NULL,NULL,"2026-04-10 16:41:27.982794+00","int","B24114","acs",NULL,NULL,NULL,NULL
"1686","B24114_397","CENSUS_ACS","Estimate!!Total:!!Logging workers",NULL,NULL,"2026-04-10 16:41:27.982794+00","int","B24114","acs",NULL,NULL,NULL,NULL
"1687","B24114_398","CENSUS_ACS","Estimate!!Total!!First-line supervisors of construction trades and extraction workers",NULL,NULL,"2026-04-10 16:41:27.982794+00","int","B24114","acs",NULL,NULL,NULL,NULL
"1688","B24114_399","CENSUS_ACS","Estimate!!Total:!!Boilermakers",NULL,NULL,"2026-04-10 16:41:27.982794+00","int","B24114","acs",NULL,NULL,NULL,NULL
"1689","B24114_400","CENSUS_ACS","Estimate!!Total:!!Brickmasons, blockmasons, and stonemasons",NULL,NULL,"2026-04-10 16:41:27.982794+00","int","B24114","acs",NULL,NULL,NULL,NULL
"1690","B24114_401","CENSUS_ACS","Estimate!!Total:!!Carpenters",NULL,NULL,"2026-04-10 16:41:27.982794+00","int","B24114","acs",NULL,NULL,NULL,NULL
"1691","B24114_402","CENSUS_ACS","Estimate!!Total:!!Carpet, floor, and tile installers and finishers",NULL,NULL,"2026-04-10 16:41:27.982794+00","int","B24114","acs",NULL,NULL,NULL,NULL
"1692","B24114_403","CENSUS_ACS","Estimate!!Total:!!Cement masons, concrete finishers, and terrazzo workers",NULL,NULL,"2026-04-10 16:41:27.982794+00","int","B24114","acs",NULL,NULL,NULL,NULL
"1693","B24114_404","CENSUS_ACS","Estimate!!Total:!!Construction laborers",NULL,NULL,"2026-04-10 16:41:27.982794+00","int","B24114","acs",NULL,NULL,NULL,NULL
"1694","B24114_405","CENSUS_ACS","Estimate!!Total:!!Construction equipment operators",NULL,NULL,"2026-04-10 16:41:27.982794+00","int","B24114","acs",NULL,NULL,NULL,NULL
"1695","B24114_406","CENSUS_ACS","Estimate!!Total:!!Drywall installers, ceiling tile installers, and tapers",NULL,NULL,"2026-04-10 16:41:27.982794+00","int","B24114","acs",NULL,NULL,NULL,NULL
"1696","B24114_407","CENSUS_ACS","Estimate!!Total:!!Electricians",NULL,NULL,"2026-04-10 16:41:27.982794+00","int","B24114","acs",NULL,NULL,NULL,NULL
"1697","B24114_408","CENSUS_ACS","Estimate!!Total!!Glaziers",NULL,NULL,"2026-04-10 16:41:27.982794+00","int","B24114","acs",NULL,NULL,NULL,NULL
"1698","B24114_409","CENSUS_ACS","Estimate!!Total:!!Insulation workers",NULL,NULL,"2026-04-10 16:41:27.982794+00","int","B24114","acs",NULL,NULL,NULL,NULL
"1699","B24114_410","CENSUS_ACS","Estimate!!Total:!!Painters and paperhangers",NULL,NULL,"2026-04-10 16:41:27.982794+00","int","B24114","acs",NULL,NULL,NULL,NULL
"1700","B24114_411","CENSUS_ACS","Estimate!!Total:!!Pipelayers",NULL,NULL,"2026-04-10 16:41:27.982794+00","int","B24114","acs",NULL,NULL,NULL,NULL
"1701","B24114_412","CENSUS_ACS","Estimate!!Total:!!Plumbers, pipefitters, and steamfitters",NULL,NULL,"2026-04-10 16:41:27.982794+00","int","B24114","acs",NULL,NULL,NULL,NULL
"1702","B24114_413","CENSUS_ACS","Estimate!!Total:!!Plasterers and stucco masons",NULL,NULL,"2026-04-10 16:41:27.982794+00","int","B24114","acs",NULL,NULL,NULL,NULL
"1703","B24114_414","CENSUS_ACS","Estimate!!Total:!!Reinforcing iron and rebar workers",NULL,NULL,"2026-04-10 16:41:27.982794+00","int","B24114","acs",NULL,NULL,NULL,NULL
"1704","B24114_415","CENSUS_ACS","Estimate!!Total:!!Roofers",NULL,NULL,"2026-04-10 16:41:27.982794+00","int","B24114","acs",NULL,NULL,NULL,NULL
"1705","B24114_416","CENSUS_ACS","Estimate!!Total:!!Sheet metal workers",NULL,NULL,"2026-04-10 16:41:27.982794+00","int","B24114","acs",NULL,NULL,NULL,NULL
"1706","B24114_417","CENSUS_ACS","Estimate!!Total:!!Structural iron and steel workers",NULL,NULL,"2026-04-10 16:41:27.982794+00","int","B24114","acs",NULL,NULL,NULL,NULL
"1707","B24114_418","CENSUS_ACS","Estimate!!Total!!Solar photovoltaic installers",NULL,NULL,"2026-04-10 16:41:27.982794+00","int","B24114","acs",NULL,NULL,NULL,NULL
"1708","B24114_419","CENSUS_ACS","Estimate!!Total!!Helpers, construction trades",NULL,NULL,"2026-04-10 16:41:27.982794+00","int","B24114","acs",NULL,NULL,NULL,NULL
"1709","B24114_420","CENSUS_ACS","Estimate!!Total:!!Construction and building inspectors",NULL,NULL,"2026-04-10 16:41:27.982794+00","int","B24114","acs",NULL,NULL,NULL,NULL
"1710","B24114_421","CENSUS_ACS","Estimate!!Total:!!Elevator and escalator installers and repairers",NULL,NULL,"2026-04-10 16:41:27.982794+00","int","B24114","acs",NULL,NULL,NULL,NULL
"1711","B24114_422","CENSUS_ACS","Estimate!!Total:!!Fence erectors",NULL,NULL,"2026-04-10 16:41:27.982794+00","int","B24114","acs",NULL,NULL,NULL,NULL
"1712","B24114_423","CENSUS_ACS","Estimate!!Total:!!Hazardous materials removal workers",NULL,NULL,"2026-04-10 16:41:27.982794+00","int","B24114","acs",NULL,NULL,NULL,NULL
"1713","B24114_424","CENSUS_ACS","Estimate!!Total:!!Highway maintenance workers",NULL,NULL,"2026-04-10 16:41:27.982794+00","int","B24114","acs",NULL,NULL,NULL,NULL
"1714","B24114_425","CENSUS_ACS","Estimate!!Total!!Rail-track laying and maintenance equipment operators",NULL,NULL,"2026-04-10 16:41:27.982794+00","int","B24114","acs",NULL,NULL,NULL,NULL
"1715","B24114_426","CENSUS_ACS","Estimate!!Total:!!Septic tank servicers and sewer pipe cleaners",NULL,NULL,"2026-04-10 16:41:27.982794+00","int","B24114","acs",NULL,NULL,NULL,NULL
"1716","B24114_427","CENSUS_ACS","Estimate!!Total:!!Miscellaneous construction and related workers",NULL,NULL,"2026-04-10 16:41:27.982794+00","int","B24114","acs",NULL,NULL,NULL,NULL
"1717","B24114_428","CENSUS_ACS","Estimate!!Total!!Derrick, rotary drill, and service unit operators, oil and gas",NULL,NULL,"2026-04-10 16:41:27.982794+00","int","B24114","acs",NULL,NULL,NULL,NULL
"1718","B24114_429","CENSUS_ACS","Estimate!!Total:!!Excavating and loading machine and dragline operators, surface mining",NULL,NULL,"2026-04-10 16:41:27.982794+00","int","B24114","acs",NULL,NULL,NULL,NULL
"1719","B24114_430","CENSUS_ACS","Estimate!!Total:!!Earth drillers, except oil and gas",NULL,NULL,"2026-04-10 16:41:27.982794+00","int","B24114","acs",NULL,NULL,NULL,NULL
"1720","B24114_431","CENSUS_ACS","Estimate!!Total:!!Explosives workers, ordnance handling experts, and blasters",NULL,NULL,"2026-04-10 16:41:27.982794+00","int","B24114","acs",NULL,NULL,NULL,NULL
"1721","B24114_432","CENSUS_ACS","Estimate!!Total:!!Underground mining machine operators",NULL,NULL,"2026-04-10 16:41:27.982794+00","int","B24114","acs",NULL,NULL,NULL,NULL
"1722","B24114_433","CENSUS_ACS","Estimate!!Total:!!Roustabouts, oil and gas",NULL,NULL,"2026-04-10 16:41:27.982794+00","int","B24114","acs",NULL,NULL,NULL,NULL
"1723","B24114_434","CENSUS_ACS","Estimate!!Total:!!Other extraction workers",NULL,NULL,"2026-04-10 16:41:27.982794+00","int","B24114","acs",NULL,NULL,NULL,NULL
"1724","B24114_435","CENSUS_ACS","Estimate!!Total:!!First-line supervisors of mechanics, installers, and repairers",NULL,NULL,"2026-04-10 16:41:27.982794+00","int","B24114","acs",NULL,NULL,NULL,NULL
"1725","B24114_436","CENSUS_ACS","Estimate!!Total:!!Computer, automated teller, and office machine repairers",NULL,NULL,"2026-04-10 16:41:27.982794+00","int","B24114","acs",NULL,NULL,NULL,NULL
"1726","B24114_437","CENSUS_ACS","Estimate!!Total!!Radio and telecommunications equipment installers and repairers",NULL,NULL,"2026-04-10 16:41:27.982794+00","int","B24114","acs",NULL,NULL,NULL,NULL
"1727","B24114_438","CENSUS_ACS","Estimate!!Total:!!Avionics technicians",NULL,NULL,"2026-04-10 16:41:27.982794+00","int","B24114","acs",NULL,NULL,NULL,NULL
"1728","B24114_439","CENSUS_ACS","Estimate!!Total:!!Electric motor, power tool, and related repairers",NULL,NULL,"2026-04-10 16:41:27.982794+00","int","B24114","acs",NULL,NULL,NULL,NULL
"1729","B24114_440","CENSUS_ACS","Estimate!!Total:!!Electrical and electronics installers and repairers, transportation equipment",NULL,NULL,"2026-04-10 16:41:27.982794+00","int","B24114","acs",NULL,NULL,NULL,NULL
"1730","B24114_441","CENSUS_ACS","Estimate!!Total:!!Electrical and electronics repairers, industrial and utility",NULL,NULL,"2026-04-10 16:41:27.982794+00","int","B24114","acs",NULL,NULL,NULL,NULL
"1731","B24114_442","CENSUS_ACS","Estimate!!Total:!!Electronic equipment installers and repairers, motor vehicles",NULL,NULL,"2026-04-10 16:41:27.982794+00","int","B24114","acs",NULL,NULL,NULL,NULL
"1732","B24114_443","CENSUS_ACS","Estimate!!Total:!!Audiovisual equipment installers and repairers",NULL,NULL,"2026-04-10 16:41:27.982794+00","int","B24114","acs",NULL,NULL,NULL,NULL
"1733","B24114_444","CENSUS_ACS","Estimate!!Total:!!Security and fire alarm systems installers",NULL,NULL,"2026-04-10 16:41:27.982794+00","int","B24114","acs",NULL,NULL,NULL,NULL
"1734","B24114_445","CENSUS_ACS","Estimate!!Total:!!Aircraft mechanics and service technicians",NULL,NULL,"2026-04-10 16:41:27.982794+00","int","B24114","acs",NULL,NULL,NULL,NULL
"1735","B24114_446","CENSUS_ACS","Estimate!!Total:!!Automotive body and related repairers",NULL,NULL,"2026-04-10 16:41:27.982794+00","int","B24114","acs",NULL,NULL,NULL,NULL
"1736","B24114_447","CENSUS_ACS","Estimate!!Total:!!Automotive glass installers and repairers",NULL,NULL,"2026-04-10 16:41:27.982794+00","int","B24114","acs",NULL,NULL,NULL,NULL
"1737","B24114_448","CENSUS_ACS","Estimate!!Total:!!Automotive service technicians and mechanics",NULL,NULL,"2026-04-10 16:41:27.982794+00","int","B24114","acs",NULL,NULL,NULL,NULL
"1738","B24114_449","CENSUS_ACS","Estimate!!Total!!Bus and truck mechanics and diesel engine specialists",NULL,NULL,"2026-04-10 16:41:27.982794+00","int","B24114","acs",NULL,NULL,NULL,NULL
"1739","B24114_450","CENSUS_ACS","Estimate!!Total:!!Heavy vehicle and mobile equipment service technicians and mechanics",NULL,NULL,"2026-04-10 16:41:27.982794+00","int","B24114","acs",NULL,NULL,NULL,NULL
"1740","B24114_451","CENSUS_ACS","Estimate!!Total:!!Small engine mechanics",NULL,NULL,"2026-04-10 16:41:27.982794+00","int","B24114","acs",NULL,NULL,NULL,NULL
"1741","B24114_452","CENSUS_ACS","Estimate!!Total:!!Miscellaneous vehicle and mobile equipment mechanics, installers, and repairers",NULL,NULL,"2026-04-10 16:41:27.982794+00","int","B24114","acs",NULL,NULL,NULL,NULL
"1742","B24114_453","CENSUS_ACS","Estimate!!Total:!!Control and valve installers and repairers",NULL,NULL,"2026-04-10 16:41:27.982794+00","int","B24114","acs",NULL,NULL,NULL,NULL
"1743","B24114_454","CENSUS_ACS","Estimate!!Total:!!Heating, air conditioning, and refrigeration mechanics and installers",NULL,NULL,"2026-04-10 16:41:27.982794+00","int","B24114","acs",NULL,NULL,NULL,NULL
"1744","B24114_455","CENSUS_ACS","Estimate!!Total:!!Home appliance repairers",NULL,NULL,"2026-04-10 16:41:27.982794+00","int","B24114","acs",NULL,NULL,NULL,NULL
"1745","B24114_456","CENSUS_ACS","Estimate!!Total:!!Industrial and refractory machinery mechanics",NULL,NULL,"2026-04-10 16:41:27.982794+00","int","B24114","acs",NULL,NULL,NULL,NULL
"1746","B24114_457","CENSUS_ACS","Estimate!!Total:!!Maintenance and repair workers, general",NULL,NULL,"2026-04-10 16:41:27.982794+00","int","B24114","acs",NULL,NULL,NULL,NULL
"1747","B24114_458","CENSUS_ACS","Estimate!!Total:!!Maintenance workers, machinery",NULL,NULL,"2026-04-10 16:41:27.982794+00","int","B24114","acs",NULL,NULL,NULL,NULL
"1748","B24114_459","CENSUS_ACS","Estimate!!Total:!!Millwrights",NULL,NULL,"2026-04-10 16:41:27.982794+00","int","B24114","acs",NULL,NULL,NULL,NULL
"1749","B24114_460","CENSUS_ACS","Estimate!!Total:!!Electrical power-line installers and repairers",NULL,NULL,"2026-04-10 16:41:27.982794+00","int","B24114","acs",NULL,NULL,NULL,NULL
"1750","B24114_461","CENSUS_ACS","Estimate!!Total!!Telecommunications line installers and repairers",NULL,NULL,"2026-04-10 16:41:27.982794+00","int","B24114","acs",NULL,NULL,NULL,NULL
"1751","B24114_462","CENSUS_ACS","Estimate!!Total:!!Precision instrument and equipment repairers",NULL,NULL,"2026-04-10 16:41:27.982794+00","int","B24114","acs",NULL,NULL,NULL,NULL
"1752","B24114_463","CENSUS_ACS","Estimate!!Total:!!Wind turbine service technicians",NULL,NULL,"2026-04-10 16:41:27.982794+00","int","B24114","acs",NULL,NULL,NULL,NULL
"1753","B24114_464","CENSUS_ACS","Estimate!!Total:!!Coin, vending, and amusement machine servicers and repairers",NULL,NULL,"2026-04-10 16:41:27.982794+00","int","B24114","acs",NULL,NULL,NULL,NULL
"1754","B24114_465","CENSUS_ACS","Estimate!!Total:!!Commercial divers",NULL,NULL,"2026-04-10 16:41:27.982794+00","int","B24114","acs",NULL,NULL,NULL,NULL
"1755","B24114_466","CENSUS_ACS","Estimate!!Total:!!Locksmiths and safe repairers",NULL,NULL,"2026-04-10 16:41:27.982794+00","int","B24114","acs",NULL,NULL,NULL,NULL
"1756","B24114_467","CENSUS_ACS","Estimate!!Total:!!Manufactured building and mobile home installers",NULL,NULL,"2026-04-10 16:41:27.982794+00","int","B24114","acs",NULL,NULL,NULL,NULL
"1757","B24114_468","CENSUS_ACS","Estimate!!Total:!!Riggers",NULL,NULL,"2026-04-10 16:41:27.982794+00","int","B24114","acs",NULL,NULL,NULL,NULL
"1758","B24114_469","CENSUS_ACS","Estimate!!Total:!!Helpers--installation, maintenance, and repair workers",NULL,NULL,"2026-04-10 16:41:27.982794+00","int","B24114","acs",NULL,NULL,NULL,NULL
"1759","B24114_470","CENSUS_ACS","Estimate!!Total:!!Other installation, maintenance, and repair workers",NULL,NULL,"2026-04-10 16:41:27.982794+00","int","B24114","acs",NULL,NULL,NULL,NULL
"1760","B24114_471","CENSUS_ACS","Estimate!!Total:!!First-line supervisors of production and operating workers",NULL,NULL,"2026-04-10 16:41:27.982794+00","int","B24114","acs",NULL,NULL,NULL,NULL
"1761","B24114_472","CENSUS_ACS","Estimate!!Total:!!Aircraft structure, surfaces, rigging, and systems assemblers",NULL,NULL,"2026-04-10 16:41:27.982794+00","int","B24114","acs",NULL,NULL,NULL,NULL
"1762","B24114_473","CENSUS_ACS","Estimate!!Total!!Electrical, electronics, and electromechanical assemblers",NULL,NULL,"2026-04-10 16:41:27.982794+00","int","B24114","acs",NULL,NULL,NULL,NULL
"1763","B24114_474","CENSUS_ACS","Estimate!!Total:!!Engine and other machine assemblers",NULL,NULL,"2026-04-10 16:41:27.982794+00","int","B24114","acs",NULL,NULL,NULL,NULL
"1764","B24114_475","CENSUS_ACS","Estimate!!Total:!!Structural metal fabricators and fitters",NULL,NULL,"2026-04-10 16:41:27.982794+00","int","B24114","acs",NULL,NULL,NULL,NULL
"1765","B24114_476","CENSUS_ACS","Estimate!!Total!!Other assemblers and fabricators",NULL,NULL,"2026-04-10 16:41:27.982794+00","int","B24114","acs",NULL,NULL,NULL,NULL
"1766","B24114_477","CENSUS_ACS","Estimate!!Total:!!Bakers",NULL,NULL,"2026-04-10 16:41:27.982794+00","int","B24114","acs",NULL,NULL,NULL,NULL
"1767","B24114_478","CENSUS_ACS","Estimate!!Total:!!Butchers and other meat, poultry, and fish processing workers",NULL,NULL,"2026-04-10 16:41:27.982794+00","int","B24114","acs",NULL,NULL,NULL,NULL
"1768","B24114_479","CENSUS_ACS","Estimate!!Total:!!Food and tobacco roasting, baking, and drying machine operators and tenders",NULL,NULL,"2026-04-10 16:41:27.982794+00","int","B24114","acs",NULL,NULL,NULL,NULL
"1769","B24114_480","CENSUS_ACS","Estimate!!Total:!!Food batchmakers",NULL,NULL,"2026-04-10 16:41:27.982794+00","int","B24114","acs",NULL,NULL,NULL,NULL
"1770","B24114_481","CENSUS_ACS","Estimate!!Total:!!Food cooking machine operators and tenders",NULL,NULL,"2026-04-10 16:41:27.982794+00","int","B24114","acs",NULL,NULL,NULL,NULL
"1771","B24114_482","CENSUS_ACS","Estimate!!Total:!!Food processing workers, all other",NULL,NULL,"2026-04-10 16:41:27.982794+00","int","B24114","acs",NULL,NULL,NULL,NULL
"1772","B24114_483","CENSUS_ACS","Estimate!!Total:!!Computer numerically controlled tool operators and programmers",NULL,NULL,"2026-04-10 16:41:27.982794+00","int","B24114","acs",NULL,NULL,NULL,NULL
"1773","B24114_484","CENSUS_ACS","Estimate!!Total:!!Forming machine setters, operators, and tenders, metal and plastic",NULL,NULL,"2026-04-10 16:41:27.982794+00","int","B24114","acs",NULL,NULL,NULL,NULL
"1774","B24114_485","CENSUS_ACS","Estimate!!Total!!Cutting, punching, and press machine setters, operators, and tenders, metal and plastic",NULL,NULL,"2026-04-10 16:41:27.982794+00","int","B24114","acs",NULL,NULL,NULL,NULL
"1775","B24114_486","CENSUS_ACS","Estimate!!Total:!!Grinding, lapping, polishing, and buffing machine tool setters, operators, and tenders, metal and plastic",NULL,NULL,"2026-04-10 16:41:27.982794+00","int","B24114","acs",NULL,NULL,NULL,NULL
"1776","B24114_487","CENSUS_ACS","Estimate!!Total:!!Other machine tool setters, operators, and tenders, metal and plastic",NULL,NULL,"2026-04-10 16:41:27.982794+00","int","B24114","acs",NULL,NULL,NULL,NULL
"1777","B24114_488","CENSUS_ACS","Estimate!!Total:!!Machinists",NULL,NULL,"2026-04-10 16:41:27.982794+00","int","B24114","acs",NULL,NULL,NULL,NULL
"1778","B24114_489","CENSUS_ACS","Estimate!!Total:!!Metal furnace operators, tenders, pourers, and casters",NULL,NULL,"2026-04-10 16:41:27.982794+00","int","B24114","acs",NULL,NULL,NULL,NULL
"1779","B24114_490","CENSUS_ACS","Estimate!!Total!!Model makers and patternmakers, metal and plastic",NULL,NULL,"2026-04-10 16:41:27.982794+00","int","B24114","acs",NULL,NULL,NULL,NULL
"1780","B24114_491","CENSUS_ACS","Estimate!!Total:!!Molders and molding machine setters, operators, and tenders, metal and plastic",NULL,NULL,"2026-04-10 16:41:27.982794+00","int","B24114","acs",NULL,NULL,NULL,NULL
"1781","B24114_492","CENSUS_ACS","Estimate!!Total:!!Tool and die makers",NULL,NULL,"2026-04-10 16:41:27.982794+00","int","B24114","acs",NULL,NULL,NULL,NULL
"1782","B24114_493","CENSUS_ACS","Estimate!!Total!!Welding, soldering, and brazing workers",NULL,NULL,"2026-04-10 16:41:27.982794+00","int","B24114","acs",NULL,NULL,NULL,NULL
"1783","B24114_494","CENSUS_ACS","Estimate!!Total:!!Other metal workers and plastic workers",NULL,NULL,"2026-04-10 16:41:27.982794+00","int","B24114","acs",NULL,NULL,NULL,NULL
"1784","B24114_495","CENSUS_ACS","Estimate!!Total:!!Prepress technicians and workers",NULL,NULL,"2026-04-10 16:41:27.982794+00","int","B24114","acs",NULL,NULL,NULL,NULL
"1785","B24114_496","CENSUS_ACS","Estimate!!Total:!!Printing press operators",NULL,NULL,"2026-04-10 16:41:27.982794+00","int","B24114","acs",NULL,NULL,NULL,NULL
"1786","B24114_497","CENSUS_ACS","Estimate!!Total:!!Print binding and finishing workers",NULL,NULL,"2026-04-10 16:41:27.982794+00","int","B24114","acs",NULL,NULL,NULL,NULL
"1787","B24114_498","CENSUS_ACS","Estimate!!Total:!!Laundry and dry-cleaning workers",NULL,NULL,"2026-04-10 16:41:27.982794+00","int","B24114","acs",NULL,NULL,NULL,NULL
"1788","B24114_499","CENSUS_ACS","Estimate!!Total:!!Pressers, textile, garment, and related materials",NULL,NULL,"2026-04-10 16:41:27.982794+00","int","B24114","acs",NULL,NULL,NULL,NULL
"1789","B24114_500","CENSUS_ACS","Estimate!!Total:!!Sewing machine operators",NULL,NULL,"2026-04-10 16:41:27.982794+00","int","B24114","acs",NULL,NULL,NULL,NULL
"1790","B24114_501","CENSUS_ACS","Estimate!!Total:!!Shoe and leather workers",NULL,NULL,"2026-04-10 16:41:27.982794+00","int","B24114","acs",NULL,NULL,NULL,NULL
"1791","B24114_502","CENSUS_ACS","Estimate!!Total:!!Tailors, dressmakers, and sewers",NULL,NULL,"2026-04-10 16:41:27.982794+00","int","B24114","acs",NULL,NULL,NULL,NULL
"1792","B24114_503","CENSUS_ACS","Estimate!!Total:!!Textile machine setters, operators, and tenders",NULL,NULL,"2026-04-10 16:41:27.982794+00","int","B24114","acs",NULL,NULL,NULL,NULL
"1793","B24114_504","CENSUS_ACS","Estimate!!Total!!Upholsterers",NULL,NULL,"2026-04-10 16:41:27.982794+00","int","B24114","acs",NULL,NULL,NULL,NULL
"1794","B24114_505","CENSUS_ACS","Estimate!!Total:!!Other textile, apparel, and furnishings workers",NULL,NULL,"2026-04-10 16:41:27.982794+00","int","B24114","acs",NULL,NULL,NULL,NULL
"1795","B24114_506","CENSUS_ACS","Estimate!!Total:!!Cabinetmakers and bench carpenters",NULL,NULL,"2026-04-10 16:41:27.982794+00","int","B24114","acs",NULL,NULL,NULL,NULL
"1796","B24114_507","CENSUS_ACS","Estimate!!Total:!!Furniture finishers",NULL,NULL,"2026-04-10 16:41:27.982794+00","int","B24114","acs",NULL,NULL,NULL,NULL
"1797","B24114_508","CENSUS_ACS","Estimate!!Total:!!Sawing machine setters, operators, and tenders, wood",NULL,NULL,"2026-04-10 16:41:27.982794+00","int","B24114","acs",NULL,NULL,NULL,NULL
"1798","B24114_509","CENSUS_ACS","Estimate!!Total:!!Woodworking machine setters, operators, and tenders, except sawing",NULL,NULL,"2026-04-10 16:41:27.982794+00","int","B24114","acs",NULL,NULL,NULL,NULL
"1799","B24114_510","CENSUS_ACS","Estimate!!Total:!!Other woodworkers",NULL,NULL,"2026-04-10 16:41:27.982794+00","int","B24114","acs",NULL,NULL,NULL,NULL
"1800","B24114_511","CENSUS_ACS","Estimate!!Total:!!Power plant operators, distributors, and dispatchers",NULL,NULL,"2026-04-10 16:41:27.982794+00","int","B24114","acs",NULL,NULL,NULL,NULL
"1801","B24114_512","CENSUS_ACS","Estimate!!Total:!!Stationary engineers and boiler operators",NULL,NULL,"2026-04-10 16:41:27.982794+00","int","B24114","acs",NULL,NULL,NULL,NULL
"1802","B24114_513","CENSUS_ACS","Estimate!!Total:!!Water and wastewater treatment plant and system operators",NULL,NULL,"2026-04-10 16:41:27.982794+00","int","B24114","acs",NULL,NULL,NULL,NULL
"1803","B24114_514","CENSUS_ACS","Estimate!!Total:!!Miscellaneous plant and system operators",NULL,NULL,"2026-04-10 16:41:27.982794+00","int","B24114","acs",NULL,NULL,NULL,NULL
"1804","B24114_515","CENSUS_ACS","Estimate!!Total:!!Chemical processing machine setters, operators, and tenders",NULL,NULL,"2026-04-10 16:41:27.982794+00","int","B24114","acs",NULL,NULL,NULL,NULL
"1805","B24114_516","CENSUS_ACS","Estimate!!Total:!!Crushing, grinding, polishing, mixing, and blending workers",NULL,NULL,"2026-04-10 16:41:27.982794+00","int","B24114","acs",NULL,NULL,NULL,NULL
"1806","B24114_517","CENSUS_ACS","Estimate!!Total:!!Cutting workers",NULL,NULL,"2026-04-10 16:41:27.982794+00","int","B24114","acs",NULL,NULL,NULL,NULL
"1807","B24114_518","CENSUS_ACS","Estimate!!Total!!Extruding, forming, pressing, and compacting machine setters, operators, and tenders",NULL,NULL,"2026-04-10 16:41:27.982794+00","int","B24114","acs",NULL,NULL,NULL,NULL
"1808","B24114_519","CENSUS_ACS","Estimate!!Total:!!Furnace, kiln, oven, drier, and kettle operators and tenders",NULL,NULL,"2026-04-10 16:41:27.982794+00","int","B24114","acs",NULL,NULL,NULL,NULL
"1809","B24114_520","CENSUS_ACS","Estimate!!Total:!!Inspectors, testers, sorters, samplers, and weighers",NULL,NULL,"2026-04-10 16:41:27.982794+00","int","B24114","acs",NULL,NULL,NULL,NULL
"1810","B24114_521","CENSUS_ACS","Estimate!!Total:!!Jewelers and precious stone and metal workers",NULL,NULL,"2026-04-10 16:41:27.982794+00","int","B24114","acs",NULL,NULL,NULL,NULL
"1811","B24114_522","CENSUS_ACS","Estimate!!Total:!!Dental and ophthalmic laboratory technicians and medical appliance technicians",NULL,NULL,"2026-04-10 16:41:27.982794+00","int","B24114","acs",NULL,NULL,NULL,NULL
"1812","B24114_523","CENSUS_ACS","Estimate!!Total:!!Packaging and filling machine operators and tenders",NULL,NULL,"2026-04-10 16:41:27.982794+00","int","B24114","acs",NULL,NULL,NULL,NULL
"1813","B24114_524","CENSUS_ACS","Estimate!!Total:!!Painting workers",NULL,NULL,"2026-04-10 16:41:27.982794+00","int","B24114","acs",NULL,NULL,NULL,NULL
"1814","B24114_525","CENSUS_ACS","Estimate!!Total:!!Photographic process workers and processing machine operators",NULL,NULL,"2026-04-10 16:41:27.982794+00","int","B24114","acs",NULL,NULL,NULL,NULL
"1815","B24114_526","CENSUS_ACS","Estimate!!Total:!!Adhesive bonding machine operators and tenders",NULL,NULL,"2026-04-10 16:41:27.982794+00","int","B24114","acs",NULL,NULL,NULL,NULL
"1816","B24114_527","CENSUS_ACS","Estimate!!Total:!!Etchers and engravers",NULL,NULL,"2026-04-10 16:41:27.982794+00","int","B24114","acs",NULL,NULL,NULL,NULL
"1817","B24114_528","CENSUS_ACS","Estimate!!Total:!!Molders, shapers, and casters, except metal and plastic",NULL,NULL,"2026-04-10 16:41:27.982794+00","int","B24114","acs",NULL,NULL,NULL,NULL
"1818","B24114_529","CENSUS_ACS","Estimate!!Total:!!Paper goods machine setters, operators, and tenders",NULL,NULL,"2026-04-10 16:41:27.982794+00","int","B24114","acs",NULL,NULL,NULL,NULL
"1819","B24114_530","CENSUS_ACS","Estimate!!Total:!!Tire builders",NULL,NULL,"2026-04-10 16:41:27.982794+00","int","B24114","acs",NULL,NULL,NULL,NULL
"1820","B24114_531","CENSUS_ACS","Estimate!!Total:!!Helpers--production workers",NULL,NULL,"2026-04-10 16:41:27.982794+00","int","B24114","acs",NULL,NULL,NULL,NULL
"1821","B24114_532","CENSUS_ACS","Estimate!!Total:!!Other production equipment operators and tenders",NULL,NULL,"2026-04-10 16:41:27.982794+00","int","B24114","acs",NULL,NULL,NULL,NULL
"1822","B24114_533","CENSUS_ACS","Estimate!!Total:!!Other production workers",NULL,NULL,"2026-04-10 16:41:27.982794+00","int","B24114","acs",NULL,NULL,NULL,NULL
"1823","B24114_534","CENSUS_ACS","Estimate!!Total:!!Supervisors of transportation and material moving workers",NULL,NULL,"2026-04-10 16:41:27.982794+00","int","B24114","acs",NULL,NULL,NULL,NULL
"1824","B24114_535","CENSUS_ACS","Estimate!!Total:!!Aircraft pilots and flight engineers",NULL,NULL,"2026-04-10 16:41:27.982794+00","int","B24114","acs",NULL,NULL,NULL,NULL
"1825","B24114_536","CENSUS_ACS","Estimate!!Total:!!Air traffic controllers and airfield operations specialists",NULL,NULL,"2026-04-10 16:41:27.982794+00","int","B24114","acs",NULL,NULL,NULL,NULL
"1826","B24114_537","CENSUS_ACS","Estimate!!Total:!!Flight attendants",NULL,NULL,"2026-04-10 16:41:27.982794+00","int","B24114","acs",NULL,NULL,NULL,NULL
"1827","B24114_538","CENSUS_ACS","Estimate!!Total:!!Ambulance drivers and attendants, except emergency medical technicians",NULL,NULL,"2026-04-10 16:41:27.982794+00","int","B24114","acs",NULL,NULL,NULL,NULL
"1828","B24114_539","CENSUS_ACS","Estimate!!Total:!!Bus drivers, school",NULL,NULL,"2026-04-10 16:41:27.982794+00","int","B24114","acs",NULL,NULL,NULL,NULL
"1829","B24114_540","CENSUS_ACS","Estimate!!Total:!!Bus drivers, transit and intercity",NULL,NULL,"2026-04-10 16:41:27.982794+00","int","B24114","acs",NULL,NULL,NULL,NULL
"1830","B24114_541","CENSUS_ACS","Estimate!!Total:!!Driver/sales workers and truck drivers",NULL,NULL,"2026-04-10 16:41:27.982794+00","int","B24114","acs",NULL,NULL,NULL,NULL
"1831","B24114_542","CENSUS_ACS","Estimate!!Total:!!Shuttle drivers and chauffeurs",NULL,NULL,"2026-04-10 16:41:27.982794+00","int","B24114","acs",NULL,NULL,NULL,NULL
"1832","B24114_543","CENSUS_ACS","Estimate!!Total:!!Taxi drivers",NULL,NULL,"2026-04-10 16:41:27.982794+00","int","B24114","acs",NULL,NULL,NULL,NULL
"1833","B24114_544","CENSUS_ACS","Estimate!!Total:!!Motor vehicle operators, all other",NULL,NULL,"2026-04-10 16:41:27.982794+00","int","B24114","acs",NULL,NULL,NULL,NULL
"1834","B24114_545","CENSUS_ACS","Estimate!!Total:!!Locomotive engineers and operators",NULL,NULL,"2026-04-10 16:41:27.982794+00","int","B24114","acs",NULL,NULL,NULL,NULL
"1835","B24114_546","CENSUS_ACS","Estimate!!Total:!!Railroad conductors and yardmasters",NULL,NULL,"2026-04-10 16:41:27.982794+00","int","B24114","acs",NULL,NULL,NULL,NULL
"1836","B24114_547","CENSUS_ACS","Estimate!!Total:!!Other rail transportation workers",NULL,NULL,"2026-04-10 16:41:27.982794+00","int","B24114","acs",NULL,NULL,NULL,NULL
"1837","B24114_548","CENSUS_ACS","Estimate!!Total:!!Sailors and marine oilers",NULL,NULL,"2026-04-10 16:41:27.982794+00","int","B24114","acs",NULL,NULL,NULL,NULL
"1838","B24114_549","CENSUS_ACS","Estimate!!Total:!!Ship and boat captains and operators",NULL,NULL,"2026-04-10 16:41:27.982794+00","int","B24114","acs",NULL,NULL,NULL,NULL
"1839","B24114_550","CENSUS_ACS","Estimate!!Total:!!Ship engineers",NULL,NULL,"2026-04-10 16:41:27.982794+00","int","B24114","acs",NULL,NULL,NULL,NULL
"1840","B24114_551","CENSUS_ACS","Estimate!!Total:!!Parking attendants",NULL,NULL,"2026-04-10 16:41:27.982794+00","int","B24114","acs",NULL,NULL,NULL,NULL
"1841","B24114_552","CENSUS_ACS","Estimate!!Total:!!Transportation service attendants",NULL,NULL,"2026-04-10 16:41:27.982794+00","int","B24114","acs",NULL,NULL,NULL,NULL
"1842","B24114_553","CENSUS_ACS","Estimate!!Total:!!Transportation inspectors",NULL,NULL,"2026-04-10 16:41:27.982794+00","int","B24114","acs",NULL,NULL,NULL,NULL
"1843","B24114_554","CENSUS_ACS","Estimate!!Total:!!Passenger attendants",NULL,NULL,"2026-04-10 16:41:27.982794+00","int","B24114","acs",NULL,NULL,NULL,NULL
"1844","B24114_555","CENSUS_ACS","Estimate!!Total:!!Other transportation workers",NULL,NULL,"2026-04-10 16:41:27.982794+00","int","B24114","acs",NULL,NULL,NULL,NULL
"1845","B24114_556","CENSUS_ACS","Estimate!!Total:!!Crane and tower operators",NULL,NULL,"2026-04-10 16:41:27.982794+00","int","B24114","acs",NULL,NULL,NULL,NULL
"1846","B24114_557","CENSUS_ACS","Estimate!!Total:!!Conveyor, dredge, and hoist and winch operators",NULL,NULL,"2026-04-10 16:41:27.982794+00","int","B24114","acs",NULL,NULL,NULL,NULL
"1847","B24114_558","CENSUS_ACS","Estimate!!Total:!!Industrial truck and tractor operators",NULL,NULL,"2026-04-10 16:41:27.982794+00","int","B24114","acs",NULL,NULL,NULL,NULL
"1848","B24114_559","CENSUS_ACS","Estimate!!Total:!!Cleaners of vehicles and equipment",NULL,NULL,"2026-04-10 16:41:27.982794+00","int","B24114","acs",NULL,NULL,NULL,NULL
"1849","B24114_560","CENSUS_ACS","Estimate!!Total:!!Laborers and freight, stock, and material movers, hand",NULL,NULL,"2026-04-10 16:41:27.982794+00","int","B24114","acs",NULL,NULL,NULL,NULL
"1850","B24114_561","CENSUS_ACS","Estimate!!Total:!!Machine feeders and offbearers",NULL,NULL,"2026-04-10 16:41:27.982794+00","int","B24114","acs",NULL,NULL,NULL,NULL
"1851","B24114_562","CENSUS_ACS","Estimate!!Total:!!Packers and packagers, hand",NULL,NULL,"2026-04-10 16:41:27.982794+00","int","B24114","acs",NULL,NULL,NULL,NULL
"1852","B24114_563","CENSUS_ACS","Estimate!!Total:!!Stockers and order fillers",NULL,NULL,"2026-04-10 16:41:27.982794+00","int","B24114","acs",NULL,NULL,NULL,NULL
"1853","B24114_564","CENSUS_ACS","Estimate!!Total:!!Pumping station operators",NULL,NULL,"2026-04-10 16:41:27.982794+00","int","B24114","acs",NULL,NULL,NULL,NULL
"1854","B24114_565","CENSUS_ACS","Estimate!!Total:!!Refuse and recyclable material collectors",NULL,NULL,"2026-04-10 16:41:27.982794+00","int","B24114","acs",NULL,NULL,NULL,NULL
"1855","B24114_566","CENSUS_ACS","Estimate!!Total:!!Other material moving workers",NULL,NULL,"2026-04-10 16:41:27.982794+00","int","B24114","acs",NULL,NULL,NULL,NULL
"1856","B24134_001","CENSUS_ACS","Estimate!!Total",NULL,NULL,"2026-04-10 16:41:27.982794+00","int","B24134","acs",NULL,NULL,NULL,NULL
"1857","B24134_002","CENSUS_ACS","Estimate!!Total!!Crop production",NULL,NULL,"2026-04-10 16:41:27.982794+00","int","B24134","acs",NULL,NULL,NULL,NULL
"1858","B24134_003","CENSUS_ACS","Estimate!!Total!!Animal production and aquaculture",NULL,NULL,"2026-04-10 16:41:27.982794+00","int","B24134","acs",NULL,NULL,NULL,NULL
"1859","B24134_004","CENSUS_ACS","Estimate!!Total!!Forestry except logging",NULL,NULL,"2026-04-10 16:41:27.982794+00","int","B24134","acs",NULL,NULL,NULL,NULL
"1860","B24134_005","CENSUS_ACS","Estimate!!Total!!Logging",NULL,NULL,"2026-04-10 16:41:27.982794+00","int","B24134","acs",NULL,NULL,NULL,NULL
"1861","B24134_006","CENSUS_ACS","Estimate!!Total!!Fishing, hunting and trapping",NULL,NULL,"2026-04-10 16:41:27.982794+00","int","B24134","acs",NULL,NULL,NULL,NULL
"1862","B24134_007","CENSUS_ACS","Estimate!!Total!!Support activities for agriculture and forestry",NULL,NULL,"2026-04-10 16:41:27.982794+00","int","B24134","acs",NULL,NULL,NULL,NULL
"1863","B24134_008","CENSUS_ACS","Estimate!!Total!!Oil and gas extraction",NULL,NULL,"2026-04-10 16:41:27.982794+00","int","B24134","acs",NULL,NULL,NULL,NULL
"1864","B24134_009","CENSUS_ACS","Estimate!!Total!!Coal mining",NULL,NULL,"2026-04-10 16:41:27.982794+00","int","B24134","acs",NULL,NULL,NULL,NULL
"1865","B24134_010","CENSUS_ACS","Estimate!!Total!!Metal ore mining",NULL,NULL,"2026-04-10 16:41:27.982794+00","int","B24134","acs",NULL,NULL,NULL,NULL
"1866","B24134_011","CENSUS_ACS","Estimate!!Total!!Nonmetallic mineral mining and quarrying",NULL,NULL,"2026-04-10 16:41:27.982794+00","int","B24134","acs",NULL,NULL,NULL,NULL
"1867","B24134_012","CENSUS_ACS","Estimate!!Total!!Support activities for mining",NULL,NULL,"2026-04-10 16:41:27.982794+00","int","B24134","acs",NULL,NULL,NULL,NULL
"1868","B24134_013","CENSUS_ACS","Estimate!!Total!!Electric power generation, transmission and distribution",NULL,NULL,"2026-04-10 16:41:27.982794+00","int","B24134","acs",NULL,NULL,NULL,NULL
"1869","B24134_014","CENSUS_ACS","Estimate!!Total!!Natural gas distribution",NULL,NULL,"2026-04-10 16:41:27.982794+00","int","B24134","acs",NULL,NULL,NULL,NULL
"1870","B24134_015","CENSUS_ACS","Estimate!!Total!!Electric and gas, and other combinations",NULL,NULL,"2026-04-10 16:41:27.982794+00","int","B24134","acs",NULL,NULL,NULL,NULL
"1871","B24134_016","CENSUS_ACS","Estimate!!Total!!Water, steam, air-conditioning, and irrigation systems",NULL,NULL,"2026-04-10 16:41:27.982794+00","int","B24134","acs",NULL,NULL,NULL,NULL
"1872","B24134_017","CENSUS_ACS","Estimate!!Total!!Sewage treatment facilities",NULL,NULL,"2026-04-10 16:41:27.982794+00","int","B24134","acs",NULL,NULL,NULL,NULL
"1873","B24134_018","CENSUS_ACS","Estimate!!Total!!Not specified utilities",NULL,NULL,"2026-04-10 16:41:27.982794+00","int","B24134","acs",NULL,NULL,NULL,NULL
"1874","B24134_019","CENSUS_ACS","Estimate!!Total!!Construction (the cleaning of buildings and dwellings is incidental during construction and immediately after construction)",NULL,NULL,"2026-04-10 16:41:27.982794+00","int","B24134","acs",NULL,NULL,NULL,NULL
"1875","B24134_020","CENSUS_ACS","Estimate!!Total!!Animal food, grain and oilseed milling",NULL,NULL,"2026-04-10 16:41:27.982794+00","int","B24134","acs",NULL,NULL,NULL,NULL
"1876","B24134_021","CENSUS_ACS","Estimate!!Total!!Sugar and confectionery products",NULL,NULL,"2026-04-10 16:41:27.982794+00","int","B24134","acs",NULL,NULL,NULL,NULL
"1877","B24134_022","CENSUS_ACS","Estimate!!Total!!Fruit and vegetable preserving and specialty food manufacturing",NULL,NULL,"2026-04-10 16:41:27.982794+00","int","B24134","acs",NULL,NULL,NULL,NULL
"1878","B24134_023","CENSUS_ACS","Estimate!!Total!!Dairy product manufacturing",NULL,NULL,"2026-04-10 16:41:27.982794+00","int","B24134","acs",NULL,NULL,NULL,NULL
"1879","B24134_024","CENSUS_ACS","Estimate!!Total!!Animal slaughtering and processing",NULL,NULL,"2026-04-10 16:41:27.982794+00","int","B24134","acs",NULL,NULL,NULL,NULL
"1880","B24134_025","CENSUS_ACS","Estimate!!Total!!Retail bakeries",NULL,NULL,"2026-04-10 16:41:27.982794+00","int","B24134","acs",NULL,NULL,NULL,NULL
"1881","B24134_026","CENSUS_ACS","Estimate!!Total!!Bakeries and tortilla manufacturing, except retail bakeries",NULL,NULL,"2026-04-10 16:41:27.982794+00","int","B24134","acs",NULL,NULL,NULL,NULL
"1882","B24134_027","CENSUS_ACS","Estimate!!Total!!Seafood and other miscellaneous foods, n.e.c.",NULL,NULL,"2026-04-10 16:41:27.982794+00","int","B24134","acs",NULL,NULL,NULL,NULL
"1883","B24134_028","CENSUS_ACS","Estimate!!Total!!Not specified food industries",NULL,NULL,"2026-04-10 16:41:27.982794+00","int","B24134","acs",NULL,NULL,NULL,NULL
"1884","B24134_029","CENSUS_ACS","Estimate!!Total!!Beverage manufacturing",NULL,NULL,"2026-04-10 16:41:27.982794+00","int","B24134","acs",NULL,NULL,NULL,NULL
"1885","B24134_030","CENSUS_ACS","Estimate!!Total!!Tobacco manufacturing",NULL,NULL,"2026-04-10 16:41:27.982794+00","int","B24134","acs",NULL,NULL,NULL,NULL
"1886","B24134_031","CENSUS_ACS","Estimate!!Total!!Fiber, yarn, and thread mills",NULL,NULL,"2026-04-10 16:41:27.982794+00","int","B24134","acs",NULL,NULL,NULL,NULL
"1887","B24134_032","CENSUS_ACS","Estimate!!Total!!Fabric mills, except knitting mills",NULL,NULL,"2026-04-10 16:41:27.982794+00","int","B24134","acs",NULL,NULL,NULL,NULL
"1888","B24134_033","CENSUS_ACS","Estimate!!Total!!Textile and fabric finishing and fabric coating mills",NULL,NULL,"2026-04-10 16:41:27.982794+00","int","B24134","acs",NULL,NULL,NULL,NULL
"1889","B24134_034","CENSUS_ACS","Estimate!!Total!!Carpet and rug mills",NULL,NULL,"2026-04-10 16:41:27.982794+00","int","B24134","acs",NULL,NULL,NULL,NULL
"1890","B24134_035","CENSUS_ACS","Estimate!!Total!!Textile product mills, except carpet and rug",NULL,NULL,"2026-04-10 16:41:27.982794+00","int","B24134","acs",NULL,NULL,NULL,NULL
"1891","B24134_036","CENSUS_ACS","Estimate!!Total!!Knit fabric mills, and apparel knitting mills",NULL,NULL,"2026-04-10 16:41:27.982794+00","int","B24134","acs",NULL,NULL,NULL,NULL
"1892","B24134_037","CENSUS_ACS","Estimate!!Total!!Cut and sew, and apparel accessories and other apparel manufacturing",NULL,NULL,"2026-04-10 16:41:27.982794+00","int","B24134","acs",NULL,NULL,NULL,NULL
"1893","B24134_038","CENSUS_ACS","Estimate!!Total!!Footwear manufacturing",NULL,NULL,"2026-04-10 16:41:27.982794+00","int","B24134","acs",NULL,NULL,NULL,NULL
"1894","B24134_039","CENSUS_ACS","Estimate!!Total!!Leather and hide tanning and finishing, and other leather and allied product manufacturing",NULL,NULL,"2026-04-10 16:41:27.982794+00","int","B24134","acs",NULL,NULL,NULL,NULL
"1895","B24134_040","CENSUS_ACS","Estimate!!Total!!Pulp, paper, and paperboard mills",NULL,NULL,"2026-04-10 16:41:27.982794+00","int","B24134","acs",NULL,NULL,NULL,NULL
"1896","B24134_041","CENSUS_ACS","Estimate!!Total!!Paperboard container manufacturing",NULL,NULL,"2026-04-10 16:41:27.982794+00","int","B24134","acs",NULL,NULL,NULL,NULL
"1897","B24134_042","CENSUS_ACS","Estimate!!Total!!Miscellaneous paper and pulp products",NULL,NULL,"2026-04-10 16:41:27.982794+00","int","B24134","acs",NULL,NULL,NULL,NULL
"1898","B24134_043","CENSUS_ACS","Estimate!!Total!!Printing and related support activities",NULL,NULL,"2026-04-10 16:41:27.982794+00","int","B24134","acs",NULL,NULL,NULL,NULL
"1899","B24134_044","CENSUS_ACS","Estimate!!Total!!Petroleum refineries",NULL,NULL,"2026-04-10 16:41:27.982794+00","int","B24134","acs",NULL,NULL,NULL,NULL
"1900","B24134_045","CENSUS_ACS","Estimate!!Total!!Miscellaneous petroleum and coal products",NULL,NULL,"2026-04-10 16:41:27.982794+00","int","B24134","acs",NULL,NULL,NULL,NULL
"1901","B24134_046","CENSUS_ACS","Estimate!!Total!!Resin, synthetic rubber, and artificial and synthetic fibers and filaments manufacturing",NULL,NULL,"2026-04-10 16:41:27.982794+00","int","B24134","acs",NULL,NULL,NULL,NULL
"1902","B24134_047","CENSUS_ACS","Estimate!!Total!!Agricultural chemical manufacturing",NULL,NULL,"2026-04-10 16:41:27.982794+00","int","B24134","acs",NULL,NULL,NULL,NULL
"1903","B24134_048","CENSUS_ACS","Estimate!!Total!!Pharmaceutical and medicine manufacturing",NULL,NULL,"2026-04-10 16:41:27.982794+00","int","B24134","acs",NULL,NULL,NULL,NULL
"1904","B24134_049","CENSUS_ACS","Estimate!!Total!!Paint, coating, and adhesive manufacturing",NULL,NULL,"2026-04-10 16:41:27.982794+00","int","B24134","acs",NULL,NULL,NULL,NULL
"1905","B24134_050","CENSUS_ACS","Estimate!!Total!!Soap, cleaning compound, and cosmetics manufacturing",NULL,NULL,"2026-04-10 16:41:27.982794+00","int","B24134","acs",NULL,NULL,NULL,NULL
"1906","B24134_051","CENSUS_ACS","Estimate!!Total!!Basic chemical manufacturing, and other chemical product and preparation manufacturing",NULL,NULL,"2026-04-10 16:41:27.982794+00","int","B24134","acs",NULL,NULL,NULL,NULL
"1907","B24134_052","CENSUS_ACS","Estimate!!Total!!Plastics product manufacturing",NULL,NULL,"2026-04-10 16:41:27.982794+00","int","B24134","acs",NULL,NULL,NULL,NULL
"1908","B24134_053","CENSUS_ACS","Estimate!!Total!!Tire manufacturing",NULL,NULL,"2026-04-10 16:41:27.982794+00","int","B24134","acs",NULL,NULL,NULL,NULL
"1909","B24134_054","CENSUS_ACS","Estimate!!Total!!Rubber products, except tires, manufacturing",NULL,NULL,"2026-04-10 16:41:27.982794+00","int","B24134","acs",NULL,NULL,NULL,NULL
"1910","B24134_055","CENSUS_ACS","Estimate!!Total!!Pottery, ceramics, and plumbing fixture manufacturing",NULL,NULL,"2026-04-10 16:41:27.982794+00","int","B24134","acs",NULL,NULL,NULL,NULL
"1911","B24134_056","CENSUS_ACS","Estimate!!Total!!Clay building material and refractories manufacturing",NULL,NULL,"2026-04-10 16:41:27.982794+00","int","B24134","acs",NULL,NULL,NULL,NULL
"1912","B24134_057","CENSUS_ACS","Estimate!!Total!!Glass and glass product manufacturing",NULL,NULL,"2026-04-10 16:41:27.982794+00","int","B24134","acs",NULL,NULL,NULL,NULL
"1913","B24134_058","CENSUS_ACS","Estimate!!Total!!Cement, concrete, lime, and gypsum product manufacturing",NULL,NULL,"2026-04-10 16:41:27.982794+00","int","B24134","acs",NULL,NULL,NULL,NULL
"1914","B24134_059","CENSUS_ACS","Estimate!!Total!!Miscellaneous nonmetallic mineral product manufacturing",NULL,NULL,"2026-04-10 16:41:27.982794+00","int","B24134","acs",NULL,NULL,NULL,NULL
"1915","B24134_060","CENSUS_ACS","Estimate!!Total!!Iron and steel mills and steel product manufacturing",NULL,NULL,"2026-04-10 16:41:27.982794+00","int","B24134","acs",NULL,NULL,NULL,NULL
"1916","B24134_061","CENSUS_ACS","Estimate!!Total!!Aluminum production and processing",NULL,NULL,"2026-04-10 16:41:27.982794+00","int","B24134","acs",NULL,NULL,NULL,NULL
"1917","B24134_062","CENSUS_ACS","Estimate!!Total!!Nonferrous metal (except aluminum) production and processing",NULL,NULL,"2026-04-10 16:41:27.982794+00","int","B24134","acs",NULL,NULL,NULL,NULL
"1918","B24134_063","CENSUS_ACS","Estimate!!Total!!Foundries",NULL,NULL,"2026-04-10 16:41:27.982794+00","int","B24134","acs",NULL,NULL,NULL,NULL
"1919","B24134_064","CENSUS_ACS","Estimate!!Total!!Forging and stamping",NULL,NULL,"2026-04-10 16:41:27.982794+00","int","B24134","acs",NULL,NULL,NULL,NULL
"1920","B24134_065","CENSUS_ACS","Estimate!!Total!!Cutlery and handtool manufacturing",NULL,NULL,"2026-04-10 16:41:27.982794+00","int","B24134","acs",NULL,NULL,NULL,NULL
"1921","B24134_066","CENSUS_ACS","Estimate!!Total!!Architectural and structural metals, and boiler, tank, and shipping container manufacturing",NULL,NULL,"2026-04-10 16:41:27.982794+00","int","B24134","acs",NULL,NULL,NULL,NULL
"1922","B24134_067","CENSUS_ACS","Estimate!!Total!!Machine shops; turned product; screw, nut, and bolt manufacturing",NULL,NULL,"2026-04-10 16:41:27.982794+00","int","B24134","acs",NULL,NULL,NULL,NULL
"1923","B24134_068","CENSUS_ACS","Estimate!!Total!!Coating, engraving, heat treating, and allied activities",NULL,NULL,"2026-04-10 16:41:27.982794+00","int","B24134","acs",NULL,NULL,NULL,NULL
"1924","B24134_069","CENSUS_ACS","Estimate!!Total!!Ordnance",NULL,NULL,"2026-04-10 16:41:27.982794+00","int","B24134","acs",NULL,NULL,NULL,NULL
"1925","B24134_070","CENSUS_ACS","Estimate!!Total!!Miscellaneous fabricated metal products manufacturing",NULL,NULL,"2026-04-10 16:41:27.982794+00","int","B24134","acs",NULL,NULL,NULL,NULL
"1926","B24134_071","CENSUS_ACS","Estimate!!Total!!Not specified metal industries",NULL,NULL,"2026-04-10 16:41:27.982794+00","int","B24134","acs",NULL,NULL,NULL,NULL
"1927","B24134_072","CENSUS_ACS","Estimate!!Total!!Agricultural implement manufacturing",NULL,NULL,"2026-04-10 16:41:27.982794+00","int","B24134","acs",NULL,NULL,NULL,NULL
"1928","B24134_073","CENSUS_ACS","Estimate!!Total!!Construction, and mining and oil and gas field machinery manufacturing",NULL,NULL,"2026-04-10 16:41:27.982794+00","int","B24134","acs",NULL,NULL,NULL,NULL
"1929","B24134_074","CENSUS_ACS","Estimate!!Total!!Commercial and service industry machinery manufacturing",NULL,NULL,"2026-04-10 16:41:27.982794+00","int","B24134","acs",NULL,NULL,NULL,NULL
"1930","B24134_075","CENSUS_ACS","Estimate!!Total!!Metalworking machinery manufacturing",NULL,NULL,"2026-04-10 16:41:27.982794+00","int","B24134","acs",NULL,NULL,NULL,NULL
"1931","B24134_076","CENSUS_ACS","Estimate!!Total!!Engine, turbine, and power transmission equipment manufacturing",NULL,NULL,"2026-04-10 16:41:27.982794+00","int","B24134","acs",NULL,NULL,NULL,NULL
"1932","B24134_077","CENSUS_ACS","Estimate!!Total!!Machinery manufacturing, n.e.c. or not specified",NULL,NULL,"2026-04-10 16:41:27.982794+00","int","B24134","acs",NULL,NULL,NULL,NULL
"1933","B24134_078","CENSUS_ACS","Estimate!!Total!!Computer and peripheral equipment manufacturing",NULL,NULL,"2026-04-10 16:41:27.982794+00","int","B24134","acs",NULL,NULL,NULL,NULL
"1934","B24134_079","CENSUS_ACS","Estimate!!Total!!Communications, audio, and video equipment manufacturing",NULL,NULL,"2026-04-10 16:41:27.982794+00","int","B24134","acs",NULL,NULL,NULL,NULL
"1935","B24134_080","CENSUS_ACS","Estimate!!Total!!Navigational, measuring, electromedical, and control instruments manufacturing",NULL,NULL,"2026-04-10 16:41:27.982794+00","int","B24134","acs",NULL,NULL,NULL,NULL
"1936","B24134_081","CENSUS_ACS","Estimate!!Total!!Semiconductor, magnetic and optical media, and other electronic component manufacturing",NULL,NULL,"2026-04-10 16:41:27.982794+00","int","B24134","acs",NULL,NULL,NULL,NULL
"1937","B24134_082","CENSUS_ACS","Estimate!!Total!!Household appliance manufacturing",NULL,NULL,"2026-04-10 16:41:27.982794+00","int","B24134","acs",NULL,NULL,NULL,NULL
"1938","B24134_083","CENSUS_ACS","Estimate!!Total!!Electric lighting and electrical equipment manufacturing, and other electrical component manufacturing, n.e.c.",NULL,NULL,"2026-04-10 16:41:27.982794+00","int","B24134","acs",NULL,NULL,NULL,NULL
"1939","B24134_084","CENSUS_ACS","Estimate!!Total!!Motor vehicles and motor vehicle equipment manufacturing",NULL,NULL,"2026-04-10 16:41:27.982794+00","int","B24134","acs",NULL,NULL,NULL,NULL
"1940","B24134_085","CENSUS_ACS","Estimate!!Total!!Aircraft and parts manufacturing",NULL,NULL,"2026-04-10 16:41:27.982794+00","int","B24134","acs",NULL,NULL,NULL,NULL
"1941","B24134_086","CENSUS_ACS","Estimate!!Total!!Guided missile and space vehicle and parts manufacturing",NULL,NULL,"2026-04-10 16:41:27.982794+00","int","B24134","acs",NULL,NULL,NULL,NULL
"1942","B24134_087","CENSUS_ACS","Estimate!!Total!!Railroad rolling stock manufacturing",NULL,NULL,"2026-04-10 16:41:27.982794+00","int","B24134","acs",NULL,NULL,NULL,NULL
"1943","B24134_088","CENSUS_ACS","Estimate!!Total!!Ship and boat building",NULL,NULL,"2026-04-10 16:41:27.982794+00","int","B24134","acs",NULL,NULL,NULL,NULL
"1944","B24134_089","CENSUS_ACS","Estimate!!Total!!Other transportation equipment manufacturing",NULL,NULL,"2026-04-10 16:41:27.982794+00","int","B24134","acs",NULL,NULL,NULL,NULL
"1945","B24134_090","CENSUS_ACS","Estimate!!Total!!Sawmills and wood preservation",NULL,NULL,"2026-04-10 16:41:27.982794+00","int","B24134","acs",NULL,NULL,NULL,NULL
"1946","B24134_091","CENSUS_ACS","Estimate!!Total!!Veneer, plywood, and engineered wood product manufacturing",NULL,NULL,"2026-04-10 16:41:27.982794+00","int","B24134","acs",NULL,NULL,NULL,NULL
"1947","B24134_092","CENSUS_ACS","Estimate!!Total!!Manufactured home (mobile home) and prefabricated wood building manufacturing",NULL,NULL,"2026-04-10 16:41:27.982794+00","int","B24134","acs",NULL,NULL,NULL,NULL
"1948","B24134_093","CENSUS_ACS","Estimate!!Total!!Miscellaneous wood products",NULL,NULL,"2026-04-10 16:41:27.982794+00","int","B24134","acs",NULL,NULL,NULL,NULL
"1949","B24134_094","CENSUS_ACS","Estimate!!Total!!Furniture and related product manufacturing",NULL,NULL,"2026-04-10 16:41:27.982794+00","int","B24134","acs",NULL,NULL,NULL,NULL
"1950","B24134_095","CENSUS_ACS","Estimate!!Total!!Medical equipment and supplies manufacturing",NULL,NULL,"2026-04-10 16:41:27.982794+00","int","B24134","acs",NULL,NULL,NULL,NULL
"1951","B24134_096","CENSUS_ACS","Estimate!!Total!!Sporting and athletic goods, and doll, toy and game manufacturing",NULL,NULL,"2026-04-10 16:41:27.982794+00","int","B24134","acs",NULL,NULL,NULL,NULL
"1952","B24134_097","CENSUS_ACS","Estimate!!Total!!Miscellaneous manufacturing, n.e.c.",NULL,NULL,"2026-04-10 16:41:27.982794+00","int","B24134","acs",NULL,NULL,NULL,NULL
"1953","B24134_098","CENSUS_ACS","Estimate!!Total!!Not specified manufacturing industries",NULL,NULL,"2026-04-10 16:41:27.982794+00","int","B24134","acs",NULL,NULL,NULL,NULL
"1954","B24134_099","CENSUS_ACS","Estimate!!Total!!Motor vehicle and motor vehicle parts and supplies merchant wholesalers",NULL,NULL,"2026-04-10 16:41:27.982794+00","int","B24134","acs",NULL,NULL,NULL,NULL
"1955","B24134_100","CENSUS_ACS","Estimate!!Total!!Furniture and home furnishing merchant wholesalers",NULL,NULL,"2026-04-10 16:41:27.982794+00","int","B24134","acs",NULL,NULL,NULL,NULL
"1956","B24134_101","CENSUS_ACS","Estimate!!Total!!Lumber and other construction materials merchant wholesalers",NULL,NULL,"2026-04-10 16:41:27.982794+00","int","B24134","acs",NULL,NULL,NULL,NULL
"1957","B24134_102","CENSUS_ACS","Estimate!!Total!!Professional and commercial equipment and supplies merchant wholesalers",NULL,NULL,"2026-04-10 16:41:27.982794+00","int","B24134","acs",NULL,NULL,NULL,NULL
"1958","B24134_103","CENSUS_ACS","Estimate!!Total!!Metals and minerals, except petroleum, merchant wholesalers",NULL,NULL,"2026-04-10 16:41:27.982794+00","int","B24134","acs",NULL,NULL,NULL,NULL
"1959","B24134_104","CENSUS_ACS","Estimate!!Total!!Household appliances and electrical and electronic goods merchant wholesalers",NULL,NULL,"2026-04-10 16:41:27.982794+00","int","B24134","acs",NULL,NULL,NULL,NULL
"1960","B24134_105","CENSUS_ACS","Estimate!!Total!!Hardware, and plumbing and heating equipment, and supplies merchant wholesalers",NULL,NULL,"2026-04-10 16:41:27.982794+00","int","B24134","acs",NULL,NULL,NULL,NULL
"1961","B24134_106","CENSUS_ACS","Estimate!!Total!!Machinery, equipment, and supplies merchant wholesalers",NULL,NULL,"2026-04-10 16:41:27.982794+00","int","B24134","acs",NULL,NULL,NULL,NULL
"1962","B24134_107","CENSUS_ACS","Estimate!!Total!!Recyclable material merchant wholesalers",NULL,NULL,"2026-04-10 16:41:27.982794+00","int","B24134","acs",NULL,NULL,NULL,NULL
"1963","B24134_108","CENSUS_ACS","Estimate!!Total!!Miscellaneous durable goods, except recyclable material, merchant wholesalers",NULL,NULL,"2026-04-10 16:41:27.982794+00","int","B24134","acs",NULL,NULL,NULL,NULL
"1964","B24134_109","CENSUS_ACS","Estimate!!Total!!Paper and paper product merchant wholesalers",NULL,NULL,"2026-04-10 16:41:27.982794+00","int","B24134","acs",NULL,NULL,NULL,NULL
"1965","B24134_110","CENSUS_ACS","Estimate!!Total!!Drugs, sundries, and chemical and allied products merchant  wholesalers",NULL,NULL,"2026-04-10 16:41:27.982794+00","int","B24134","acs",NULL,NULL,NULL,NULL
"1966","B24134_111","CENSUS_ACS","Estimate!!Total!!Apparel, piece goods, and notions merchant wholesalers",NULL,NULL,"2026-04-10 16:41:27.982794+00","int","B24134","acs",NULL,NULL,NULL,NULL
"1967","B24134_112","CENSUS_ACS","Estimate!!Total!!Grocery and related product merchant wholesalers",NULL,NULL,"2026-04-10 16:41:27.982794+00","int","B24134","acs",NULL,NULL,NULL,NULL
"1968","B24134_113","CENSUS_ACS","Estimate!!Total!!Farm product raw material merchant wholesalers",NULL,NULL,"2026-04-10 16:41:27.982794+00","int","B24134","acs",NULL,NULL,NULL,NULL
"1969","B24134_114","CENSUS_ACS","Estimate!!Total!!Petroleum and petroleum products merchant wholesalers",NULL,NULL,"2026-04-10 16:41:27.982794+00","int","B24134","acs",NULL,NULL,NULL,NULL
"1970","B24134_115","CENSUS_ACS","Estimate!!Total!!Alcoholic beverages merchant wholesalers",NULL,NULL,"2026-04-10 16:41:27.982794+00","int","B24134","acs",NULL,NULL,NULL,NULL
"1971","B24134_116","CENSUS_ACS","Estimate!!Total!!Farm supplies merchant wholesalers",NULL,NULL,"2026-04-10 16:41:27.982794+00","int","B24134","acs",NULL,NULL,NULL,NULL
"1972","B24134_117","CENSUS_ACS","Estimate!!Total!!Miscellaneous nondurable goods merchant, except farm supplies, wholesalers",NULL,NULL,"2026-04-10 16:41:27.982794+00","int","B24134","acs",NULL,NULL,NULL,NULL
"1973","B24134_118","CENSUS_ACS","Estimate!!Total!!Wholesale electronic markets and agents and brokers",NULL,NULL,"2026-04-10 16:41:27.982794+00","int","B24134","acs",NULL,NULL,NULL,NULL
"1974","B24134_119","CENSUS_ACS","Estimate!!Total!!Not specified wholesale trade",NULL,NULL,"2026-04-10 16:41:27.982794+00","int","B24134","acs",NULL,NULL,NULL,NULL
"1975","B24134_120","CENSUS_ACS","Estimate!!Total!!Automobile dealers",NULL,NULL,"2026-04-10 16:41:27.982794+00","int","B24134","acs",NULL,NULL,NULL,NULL
"1976","B24134_121","CENSUS_ACS","Estimate!!Total!!Other motor vehicle dealers",NULL,NULL,"2026-04-10 16:41:27.982794+00","int","B24134","acs",NULL,NULL,NULL,NULL
"1977","B24134_122","CENSUS_ACS","Estimate!!Total!!Automotive parts, accessories, and tire stores",NULL,NULL,"2026-04-10 16:41:27.982794+00","int","B24134","acs",NULL,NULL,NULL,NULL
"1978","B24134_123","CENSUS_ACS","Estimate!!Total!!Furniture and home furnishings stores",NULL,NULL,"2026-04-10 16:41:27.982794+00","int","B24134","acs",NULL,NULL,NULL,NULL
"1979","B24134_124","CENSUS_ACS","Estimate!!Total!!Household appliance stores",NULL,NULL,"2026-04-10 16:41:27.982794+00","int","B24134","acs",NULL,NULL,NULL,NULL
"1980","B24134_125","CENSUS_ACS","Estimate!!Total!!Electronics Stores",NULL,NULL,"2026-04-10 16:41:27.982794+00","int","B24134","acs",NULL,NULL,NULL,NULL
"1981","B24134_126","CENSUS_ACS","Estimate!!Total!!Hardware retailers",NULL,NULL,"2026-04-10 16:41:27.982794+00","int","B24134","acs",NULL,NULL,NULL,NULL
"1982","B24134_127","CENSUS_ACS","Estimate!!Total!!Lawn and garden equipment and supplies retailers",NULL,NULL,"2026-04-10 16:41:27.982794+00","int","B24134","acs",NULL,NULL,NULL,NULL
"1983","B24134_128","CENSUS_ACS","Estimate!!Total!!Supermarkets and other grocery (except convenience) retailers",NULL,NULL,"2026-04-10 16:41:27.982794+00","int","B24134","acs",NULL,NULL,NULL,NULL
"1984","B24134_129","CENSUS_ACS","Estimate!!Total!!Convenience retailers and vending machine operators",NULL,NULL,"2026-04-10 16:41:27.982794+00","int","B24134","acs",NULL,NULL,NULL,NULL
"1985","B24134_130","CENSUS_ACS","Estimate!!Total!!Specialty food retailers",NULL,NULL,"2026-04-10 16:41:27.982794+00","int","B24134","acs",NULL,NULL,NULL,NULL
"1986","B24134_131","CENSUS_ACS","Estimate!!Total!!Specialty food stores",NULL,NULL,"2026-04-10 16:41:27.982794+00","int","B24134","acs",NULL,NULL,NULL,NULL
"1987","B24134_132","CENSUS_ACS","Estimate!!Total!!Beer, wine, and liquor stores",NULL,NULL,"2026-04-10 16:41:27.982794+00","int","B24134","acs",NULL,NULL,NULL,NULL
"1988","B24134_133","CENSUS_ACS","Estimate!!Total!!Pharmacies and drug stores",NULL,NULL,"2026-04-10 16:41:27.982794+00","int","B24134","acs",NULL,NULL,NULL,NULL
"1989","B24134_134","CENSUS_ACS","Estimate!!Total!!Health and personal care, except drug, stores",NULL,NULL,"2026-04-10 16:41:27.982794+00","int","B24134","acs",NULL,NULL,NULL,NULL
"1990","B24134_135","CENSUS_ACS","Estimate!!Total!!Gasoline stations",NULL,NULL,"2026-04-10 16:41:27.982794+00","int","B24134","acs",NULL,NULL,NULL,NULL
"1991","B24134_136","CENSUS_ACS","Estimate!!Total!!Shoe retailers",NULL,NULL,"2026-04-10 16:41:27.982794+00","int","B24134","acs",NULL,NULL,NULL,NULL
"1992","B24134_137","CENSUS_ACS","Estimate!!Total!!Jewelry, luggage, and leather goods retailers",NULL,NULL,"2026-04-10 16:41:27.982794+00","int","B24134","acs",NULL,NULL,NULL,NULL
"1993","B24134_138","CENSUS_ACS","Estimate!!Total!!Jewelry, luggage, and leather goods stores",NULL,NULL,"2026-04-10 16:41:27.982794+00","int","B24134","acs",NULL,NULL,NULL,NULL
"1994","B24134_139","CENSUS_ACS","Estimate!!Total!!Sewing, needlework, and piece goods retailers",NULL,NULL,"2026-04-10 16:41:27.982794+00","int","B24134","acs",NULL,NULL,NULL,NULL
"1995","B24134_140","CENSUS_ACS","Estimate!!Total!!Sewing, needlework, and piece goods stores",NULL,NULL,"2026-04-10 16:41:27.982794+00","int","B24134","acs",NULL,NULL,NULL,NULL
"1996","B24134_141","CENSUS_ACS","Estimate!!Total!!Musical instrument and supplies stores",NULL,NULL,"2026-04-10 16:41:27.982794+00","int","B24134","acs",NULL,NULL,NULL,NULL
"1997","B24134_142","CENSUS_ACS","Estimate!!Total!!Book stores and news dealers",NULL,NULL,"2026-04-10 16:41:27.982794+00","int","B24134","acs",NULL,NULL,NULL,NULL
"1998","B24134_143","CENSUS_ACS","Estimate!!Total!!Department stores",NULL,NULL,"2026-04-10 16:41:27.982794+00","int","B24134","acs",NULL,NULL,NULL,NULL
"1999","B24134_144","CENSUS_ACS","Estimate!!Total!!General merchandise stores, including warehouse clubs and supercenters",NULL,NULL,"2026-04-10 16:41:27.982794+00","int","B24134","acs",NULL,NULL,NULL,NULL
"2000","B24134_145","CENSUS_ACS","Estimate!!Total!!Florists",NULL,NULL,"2026-04-10 16:41:27.982794+00","int","B24134","acs",NULL,NULL,NULL,NULL
"2001","B24134_146","CENSUS_ACS","Estimate!!Total!!Office supplies and stationery stores",NULL,NULL,"2026-04-10 16:41:27.982794+00","int","B24134","acs",NULL,NULL,NULL,NULL
"2002","B24134_147","CENSUS_ACS","Estimate!!Total!!Gift, novelty, and souvenir retailers",NULL,NULL,"2026-04-10 16:41:27.982794+00","int","B24134","acs",NULL,NULL,NULL,NULL
"2003","B24134_148","CENSUS_ACS","Estimate!!Total!!Gift, novelty, and souvenir shops",NULL,NULL,"2026-04-10 16:41:27.982794+00","int","B24134","acs",NULL,NULL,NULL,NULL
"2004","B24134_149","CENSUS_ACS","Estimate!!Total!!Fuel dealers",NULL,NULL,"2026-04-10 16:41:27.982794+00","int","B24134","acs",NULL,NULL,NULL,NULL
"2005","B24134_150","CENSUS_ACS","Estimate!!Total!!Not specified retail trade",NULL,NULL,"2026-04-10 16:41:27.982794+00","int","B24134","acs",NULL,NULL,NULL,NULL
"2006","B24134_151","CENSUS_ACS","Estimate!!Total!!Air transportation",NULL,NULL,"2026-04-10 16:41:27.982794+00","int","B24134","acs",NULL,NULL,NULL,NULL
"2007","B24134_152","CENSUS_ACS","Estimate!!Total!!Fuel dealers",NULL,NULL,"2026-04-10 16:41:27.982794+00","int","B24134","acs",NULL,NULL,NULL,NULL
"2008","B24134_153","CENSUS_ACS","Estimate!!Total!!Other direct selling establishments",NULL,NULL,"2026-04-10 16:41:27.982794+00","int","B24134","acs",NULL,NULL,NULL,NULL
"2009","B24134_154","CENSUS_ACS","Estimate!!Total!!Not specified retail trade",NULL,NULL,"2026-04-10 16:41:27.982794+00","int","B24134","acs",NULL,NULL,NULL,NULL
"2010","B24134_155","CENSUS_ACS","Estimate!!Total!!Air transportation",NULL,NULL,"2026-04-10 16:41:27.982794+00","int","B24134","acs",NULL,NULL,NULL,NULL
"2011","B24134_156","CENSUS_ACS","Estimate!!Total!!Rail transportation",NULL,NULL,"2026-04-10 16:41:27.982794+00","int","B24134","acs",NULL,NULL,NULL,NULL
"2012","B24134_157","CENSUS_ACS","Estimate!!Total!!Water transportation",NULL,NULL,"2026-04-10 16:41:27.982794+00","int","B24134","acs",NULL,NULL,NULL,NULL
"2013","B24134_158","CENSUS_ACS","Estimate!!Total!!Truck transportation",NULL,NULL,"2026-04-10 16:41:27.982794+00","int","B24134","acs",NULL,NULL,NULL,NULL
"2014","B24134_159","CENSUS_ACS","Estimate!!Total!!Bus service and urban transit",NULL,NULL,"2026-04-10 16:41:27.982794+00","int","B24134","acs",NULL,NULL,NULL,NULL
"2015","B24134_160","CENSUS_ACS","Estimate!!Total!!Taxi and limousine service",NULL,NULL,"2026-04-10 16:41:27.982794+00","int","B24134","acs",NULL,NULL,NULL,NULL
"2016","B24134_161","CENSUS_ACS","Estimate!!Total!!Couriers and messengers",NULL,NULL,"2026-04-10 16:41:27.982794+00","int","B24134","acs",NULL,NULL,NULL,NULL
"2017","B24134_162","CENSUS_ACS","Estimate!!Total!!Scenic and sightseeing transportation",NULL,NULL,"2026-04-10 16:41:27.982794+00","int","B24134","acs",NULL,NULL,NULL,NULL
"2018","B24134_163","CENSUS_ACS","Estimate!!Total!!Services incidental to transportation",NULL,NULL,"2026-04-10 16:41:27.982794+00","int","B24134","acs",NULL,NULL,NULL,NULL
"2019","B24134_164","CENSUS_ACS","Estimate!!Total!!Postal Service",NULL,NULL,"2026-04-10 16:41:27.982794+00","int","B24134","acs",NULL,NULL,NULL,NULL
"2020","B24134_165","CENSUS_ACS","Estimate!!Total!!Couriers and messengers",NULL,NULL,"2026-04-10 16:41:27.982794+00","int","B24134","acs",NULL,NULL,NULL,NULL
"2021","B24134_166","CENSUS_ACS","Estimate!!Total!!Warehousing and storage",NULL,NULL,"2026-04-10 16:41:27.982794+00","int","B24134","acs",NULL,NULL,NULL,NULL
"2022","B24134_167","CENSUS_ACS","Estimate!!Total!!Newspaper publishers",NULL,NULL,"2026-04-10 16:41:27.982794+00","int","B24134","acs",NULL,NULL,NULL,NULL
"2023","B24134_168","CENSUS_ACS","Estimate!!Total!!Periodical, book, and directory publishers",NULL,NULL,"2026-04-10 16:41:27.982794+00","int","B24134","acs",NULL,NULL,NULL,NULL
"2024","B24134_169","CENSUS_ACS","Estimate!!Total!!Software publishers",NULL,NULL,"2026-04-10 16:41:27.982794+00","int","B24134","acs",NULL,NULL,NULL,NULL
"2025","B24134_170","CENSUS_ACS","Estimate!!Total!!Motion pictures and video industries",NULL,NULL,"2026-04-10 16:41:27.982794+00","int","B24134","acs",NULL,NULL,NULL,NULL
"2026","B24134_171","CENSUS_ACS","Estimate!!Total!!Sound recording industries",NULL,NULL,"2026-04-10 16:41:27.982794+00","int","B24134","acs",NULL,NULL,NULL,NULL
"2027","B24134_172","CENSUS_ACS","Estimate!!Total!!Broadcasting (except internet)",NULL,NULL,"2026-04-10 16:41:27.982794+00","int","B24134","acs",NULL,NULL,NULL,NULL
"2028","B24134_173","CENSUS_ACS","Estimate!!Total!!Web search portals and all other information services",NULL,NULL,"2026-04-10 16:41:27.982794+00","int","B24134","acs",NULL,NULL,NULL,NULL
"2029","B24134_174","CENSUS_ACS","Estimate!!Total!!Monetary authorities-central bank, and commercial banking",NULL,NULL,"2026-04-10 16:41:27.982794+00","int","B24134","acs",NULL,NULL,NULL,NULL
"2030","B24134_175","CENSUS_ACS","Estimate!!Total!!Telecommunications, except wired telecommunications carriers",NULL,NULL,"2026-04-10 16:41:27.982794+00","int","B24134","acs",NULL,NULL,NULL,NULL
"2031","B24134_176","CENSUS_ACS","Estimate!!Total!!Nondepository credit intermediation and related activities",NULL,NULL,"2026-04-10 16:41:27.982794+00","int","B24134","acs",NULL,NULL,NULL,NULL
"2032","B24134_177","CENSUS_ACS","Estimate!!Total!!Libraries and archives",NULL,NULL,"2026-04-10 16:41:27.982794+00","int","B24134","acs",NULL,NULL,NULL,NULL
"2033","B24134_178","CENSUS_ACS","Estimate!!Total!!Other information services, except libraries and archives, and internet publishing and broadcasting and web search portals",NULL,NULL,"2026-04-10 16:41:27.982794+00","int","B24134","acs",NULL,NULL,NULL,NULL
"2034","B24134_179","CENSUS_ACS","Estimate!!Total!!Banking and related activities",NULL,NULL,"2026-04-10 16:41:27.982794+00","int","B24134","acs",NULL,NULL,NULL,NULL
"2035","B24134_180","CENSUS_ACS","Estimate!!Total!!Savings institutions, including credit unions",NULL,NULL,"2026-04-10 16:41:27.982794+00","int","B24134","acs",NULL,NULL,NULL,NULL
"2036","B24134_181","CENSUS_ACS","Estimate!!Total!!Nondepository credit and related activities",NULL,NULL,"2026-04-10 16:41:27.982794+00","int","B24134","acs",NULL,NULL,NULL,NULL
"2037","B24134_182","CENSUS_ACS","Estimate!!Total!!Securities, commodities, funds, trusts, and other financial investments",NULL,NULL,"2026-04-10 16:41:27.982794+00","int","B24134","acs",NULL,NULL,NULL,NULL
"2038","B24134_183","CENSUS_ACS","Estimate!!Total!!Insurance carriers",NULL,NULL,"2026-04-10 16:41:27.982794+00","int","B24134","acs",NULL,NULL,NULL,NULL
"2039","B24134_184","CENSUS_ACS","Estimate!!Total!!Agencies, brokerages, and other insurance related activities",NULL,NULL,"2026-04-10 16:41:27.982794+00","int","B24134","acs",NULL,NULL,NULL,NULL
"2040","B24134_185","CENSUS_ACS","Estimate!!Total!!Lessors of real estate, and offices of real estate agents and brokers",NULL,NULL,"2026-04-10 16:41:27.982794+00","int","B24134","acs",NULL,NULL,NULL,NULL
"2041","B24134_186","CENSUS_ACS","Estimate!!Total!!Real estate property managers, offices of real estate appraisers, and other activities related to real estate",NULL,NULL,"2026-04-10 16:41:27.982794+00","int","B24134","acs",NULL,NULL,NULL,NULL
"2042","B24134_187","CENSUS_ACS","Estimate!!Total!!Automotive equipment rental and leasing",NULL,NULL,"2026-04-10 16:41:27.982794+00","int","B24134","acs",NULL,NULL,NULL,NULL
"2043","B24134_188","CENSUS_ACS","Estimate!!Total!!Specialized design services",NULL,NULL,"2026-04-10 16:41:27.982794+00","int","B24134","acs",NULL,NULL,NULL,NULL
"2044","B24134_189","CENSUS_ACS","Estimate!!Total!!Commercial, industrial, and other intangible assets rental and leasing",NULL,NULL,"2026-04-10 16:41:27.982794+00","int","B24134","acs",NULL,NULL,NULL,NULL
"2045","B24134_190","CENSUS_ACS","Estimate!!Total!!Management, scientific, and technical consulting services",NULL,NULL,"2026-04-10 16:41:27.982794+00","int","B24134","acs",NULL,NULL,NULL,NULL
"2046","B24134_191","CENSUS_ACS","Estimate!!Total!!Accounting, tax preparation, bookkeeping, and payroll services",NULL,NULL,"2026-04-10 16:41:27.982794+00","int","B24134","acs",NULL,NULL,NULL,NULL
"2047","B24134_192","CENSUS_ACS","Estimate!!Total!!Architectural, engineering, and related services",NULL,NULL,"2026-04-10 16:41:27.982794+00","int","B24134","acs",NULL,NULL,NULL,NULL
"2048","B24134_193","CENSUS_ACS","Estimate!!Total!!Veterinary services",NULL,NULL,"2026-04-10 16:41:27.982794+00","int","B24134","acs",NULL,NULL,NULL,NULL
"2049","B24134_194","CENSUS_ACS","Estimate!!Total!!Computer systems design and related services",NULL,NULL,"2026-04-10 16:41:27.982794+00","int","B24134","acs",NULL,NULL,NULL,NULL
"2050","B24134_195","CENSUS_ACS","Estimate!!Total!!Management of companies and enterprises",NULL,NULL,"2026-04-10 16:41:27.982794+00","int","B24134","acs",NULL,NULL,NULL,NULL
"2051","B24134_196","CENSUS_ACS","Estimate!!Total!!Scientific research and development services",NULL,NULL,"2026-04-10 16:41:27.982794+00","int","B24134","acs",NULL,NULL,NULL,NULL
"2052","B24134_197","CENSUS_ACS","Estimate!!Total!!Business support services",NULL,NULL,"2026-04-10 16:41:27.982794+00","int","B24134","acs",NULL,NULL,NULL,NULL
"2053","B24134_198","CENSUS_ACS","Estimate!!Total!!Veterinary services",NULL,NULL,"2026-04-10 16:41:27.982794+00","int","B24134","acs",NULL,NULL,NULL,NULL
"2054","B24134_199","CENSUS_ACS","Estimate!!Total!!Other professional, scientific, and technical services",NULL,NULL,"2026-04-10 16:41:27.982794+00","int","B24134","acs",NULL,NULL,NULL,NULL
"2055","B24134_200","CENSUS_ACS","Estimate!!Total!!Management of companies and enterprises",NULL,NULL,"2026-04-10 16:41:27.982794+00","int","B24134","acs",NULL,NULL,NULL,NULL
"2056","B24134_201","CENSUS_ACS","Estimate!!Total!!Employment services",NULL,NULL,"2026-04-10 16:41:27.982794+00","int","B24134","acs",NULL,NULL,NULL,NULL
"2057","B24134_202","CENSUS_ACS","Estimate!!Total!!Other administrative and other support services",NULL,NULL,"2026-04-10 16:41:27.982794+00","int","B24134","acs",NULL,NULL,NULL,NULL
"2058","B24134_203","CENSUS_ACS","Estimate!!Total!!Travel arrangements and reservation services",NULL,NULL,"2026-04-10 16:41:27.982794+00","int","B24134","acs",NULL,NULL,NULL,NULL
"2059","B24134_204","CENSUS_ACS","Estimate!!Total!!Elementary and secondary schools",NULL,NULL,"2026-04-10 16:41:27.982794+00","int","B24134","acs",NULL,NULL,NULL,NULL
"2060","B24134_205","CENSUS_ACS","Estimate!!Total!!Services to buildings and dwellings (except cleaning during construction and immediately after construction)",NULL,NULL,"2026-04-10 16:41:27.982794+00","int","B24134","acs",NULL,NULL,NULL,NULL
"2061","B24134_206","CENSUS_ACS","Estimate!!Total!!Landscaping services",NULL,NULL,"2026-04-10 16:41:27.982794+00","int","B24134","acs",NULL,NULL,NULL,NULL
"2062","B24134_207","CENSUS_ACS","Estimate!!Total!!Other administrative and other support services",NULL,NULL,"2026-04-10 16:41:27.982794+00","int","B24134","acs",NULL,NULL,NULL,NULL
"2063","B24134_208","CENSUS_ACS","Estimate!!Total!!Waste management and remediation services",NULL,NULL,"2026-04-10 16:41:27.982794+00","int","B24134","acs",NULL,NULL,NULL,NULL
"2064","B24134_209","CENSUS_ACS","Estimate!!Total!!Offices of dentists",NULL,NULL,"2026-04-10 16:41:27.982794+00","int","B24134","acs",NULL,NULL,NULL,NULL
"2065","B24134_210","CENSUS_ACS","Estimate!!Total!!Colleges, universities, and professional schools, including junior colleges",NULL,NULL,"2026-04-10 16:41:27.982794+00","int","B24134","acs",NULL,NULL,NULL,NULL
"2066","B24134_211","CENSUS_ACS","Estimate!!Total!!Offices of optometrists",NULL,NULL,"2026-04-10 16:41:27.982794+00","int","B24134","acs",NULL,NULL,NULL,NULL
"2067","B24134_212","CENSUS_ACS","Estimate!!Total!!Other schools and instruction, and educational support services",NULL,NULL,"2026-04-10 16:41:27.982794+00","int","B24134","acs",NULL,NULL,NULL,NULL
"2068","B24134_213","CENSUS_ACS","Estimate!!Total!!Offices of physicians",NULL,NULL,"2026-04-10 16:41:27.982794+00","int","B24134","acs",NULL,NULL,NULL,NULL
"2069","B24134_214","CENSUS_ACS","Estimate!!Total!!Offices of dentists",NULL,NULL,"2026-04-10 16:41:27.982794+00","int","B24134","acs",NULL,NULL,NULL,NULL
"2070","B24134_215","CENSUS_ACS","Estimate!!Total!!Offices of chiropractors",NULL,NULL,"2026-04-10 16:41:27.982794+00","int","B24134","acs",NULL,NULL,NULL,NULL
"2071","B24134_216","CENSUS_ACS","Estimate!!Total!!General medical and surgical hospitals, and specialty (except psychiatric and substance abuse) hospitals",NULL,NULL,"2026-04-10 16:41:27.982794+00","int","B24134","acs",NULL,NULL,NULL,NULL
"2072","B24134_217","CENSUS_ACS","Estimate!!Total!!Offices of other health practitioners",NULL,NULL,"2026-04-10 16:41:27.982794+00","int","B24134","acs",NULL,NULL,NULL,NULL
"2073","B24134_218","CENSUS_ACS","Estimate!!Total!!Outpatient care centers",NULL,NULL,"2026-04-10 16:41:27.982794+00","int","B24134","acs",NULL,NULL,NULL,NULL
"2074","B24134_219","CENSUS_ACS","Estimate!!Total!!Home health care services",NULL,NULL,"2026-04-10 16:41:27.982794+00","int","B24134","acs",NULL,NULL,NULL,NULL
"2075","B24134_220","CENSUS_ACS","Estimate!!Total!!Other health care services",NULL,NULL,"2026-04-10 16:41:27.982794+00","int","B24134","acs",NULL,NULL,NULL,NULL
"2076","B24134_221","CENSUS_ACS","Estimate!!Total!!Community food and housing, and emergency and other relief services",NULL,NULL,"2026-04-10 16:41:27.982794+00","int","B24134","acs",NULL,NULL,NULL,NULL
"2077","B24134_222","CENSUS_ACS","Estimate!!Total!!Psychiatric and substance abuse hospitals",NULL,NULL,"2026-04-10 16:41:27.982794+00","int","B24134","acs",NULL,NULL,NULL,NULL
"2078","B24134_223","CENSUS_ACS","Estimate!!Total!!Child care services",NULL,NULL,"2026-04-10 16:41:27.982794+00","int","B24134","acs",NULL,NULL,NULL,NULL
"2079","B24134_224","CENSUS_ACS","Estimate!!Total!!Performing arts companies",NULL,NULL,"2026-04-10 16:41:27.982794+00","int","B24134","acs",NULL,NULL,NULL,NULL
"2080","B24134_225","CENSUS_ACS","Estimate!!Total!!Spectator sports",NULL,NULL,"2026-04-10 16:41:27.982794+00","int","B24134","acs",NULL,NULL,NULL,NULL
"2081","B24134_226","CENSUS_ACS","Estimate!!Total!!Community food and housing, and emergency services",NULL,NULL,"2026-04-10 16:41:27.982794+00","int","B24134","acs",NULL,NULL,NULL,NULL
"2082","B24134_227","CENSUS_ACS","Estimate!!Total!!Vocational rehabilitation services",NULL,NULL,"2026-04-10 16:41:27.982794+00","int","B24134","acs",NULL,NULL,NULL,NULL
"2083","B24134_228","CENSUS_ACS","Estimate!!Total!!Child day care services",NULL,NULL,"2026-04-10 16:41:27.982794+00","int","B24134","acs",NULL,NULL,NULL,NULL
"2084","B24134_229","CENSUS_ACS","Estimate!!Total!!Performing arts companies",NULL,NULL,"2026-04-10 16:41:27.982794+00","int","B24134","acs",NULL,NULL,NULL,NULL
"2085","B24134_230","CENSUS_ACS","Estimate!!Total!!Other amusement, gambling, and recreation industries",NULL,NULL,"2026-04-10 16:41:27.982794+00","int","B24134","acs",NULL,NULL,NULL,NULL
"2086","B24134_231","CENSUS_ACS","Estimate!!Total!!Traveler accommodation",NULL,NULL,"2026-04-10 16:41:27.982794+00","int","B24134","acs",NULL,NULL,NULL,NULL
"2087","B24134_232","CENSUS_ACS","Estimate!!Total!!Independent artists, writers, and performers",NULL,NULL,"2026-04-10 16:41:27.982794+00","int","B24134","acs",NULL,NULL,NULL,NULL
"2088","B24134_233","CENSUS_ACS","Estimate!!Total!!Food services and drinking places, except alcoholic beverages",NULL,NULL,"2026-04-10 16:41:27.982794+00","int","B24134","acs",NULL,NULL,NULL,NULL
"2089","B24134_234","CENSUS_ACS","Estimate!!Total!!Bowling centers",NULL,NULL,"2026-04-10 16:41:27.982794+00","int","B24134","acs",NULL,NULL,NULL,NULL
"2090","B24134_235","CENSUS_ACS","Estimate!!Total!!Other amusement, gambling, and recreation industries",NULL,NULL,"2026-04-10 16:41:27.982794+00","int","B24134","acs",NULL,NULL,NULL,NULL
"2091","B24134_236","CENSUS_ACS","Estimate!!Total!!Traveler accommodation",NULL,NULL,"2026-04-10 16:41:27.982794+00","int","B24134","acs",NULL,NULL,NULL,NULL
"2092","B24134_237","CENSUS_ACS","Estimate!!Total!!Recreational vehicle parks and camps, and rooming and boarding houses, dormitories, and workers' camps",NULL,NULL,"2026-04-10 16:41:27.982794+00","int","B24134","acs",NULL,NULL,NULL,NULL
"2093","B24134_238","CENSUS_ACS","Estimate!!Total!!Restaurants and other food services",NULL,NULL,"2026-04-10 16:41:27.982794+00","int","B24134","acs",NULL,NULL,NULL,NULL
"2094","B24134_239","CENSUS_ACS","Estimate!!Total!!Personal and household goods repair and maintenance",NULL,NULL,"2026-04-10 16:41:27.982794+00","int","B24134","acs",NULL,NULL,NULL,NULL
"2095","B24134_240","CENSUS_ACS","Estimate!!Total!!Automotive repair and maintenance",NULL,NULL,"2026-04-10 16:41:27.982794+00","int","B24134","acs",NULL,NULL,NULL,NULL
"2096","B24134_241","CENSUS_ACS","Estimate!!Total!!Beauty salons",NULL,NULL,"2026-04-10 16:41:27.982794+00","int","B24134","acs",NULL,NULL,NULL,NULL
"2097","B24134_242","CENSUS_ACS","Estimate!!Total!!Nail salons and other personal care services",NULL,NULL,"2026-04-10 16:41:27.982794+00","int","B24134","acs",NULL,NULL,NULL,NULL
"2098","B24134_243","CENSUS_ACS","Estimate!!Total!!Commercial and industrial machinery and equipment repair and maintenance",NULL,NULL,"2026-04-10 16:41:27.982794+00","int","B24134","acs",NULL,NULL,NULL,NULL
"2099","B24134_244","CENSUS_ACS","Estimate!!Total!!Death care services",NULL,NULL,"2026-04-10 16:41:27.982794+00","int","B24134","acs",NULL,NULL,NULL,NULL
"2100","B24134_245","CENSUS_ACS","Estimate!!Total!!Barber shops",NULL,NULL,"2026-04-10 16:41:27.982794+00","int","B24134","acs",NULL,NULL,NULL,NULL
"2101","B24134_246","CENSUS_ACS","Estimate!!Total!!Beauty salons",NULL,NULL,"2026-04-10 16:41:27.982794+00","int","B24134","acs",NULL,NULL,NULL,NULL
"2102","B24134_247","CENSUS_ACS","Estimate!!Total!!Civic, social, advocacy organizations, and grantmaking and giving services",NULL,NULL,"2026-04-10 16:41:27.982794+00","int","B24134","acs",NULL,NULL,NULL,NULL
"2103","B24134_248","CENSUS_ACS","Estimate!!Total!!Drycleaning and laundry services",NULL,NULL,"2026-04-10 16:41:27.982794+00","int","B24134","acs",NULL,NULL,NULL,NULL
"2104","B24134_249","CENSUS_ACS","Estimate!!Total!!Business, professional, political, and similar organizations",NULL,NULL,"2026-04-10 16:41:27.982794+00","int","B24134","acs",NULL,NULL,NULL,NULL
"2105","B24134_250","CENSUS_ACS","Estimate!!Total!!Private households",NULL,NULL,"2026-04-10 16:41:27.982794+00","int","B24134","acs",NULL,NULL,NULL,NULL
"2106","B24134_251","CENSUS_ACS","Estimate!!Total!!Religious organizations",NULL,NULL,"2026-04-10 16:41:27.982794+00","int","B24134","acs",NULL,NULL,NULL,NULL
"2107","B24134_252","CENSUS_ACS","Estimate!!Total!!Civic, social, advocacy organizations, and grantmaking and giving services",NULL,NULL,"2026-04-10 16:41:27.982794+00","int","B24134","acs",NULL,NULL,NULL,NULL
"2108","B24134_253","CENSUS_ACS","Estimate!!Total!!Labor unions",NULL,NULL,"2026-04-10 16:41:27.982794+00","int","B24134","acs",NULL,NULL,NULL,NULL
"2109","B24134_254","CENSUS_ACS","Estimate!!Total!!Justice, public order, and safety activities",NULL,NULL,"2026-04-10 16:41:27.982794+00","int","B24134","acs",NULL,NULL,NULL,NULL
"2110","B24134_255","CENSUS_ACS","Estimate!!Total!!Administration of human resource programs",NULL,NULL,"2026-04-10 16:41:27.982794+00","int","B24134","acs",NULL,NULL,NULL,NULL
"2111","B24134_256","CENSUS_ACS","Estimate!!Total!!Executive offices and legislative bodies",NULL,NULL,"2026-04-10 16:41:27.982794+00","int","B24134","acs",NULL,NULL,NULL,NULL
"2112","B24134_257","CENSUS_ACS","Estimate!!Total!!Administration of economic programs and space research and technology",NULL,NULL,"2026-04-10 16:41:27.982794+00","int","B24134","acs",NULL,NULL,NULL,NULL
"2113","B24134_258","CENSUS_ACS","Estimate!!Total!!National security and international affairs",NULL,NULL,"2026-04-10 16:41:27.982794+00","int","B24134","acs",NULL,NULL,NULL,NULL
"2114","B24134_259","CENSUS_ACS","Estimate!!Total!!Justice, public order, and safety activities",NULL,NULL,"2026-04-10 16:41:27.982794+00","int","B24134","acs",NULL,NULL,NULL,NULL
"2115","B24134_260","CENSUS_ACS","Estimate!!Total!!Administration of human resource programs",NULL,NULL,"2026-04-10 16:41:27.982794+00","int","B24134","acs",NULL,NULL,NULL,NULL
"2116","B24134_261","CENSUS_ACS","Estimate!!Total!!Administration of environmental quality and housing programs",NULL,NULL,"2026-04-10 16:41:27.982794+00","int","B24134","acs",NULL,NULL,NULL,NULL
"2117","B24134_262","CENSUS_ACS","Estimate!!Total!!Administration of economic programs and space research",NULL,NULL,"2026-04-10 16:41:27.982794+00","int","B24134","acs",NULL,NULL,NULL,NULL
"2118","B24134_263","CENSUS_ACS","Estimate!!Total!!National security and international affairs",NULL,NULL,"2026-04-10 16:41:27.982794+00","int","B24134","acs",NULL,NULL,NULL,NULL
"2119","B25003_001","CENSUS_ACS","Estimate!!Total:",NULL,NULL,"2026-04-10 16:41:27.982794+00","int","B25003","acs",NULL,NULL,NULL,NULL
"2120","B25003_002","CENSUS_ACS","Estimate!!Total:!!Owner occupied",NULL,NULL,"2026-04-10 16:41:27.982794+00","int","B25003","acs",NULL,NULL,NULL,NULL
"2121","B25003_003","CENSUS_ACS","Estimate!!Total!!Renter occupied",NULL,NULL,"2026-04-10 16:41:27.982794+00","int","B25003","acs",NULL,NULL,NULL,NULL
"2122","B25010_001","CENSUS_ACS","Estimate!!Average household size --!!Total:",NULL,NULL,"2026-04-10 16:41:27.982794+00","float","B25010","acs",NULL,NULL,NULL,NULL
"2123","B25010_002","CENSUS_ACS","Estimate!!Average household size --!!Total:!!Owner occupied",NULL,NULL,"2026-04-10 16:41:27.982794+00","float","B25010","acs",NULL,NULL,NULL,NULL
"2124","B25010_003","CENSUS_ACS","Estimate!!Total!!Renter occupied",NULL,NULL,"2026-04-10 16:41:27.982794+00","float","B25010","acs",NULL,NULL,NULL,NULL
"2125","B25075_001","CENSUS_ACS","Estimate!!Total",NULL,NULL,"2026-04-10 16:41:27.982794+00","int","B25075","acs",NULL,NULL,NULL,NULL
"2126","B25075_002","CENSUS_ACS","Estimate!!Total:!!Less than $10,000",NULL,NULL,"2026-04-10 16:41:27.982794+00","int","B25075","acs",NULL,NULL,NULL,NULL
"2127","B25075_003","CENSUS_ACS","Estimate!!Total:!!$10,000 to $14,999",NULL,NULL,"2026-04-10 16:41:27.982794+00","int","B25075","acs",NULL,NULL,NULL,NULL
"2128","B25075_004","CENSUS_ACS","Estimate!!Total!!$15,000 to $19,999",NULL,NULL,"2026-04-10 16:41:27.982794+00","int","B25075","acs",NULL,NULL,NULL,NULL
"2129","B25075_005","CENSUS_ACS","Estimate!!Total!!$20,000 to $24,999",NULL,NULL,"2026-04-10 16:41:27.982794+00","int","B25075","acs",NULL,NULL,NULL,NULL
"2130","B25075_006","CENSUS_ACS","Estimate!!Total!!$25,000 to $29,999",NULL,NULL,"2026-04-10 16:41:27.982794+00","int","B25075","acs",NULL,NULL,NULL,NULL
"2131","B25075_007","CENSUS_ACS","Estimate!!Total!!$30,000 to $34,999",NULL,NULL,"2026-04-10 16:41:27.982794+00","int","B25075","acs",NULL,NULL,NULL,NULL
"2132","B25075_008","CENSUS_ACS","Estimate!!Total:!!$35,000 to $39,999",NULL,NULL,"2026-04-10 16:41:27.982794+00","int","B25075","acs",NULL,NULL,NULL,NULL
"2133","B25075_009","CENSUS_ACS","Estimate!!Total:!!$40,000 to $49,999",NULL,NULL,"2026-04-10 16:41:27.982794+00","int","B25075","acs",NULL,NULL,NULL,NULL
"2134","B25075_010","CENSUS_ACS","Estimate!!Total!!$50,000 to $59,999",NULL,NULL,"2026-04-10 16:41:27.982794+00","int","B25075","acs",NULL,NULL,NULL,NULL
"2135","B25075_011","CENSUS_ACS","Estimate!!Total!!$60,000 to $69,999",NULL,NULL,"2026-04-10 16:41:27.982794+00","int","B25075","acs",NULL,NULL,NULL,NULL
"2136","B25075_012","CENSUS_ACS","Estimate!!Total!!$70,000 to $79,999",NULL,NULL,"2026-04-10 16:41:27.982794+00","int","B25075","acs",NULL,NULL,NULL,NULL
"2137","B25075_013","CENSUS_ACS","Estimate!!Total:!!$80,000 to $89,999",NULL,NULL,"2026-04-10 16:41:27.982794+00","int","B25075","acs",NULL,NULL,NULL,NULL
"2138","B25075_014","CENSUS_ACS","Estimate!!Total:!!$90,000 to $99,999",NULL,NULL,"2026-04-10 16:41:27.982794+00","int","B25075","acs",NULL,NULL,NULL,NULL
"2139","B25075_015","CENSUS_ACS","Estimate!!Total:!!$100,000 to $124,999",NULL,NULL,"2026-04-10 16:41:27.982794+00","int","B25075","acs",NULL,NULL,NULL,NULL
"2140","B25075_016","CENSUS_ACS","Estimate!!Total!!$125,000 to $149,999",NULL,NULL,"2026-04-10 16:41:27.982794+00","int","B25075","acs",NULL,NULL,NULL,NULL
"2141","B25075_017","CENSUS_ACS","Estimate!!Total:!!$150,000 to $174,999",NULL,NULL,"2026-04-10 16:41:27.982794+00","int","B25075","acs",NULL,NULL,NULL,NULL
"2142","B25075_018","CENSUS_ACS","Estimate!!Total!!$175,000 to $199,999",NULL,NULL,"2026-04-10 16:41:27.982794+00","int","B25075","acs",NULL,NULL,NULL,NULL
"2143","B25075_019","CENSUS_ACS","Estimate!!Total!!$200,000 to $249,999",NULL,NULL,"2026-04-10 16:41:27.982794+00","int","B25075","acs",NULL,NULL,NULL,NULL
"2144","B25075_020","CENSUS_ACS","Estimate!!Total:!!$250,000 to $299,999",NULL,NULL,"2026-04-10 16:41:27.982794+00","int","B25075","acs",NULL,NULL,NULL,NULL
"2145","B25075_021","CENSUS_ACS","Estimate!!Total:!!$300,000 to $399,999",NULL,NULL,"2026-04-10 16:41:27.982794+00","int","B25075","acs",NULL,NULL,NULL,NULL
"2146","B25075_022","CENSUS_ACS","Estimate!!Total!!$400,000 to $499,999",NULL,NULL,"2026-04-10 16:41:27.982794+00","int","B25075","acs",NULL,NULL,NULL,NULL
"2147","B25075_023","CENSUS_ACS","Estimate!!Total!!$500,000 to $749,999",NULL,NULL,"2026-04-10 16:41:27.982794+00","int","B25075","acs",NULL,NULL,NULL,NULL
"2148","B25075_024","CENSUS_ACS","Estimate!!Total!!$750,000 to $999,999",NULL,NULL,"2026-04-10 16:41:27.982794+00","int","B25075","acs",NULL,NULL,NULL,NULL
"2149","B25075_025","CENSUS_ACS","Estimate!!Total:!!$1,000,000 to $1,499,999",NULL,NULL,"2026-04-10 16:41:27.982794+00","int","B25075","acs",NULL,NULL,NULL,NULL
"2150","B25075_026","CENSUS_ACS","Estimate!!Total:!!$1,500,000 to $1,999,999",NULL,NULL,"2026-04-10 16:41:27.982794+00","int","B25075","acs",NULL,NULL,NULL,NULL
"2151","B25075_027","CENSUS_ACS","Estimate!!Total!!$2,000,000 or more",NULL,NULL,"2026-04-10 16:41:27.982794+00","int","B25075","acs",NULL,NULL,NULL,NULL
"2152","B25104_001","CENSUS_ACS","Estimate!!Total",NULL,NULL,"2026-04-10 16:41:27.982794+00","int","B25104","acs",NULL,NULL,NULL,NULL
"2153","B25104_002","CENSUS_ACS","Estimate!!Total!!Less than $100",NULL,NULL,"2026-04-10 16:41:27.982794+00","int","B25104","acs",NULL,NULL,NULL,NULL
"2154","B25104_003","CENSUS_ACS","Estimate!!Total!!$100 to $199",NULL,NULL,"2026-04-10 16:41:27.982794+00","int","B25104","acs",NULL,NULL,NULL,NULL
"2155","B25104_004","CENSUS_ACS","Estimate!!Total:!!$200 to $299",NULL,NULL,"2026-04-10 16:41:27.982794+00","int","B25104","acs",NULL,NULL,NULL,NULL
"2156","B25104_005","CENSUS_ACS","Estimate!!Total:!!$300 to $399",NULL,NULL,"2026-04-10 16:41:27.982794+00","int","B25104","acs",NULL,NULL,NULL,NULL
"2157","B25104_006","CENSUS_ACS","Estimate!!Total:!!$400 to $499",NULL,NULL,"2026-04-10 16:41:27.982794+00","int","B25104","acs",NULL,NULL,NULL,NULL
"2158","B25104_007","CENSUS_ACS","Estimate!!Total!!$500 to $599",NULL,NULL,"2026-04-10 16:41:27.982794+00","int","B25104","acs",NULL,NULL,NULL,NULL
"2159","B25104_008","CENSUS_ACS","Estimate!!Total!!$600 to $699",NULL,NULL,"2026-04-10 16:41:27.982794+00","int","B25104","acs",NULL,NULL,NULL,NULL
"2160","B25104_009","CENSUS_ACS","Estimate!!Total!!$700 to $799",NULL,NULL,"2026-04-10 16:41:27.982794+00","int","B25104","acs",NULL,NULL,NULL,NULL
"2161","B25104_010","CENSUS_ACS","Estimate!!Total!!$800 to $899",NULL,NULL,"2026-04-10 16:41:27.982794+00","int","B25104","acs",NULL,NULL,NULL,NULL
"2162","B25104_011","CENSUS_ACS","Estimate!!Total:!!$900 to $999",NULL,NULL,"2026-04-10 16:41:27.982794+00","int","B25104","acs",NULL,NULL,NULL,NULL
"2163","B25104_012","CENSUS_ACS","Estimate!!Total:!!$1,000 to $1,499",NULL,NULL,"2026-04-10 16:41:27.982794+00","int","B25104","acs",NULL,NULL,NULL,NULL
"2164","B25104_013","CENSUS_ACS","Estimate!!Total!!$1,500 to $1,999",NULL,NULL,"2026-04-10 16:41:27.982794+00","int","B25104","acs",NULL,NULL,NULL,NULL
"2165","B25104_014","CENSUS_ACS","Estimate!!Total!!$2,000 to $2,499",NULL,NULL,"2026-04-10 16:41:27.982794+00","int","B25104","acs",NULL,NULL,NULL,NULL
"2166","B25104_015","CENSUS_ACS","Estimate!!Total!!$2,500 to $2,999",NULL,NULL,"2026-04-10 16:41:27.982794+00","int","B25104","acs",NULL,NULL,NULL,NULL
"2167","B25104_016","CENSUS_ACS","Estimate!!Total:!!$3,000 or more",NULL,NULL,"2026-04-10 16:41:27.982794+00","int","B25104","acs",NULL,NULL,NULL,NULL
"2168","B25104_017","CENSUS_ACS","Estimate!!Total:!!No cash rent",NULL,NULL,"2026-04-10 16:41:27.982794+00","int","B25104","acs",NULL,NULL,NULL,NULL
"2169","B25108_001","CENSUS_ACS","Estimate!!Aggregate value (dollars)",NULL,NULL,"2026-04-10 16:41:27.982794+00","int","B25108","acs",NULL,NULL,NULL,NULL
"2170","B25108_002","CENSUS_ACS","Estimate!!Aggregate value (dollars):!!Built 2014 or later",NULL,NULL,"2026-04-10 16:41:27.982794+00","int","B25108","acs",NULL,NULL,NULL,NULL
"2171","B25108_003","CENSUS_ACS","Estimate!!Aggregate value (dollars):!!Built 2010 to 2019",NULL,NULL,"2026-04-10 16:41:27.982794+00","int","B25108","acs",NULL,NULL,NULL,NULL
"2172","B25108_004","CENSUS_ACS","Estimate!!Aggregate value (dollars)!!Built 1990 to 1999",NULL,NULL,"2026-04-10 16:41:27.982794+00","int","B25108","acs",NULL,NULL,NULL,NULL
"2173","B25108_005","CENSUS_ACS","Estimate!!Aggregate value (dollars):!!Built 1990 to 1999",NULL,NULL,"2026-04-10 16:41:27.982794+00","int","B25108","acs",NULL,NULL,NULL,NULL
"2174","B25108_006","CENSUS_ACS","Estimate!!Aggregate value (dollars):!!Built 1980 to 1989",NULL,NULL,"2026-04-10 16:41:27.982794+00","int","B25108","acs",NULL,NULL,NULL,NULL
"2175","B25108_007","CENSUS_ACS","Estimate!!Aggregate value (dollars)!!Built 1960 to 1969",NULL,NULL,"2026-04-10 16:41:27.982794+00","int","B25108","acs",NULL,NULL,NULL,NULL
"2176","B25108_008","CENSUS_ACS","Estimate!!Aggregate value (dollars)!!Built 1960 to 1969",NULL,NULL,"2026-04-10 16:41:27.982794+00","int","B25108","acs",NULL,NULL,NULL,NULL
"2177","B25108_009","CENSUS_ACS","Estimate!!Aggregate value (dollars):!!Built 1950 to 1959",NULL,NULL,"2026-04-10 16:41:27.982794+00","int","B25108","acs",NULL,NULL,NULL,NULL
"2178","B25108_010","CENSUS_ACS","Estimate!!Aggregate value (dollars):!!Built 1940 to 1949",NULL,NULL,"2026-04-10 16:41:27.982794+00","int","B25108","acs",NULL,NULL,NULL,NULL
"2179","B25108_011","CENSUS_ACS","Estimate!!Aggregate value (dollars):!!Built 1939 or earlier",NULL,NULL,"2026-04-10 16:41:27.982794+00","int","B25108","acs",NULL,NULL,NULL,NULL
"2180","B27010_001","CENSUS_ACS","Estimate!!Total:",NULL,NULL,"2026-04-10 16:41:27.982794+00","int","B27010","acs",NULL,NULL,NULL,NULL
"2181","B27010_002","CENSUS_ACS","Estimate!!Total!!Under 18 years",NULL,NULL,"2026-04-10 16:41:27.982794+00","int","B27010","acs",NULL,NULL,NULL,NULL
"2182","B27010_003","CENSUS_ACS","Estimate!!Total:!!Under 19 years:!!With one type of health insurance coverage:",NULL,NULL,"2026-04-10 16:41:27.982794+00","int","B27010","acs",NULL,NULL,NULL,NULL
"2183","B27010_004","CENSUS_ACS","Estimate!!Total!!Under 18 years!!With one type of health insurance coverage!!With employer-based health insurance only",NULL,NULL,"2026-04-10 16:41:27.982794+00","int","B27010","acs",NULL,NULL,NULL,NULL
"2184","B27010_005","CENSUS_ACS","Estimate!!Total!!Under 18 years!!With one type of health insurance coverage!!With direct-purchase health insurance only",NULL,NULL,"2026-04-10 16:41:27.982794+00","int","B27010","acs",NULL,NULL,NULL,NULL
"2185","B27010_006","CENSUS_ACS","Estimate!!Total:!!Under 19 years:!!With one type of health insurance coverage:!!With Medicare coverage only",NULL,NULL,"2026-04-10 16:41:27.982794+00","int","B27010","acs",NULL,NULL,NULL,NULL
"2186","B27010_007","CENSUS_ACS","Estimate!!Total:!!Under 19 years:!!With one type of health insurance coverage:!!With Medicaid/means-tested public coverage only",NULL,NULL,"2026-04-10 16:41:27.982794+00","int","B27010","acs",NULL,NULL,NULL,NULL
"2187","B27010_008","CENSUS_ACS","Estimate!!Total:!!Under 19 years:!!With one type of health insurance coverage:!!With TRICARE/military health coverage only",NULL,NULL,"2026-04-10 16:41:27.982794+00","int","B27010","acs",NULL,NULL,NULL,NULL
"2188","B27010_009","CENSUS_ACS","Estimate!!Total!!Under 19 years!!With one type of health insurance coverage!!With VA Health Care only",NULL,NULL,"2026-04-10 16:41:27.982794+00","int","B27010","acs",NULL,NULL,NULL,NULL
"2189","B27010_010","CENSUS_ACS","Estimate!!Total!!Under 19 years!!With two or more types of health insurance coverage",NULL,NULL,"2026-04-10 16:41:27.982794+00","int","B27010","acs",NULL,NULL,NULL,NULL
"2190","B27010_011","CENSUS_ACS","Estimate!!Total:!!Under 19 years:!!With two or more types of health insurance coverage:!!With employer-based and direct-purchase coverage",NULL,NULL,"2026-04-10 16:41:27.982794+00","int","B27010","acs",NULL,NULL,NULL,NULL
"2191","B27010_012","CENSUS_ACS","Estimate!!Total!!Under 18 years!!With two or more types of health insurance coverage!!With employer-provided and Medicare coverage",NULL,NULL,"2026-04-10 16:41:27.982794+00","int","B27010","acs",NULL,NULL,NULL,NULL
"2192","B27010_013","CENSUS_ACS","Estimate!!Total:!!Under 19 years:!!With two or more types of health insurance coverage:!!With Medicare and Medicaid/means-tested public coverage",NULL,NULL,"2026-04-10 16:41:27.982794+00","int","B27010","acs",NULL,NULL,NULL,NULL
"2193","B27010_014","CENSUS_ACS","Estimate!!Total:!!Under 19 years:!!With two or more types of health insurance coverage:!!Other private only combinations",NULL,NULL,"2026-04-10 16:41:27.982794+00","int","B27010","acs",NULL,NULL,NULL,NULL
"2194","B27010_015","CENSUS_ACS","Estimate!!Total!!Under 19 years!!With two or more types of health insurance coverage!!Other public only combinations",NULL,NULL,"2026-04-10 16:41:27.982794+00","int","B27010","acs",NULL,NULL,NULL,NULL
"2195","B27010_016","CENSUS_ACS","Estimate!!Total:!!Under 19 years:!!With two or more types of health insurance coverage:!!Other coverage combinations",NULL,NULL,"2026-04-10 16:41:27.982794+00","int","B27010","acs",NULL,NULL,NULL,NULL
"2196","B27010_017","CENSUS_ACS","Estimate!!Total!!Under 18 years!!No health insurance coverage",NULL,NULL,"2026-04-10 16:41:27.982794+00","int","B27010","acs",NULL,NULL,NULL,NULL
"2197","B27010_018","CENSUS_ACS","Estimate!!Total!!18 to 34 years",NULL,NULL,"2026-04-10 16:41:27.982794+00","int","B27010","acs",NULL,NULL,NULL,NULL
"2198","B27010_019","CENSUS_ACS","Estimate!!Total:!!19 to 34 years:!!With one type of health insurance coverage:",NULL,NULL,"2026-04-10 16:41:27.982794+00","int","B27010","acs",NULL,NULL,NULL,NULL
"2199","B27010_020","CENSUS_ACS","Estimate!!Total:!!19 to 34 years:!!With one type of health insurance coverage:!!With employer-based health insurance only",NULL,NULL,"2026-04-10 16:41:27.982794+00","int","B27010","acs",NULL,NULL,NULL,NULL
"2200","B27010_021","CENSUS_ACS","Estimate!!Total!!19 to 34 years!!With one type of health insurance coverage!!With direct-purchase health insurance only",NULL,NULL,"2026-04-10 16:41:27.982794+00","int","B27010","acs",NULL,NULL,NULL,NULL
"2201","B27010_022","CENSUS_ACS","Estimate!!Total!!18 to 34 years!!With one type of health insurance coverage!!With Medicare coverage only",NULL,NULL,"2026-04-10 16:41:27.982794+00","int","B27010","acs",NULL,NULL,NULL,NULL
"2202","B27010_023","CENSUS_ACS","Estimate!!Total:!!19 to 34 years:!!With one type of health insurance coverage:!!With Medicaid/means-tested public coverage only",NULL,NULL,"2026-04-10 16:41:27.982794+00","int","B27010","acs",NULL,NULL,NULL,NULL
"2203","B27010_024","CENSUS_ACS","Estimate!!Total!!18 to 34 years!!With one type of health insurance coverage!!With TRICARE/military health coverage only",NULL,NULL,"2026-04-10 16:41:27.982794+00","int","B27010","acs",NULL,NULL,NULL,NULL
"2204","B27010_025","CENSUS_ACS","Estimate!!Total:!!19 to 34 years:!!With one type of health insurance coverage:!!With VA Health Care only",NULL,NULL,"2026-04-10 16:41:27.982794+00","int","B27010","acs",NULL,NULL,NULL,NULL
"2205","B27010_026","CENSUS_ACS","Estimate!!Total!!18 to 34 years!!With two or more types of health insurance coverage",NULL,NULL,"2026-04-10 16:41:27.982794+00","int","B27010","acs",NULL,NULL,NULL,NULL
"2206","B27010_027","CENSUS_ACS","Estimate!!Total:!!19 to 34 years:!!With two or more types of health insurance coverage:!!With employer-based and direct-purchase coverage",NULL,NULL,"2026-04-10 16:41:27.982794+00","int","B27010","acs",NULL,NULL,NULL,NULL
"2207","B27010_028","CENSUS_ACS","Estimate!!Total:!!19 to 34 years:!!With two or more types of health insurance coverage:!!With employer-based and Medicare coverage",NULL,NULL,"2026-04-10 16:41:27.982794+00","int","B27010","acs",NULL,NULL,NULL,NULL
"2208","B27010_029","CENSUS_ACS","Estimate!!Total!!18 to 34 years!!With two or more types of health insurance coverage!!With Medicare and Medicaid/means-tested public coverage",NULL,NULL,"2026-04-10 16:41:27.982794+00","int","B27010","acs",NULL,NULL,NULL,NULL
"2209","B27010_030","CENSUS_ACS","Estimate!!Total:!!19 to 34 years:!!With two or more types of health insurance coverage:!!Other private only combinations",NULL,NULL,"2026-04-10 16:41:27.982794+00","int","B27010","acs",NULL,NULL,NULL,NULL
"2210","B27010_031","CENSUS_ACS","Estimate!!Total:!!19 to 34 years:!!With two or more types of health insurance coverage:!!Other public only combinations",NULL,NULL,"2026-04-10 16:41:27.982794+00","int","B27010","acs",NULL,NULL,NULL,NULL
"2211","B27010_032","CENSUS_ACS","Estimate!!Total!!19 to 34 years!!With two or more types of health insurance coverage!!Other coverage combinations",NULL,NULL,"2026-04-10 16:41:27.982794+00","int","B27010","acs",NULL,NULL,NULL,NULL
"2212","B27010_033","CENSUS_ACS","Estimate!!Total!!19 to 34 years!!No health insurance coverage",NULL,NULL,"2026-04-10 16:41:27.982794+00","int","B27010","acs",NULL,NULL,NULL,NULL
"2213","B27010_034","CENSUS_ACS","Estimate!!Total!!35 to 64 years",NULL,NULL,"2026-04-10 16:41:27.982794+00","int","B27010","acs",NULL,NULL,NULL,NULL
"2214","B27010_035","CENSUS_ACS","Estimate!!Total:!!35 to 64 years:!!With one type of health insurance coverage:",NULL,NULL,"2026-04-10 16:41:27.982794+00","int","B27010","acs",NULL,NULL,NULL,NULL
"2215","B27010_036","CENSUS_ACS","Estimate!!Total:!!35 to 64 years:!!With one type of health insurance coverage:!!With employer-based health insurance only",NULL,NULL,"2026-04-10 16:41:27.982794+00","int","B27010","acs",NULL,NULL,NULL,NULL
"2216","B27010_037","CENSUS_ACS","Estimate!!Total:!!35 to 64 years:!!With one type of health insurance coverage:!!With direct-purchase health insurance only",NULL,NULL,"2026-04-10 16:41:27.982794+00","int","B27010","acs",NULL,NULL,NULL,NULL
"2217","B27010_038","CENSUS_ACS","Estimate!!Total:!!35 to 64 years:!!With one type of health insurance coverage:!!With Medicare coverage only",NULL,NULL,"2026-04-10 16:41:27.982794+00","int","B27010","acs",NULL,NULL,NULL,NULL
"2218","B27010_039","CENSUS_ACS","Estimate!!Total:!!35 to 64 years:!!With one type of health insurance coverage:!!With Medicaid/means-tested public coverage only",NULL,NULL,"2026-04-10 16:41:27.982794+00","int","B27010","acs",NULL,NULL,NULL,NULL
"2219","B27010_040","CENSUS_ACS","Estimate!!Total!!35 to 64 years!!With one type of health insurance coverage!!With TRICARE/military health coverage only",NULL,NULL,"2026-04-10 16:41:27.982794+00","int","B27010","acs",NULL,NULL,NULL,NULL
"2220","B27010_041","CENSUS_ACS","Estimate!!Total!!35 to 64 years!!With one type of health insurance coverage!!With VA Health Care only",NULL,NULL,"2026-04-10 16:41:27.982794+00","int","B27010","acs",NULL,NULL,NULL,NULL
"2221","B27010_042","CENSUS_ACS","Estimate!!Total:!!35 to 64 years:!!With two or more types of health insurance coverage:",NULL,NULL,"2026-04-10 16:41:27.982794+00","int","B27010","acs",NULL,NULL,NULL,NULL
"2222","B27010_043","CENSUS_ACS","Estimate!!Total:!!35 to 64 years:!!With two or more types of health insurance coverage:!!With employer-based and direct-purchase coverage",NULL,NULL,"2026-04-10 16:41:27.982794+00","int","B27010","acs",NULL,NULL,NULL,NULL
"2223","B27010_044","CENSUS_ACS","Estimate!!Total!!35 to 64 years!!With two or more types of health insurance coverage!!With employer-based and Medicare coverage",NULL,NULL,"2026-04-10 16:41:27.982794+00","int","B27010","acs",NULL,NULL,NULL,NULL
"2224","B27010_045","CENSUS_ACS","Estimate!!Total!!35 to 64 years!!With two or more types of health insurance coverage!!With direct-purchase and Medicare coverage",NULL,NULL,"2026-04-10 16:41:27.982794+00","int","B27010","acs",NULL,NULL,NULL,NULL
"2225","B27010_046","CENSUS_ACS","Estimate!!Total!!35 to 64 years!!With two or more types of health insurance coverage!!With Medicare and Medicaid/means-tested public coverage",NULL,NULL,"2026-04-10 16:41:27.982794+00","int","B27010","acs",NULL,NULL,NULL,NULL
"2226","B27010_047","CENSUS_ACS","Estimate!!Total:!!35 to 64 years:!!With two or more types of health insurance coverage:!!Other private only combinations",NULL,NULL,"2026-04-10 16:41:27.982794+00","int","B27010","acs",NULL,NULL,NULL,NULL
"2227","B27010_048","CENSUS_ACS","Estimate!!Total!!35 to 64 years!!With two or more types of health insurance coverage!!Other public only combinations",NULL,NULL,"2026-04-10 16:41:27.982794+00","int","B27010","acs",NULL,NULL,NULL,NULL
"2228","B27010_049","CENSUS_ACS","Estimate!!Total:!!35 to 64 years:!!With two or more types of health insurance coverage:!!Other coverage combinations",NULL,NULL,"2026-04-10 16:41:27.982794+00","int","B27010","acs",NULL,NULL,NULL,NULL
"2229","B27010_050","CENSUS_ACS","Estimate!!Total:!!35 to 64 years:!!No health insurance coverage",NULL,NULL,"2026-04-10 16:41:27.982794+00","int","B27010","acs",NULL,NULL,NULL,NULL
"2230","B27010_051","CENSUS_ACS","Estimate!!Total:!!65 years and over:",NULL,NULL,"2026-04-10 16:41:27.982794+00","int","B27010","acs",NULL,NULL,NULL,NULL
"2231","B27010_052","CENSUS_ACS","Estimate!!Total:!!65 years and over:!!With one type of health insurance coverage:",NULL,NULL,"2026-04-10 16:41:27.982794+00","int","B27010","acs",NULL,NULL,NULL,NULL
"2232","B27010_053","CENSUS_ACS","Estimate!!Total!!65 years and over!!With one type of health insurance coverage!!With employer-based health insurance only",NULL,NULL,"2026-04-10 16:41:27.982794+00","int","B27010","acs",NULL,NULL,NULL,NULL
"2233","B27010_054","CENSUS_ACS","Estimate!!Total!!65 years and over!!With one type of health insurance coverage!!With direct-purchase health insurance only",NULL,NULL,"2026-04-10 16:41:27.982794+00","int","B27010","acs",NULL,NULL,NULL,NULL
"2234","B27010_055","CENSUS_ACS","Estimate!!Total:!!65 years and over:!!With one type of health insurance coverage:!!With Medicare coverage only",NULL,NULL,"2026-04-10 16:41:27.982794+00","int","B27010","acs",NULL,NULL,NULL,NULL
"2235","B27010_056","CENSUS_ACS","Estimate!!Total!!65 years and over!!With one type of health insurance coverage!!With TRICARE/military health coverage only",NULL,NULL,"2026-04-10 16:41:27.982794+00","int","B27010","acs",NULL,NULL,NULL,NULL
"2236","B27010_057","CENSUS_ACS","Estimate!!Total!!65 years and over!!With one type of health insurance coverage!!With VA Health Care only",NULL,NULL,"2026-04-10 16:41:27.982794+00","int","B27010","acs",NULL,NULL,NULL,NULL
"2237","B27010_058","CENSUS_ACS","Estimate!!Total:!!65 years and over:!!With two or more types of health insurance coverage:",NULL,NULL,"2026-04-10 16:41:27.982794+00","int","B27010","acs",NULL,NULL,NULL,NULL
"2238","B27010_059","CENSUS_ACS","Estimate!!Total:!!65 years and over:!!With two or more types of health insurance coverage:!!With employer-based and direct-purchase coverage",NULL,NULL,"2026-04-10 16:41:27.982794+00","int","B27010","acs",NULL,NULL,NULL,NULL
"2239","B27010_060","CENSUS_ACS","Estimate!!Total:!!65 years and over:!!With two or more types of health insurance coverage:!!With employer-based and Medicare coverage",NULL,NULL,"2026-04-10 16:41:27.982794+00","int","B27010","acs",NULL,NULL,NULL,NULL
"2240","B27010_061","CENSUS_ACS","Estimate!!Total:!!65 years and over:!!With two or more types of health insurance coverage:!!With direct-purchase and Medicare coverage",NULL,NULL,"2026-04-10 16:41:27.982794+00","int","B27010","acs",NULL,NULL,NULL,NULL
"2241","B27010_062","CENSUS_ACS","Estimate!!Total!!65 years and over!!With two or more types of health insurance coverage!!With Medicare and Medicaid/means-tested public coverage",NULL,NULL,"2026-04-10 16:41:27.982794+00","int","B27010","acs",NULL,NULL,NULL,NULL
"2242","B27010_063","CENSUS_ACS","Estimate!!Total:!!65 years and over:!!With two or more types of health insurance coverage:!!Other private only combinations",NULL,NULL,"2026-04-10 16:41:27.982794+00","int","B27010","acs",NULL,NULL,NULL,NULL
"2243","B27010_064","CENSUS_ACS","Estimate!!Total:!!65 years and over:!!With two or more types of health insurance coverage:!!Other public only combinations",NULL,NULL,"2026-04-10 16:41:27.982794+00","int","B27010","acs",NULL,NULL,NULL,NULL
"2244","B27010_065","CENSUS_ACS","Estimate!!Total!!65 years and over!!With two or more types of health insurance coverage!!Other coverage combinations",NULL,NULL,"2026-04-10 16:41:27.982794+00","int","B27010","acs",NULL,NULL,NULL,NULL
"2245","B27010_066","CENSUS_ACS","Estimate!!Total!!65 years and over!!No health insurance coverage",NULL,NULL,"2026-04-10 16:41:27.982794+00","int","B27010","acs",NULL,NULL,NULL,NULL
"2246","C24050_001","CENSUS_ACS","Estimate!!Total:",NULL,NULL,"2026-04-10 16:41:27.982794+00","int","C24050","acs",NULL,NULL,NULL,NULL
"2247","C24050_002","CENSUS_ACS","Estimate!!Total!!Agriculture, forestry, fishing and hunting, and mining",NULL,NULL,"2026-04-10 16:41:27.982794+00","int","C24050","acs",NULL,NULL,NULL,NULL
"2248","C24050_003","CENSUS_ACS","Estimate!!Total!!Construction",NULL,NULL,"2026-04-10 16:41:27.982794+00","int","C24050","acs",NULL,NULL,NULL,NULL
"2249","C24050_004","CENSUS_ACS","Estimate!!Total!!Manufacturing",NULL,NULL,"2026-04-10 16:41:27.982794+00","int","C24050","acs",NULL,NULL,NULL,NULL
"2250","C24050_005","CENSUS_ACS","Estimate!!Total:!!Wholesale trade",NULL,NULL,"2026-04-10 16:41:27.982794+00","int","C24050","acs",NULL,NULL,NULL,NULL
"2251","C24050_006","CENSUS_ACS","Estimate!!Total:!!Retail trade",NULL,NULL,"2026-04-10 16:41:27.982794+00","int","C24050","acs",NULL,NULL,NULL,NULL
"2252","C24050_007","CENSUS_ACS","Estimate!!Total!!Transportation and warehousing, and utilities",NULL,NULL,"2026-04-10 16:41:27.982794+00","int","C24050","acs",NULL,NULL,NULL,NULL
"2253","C24050_008","CENSUS_ACS","Estimate!!Total:!!Information",NULL,NULL,"2026-04-10 16:41:27.982794+00","int","C24050","acs",NULL,NULL,NULL,NULL
"2254","C24050_009","CENSUS_ACS","Estimate!!Total:!!Finance and insurance, and real estate, and rental and leasing",NULL,NULL,"2026-04-10 16:41:27.982794+00","int","C24050","acs",NULL,NULL,NULL,NULL
"2255","C24050_010","CENSUS_ACS","Estimate!!Total!!Professional, scientific, and management, and administrative, and waste management services",NULL,NULL,"2026-04-10 16:41:27.982794+00","int","C24050","acs",NULL,NULL,NULL,NULL
"2256","C24050_011","CENSUS_ACS","Estimate!!Total!!Educational services, and health care and social assistance",NULL,NULL,"2026-04-10 16:41:27.982794+00","int","C24050","acs",NULL,NULL,NULL,NULL
"2257","C24050_012","CENSUS_ACS","Estimate!!Total:!!Arts, entertainment, and recreation, and accommodation and food services",NULL,NULL,"2026-04-10 16:41:27.982794+00","int","C24050","acs",NULL,NULL,NULL,NULL
"2258","C24050_013","CENSUS_ACS","Estimate!!Total:!!Other services, except public administration",NULL,NULL,"2026-04-10 16:41:27.982794+00","int","C24050","acs",NULL,NULL,NULL,NULL
"2259","C24050_014","CENSUS_ACS","Estimate!!Total:!!Public administration",NULL,NULL,"2026-04-10 16:41:27.982794+00","int","C24050","acs",NULL,NULL,NULL,NULL
"2260","C24050_015","CENSUS_ACS","Estimate!!Total!!Management, business, science, and arts occupations",NULL,NULL,"2026-04-10 16:41:27.982794+00","int","C24050","acs",NULL,NULL,NULL,NULL
"2261","C24050_016","CENSUS_ACS","Estimate!!Total:!!Management, business, science, and arts occupations:!!Agriculture, forestry, fishing and hunting, and mining",NULL,NULL,"2026-04-10 16:41:27.982794+00","int","C24050","acs",NULL,NULL,NULL,NULL
"2262","C24050_017","CENSUS_ACS","Estimate!!Total:!!Management, business, science, and arts occupations:!!Construction",NULL,NULL,"2026-04-10 16:41:27.982794+00","int","C24050","acs",NULL,NULL,NULL,NULL
"2263","C24050_018","CENSUS_ACS","Estimate!!Total!!Management, business, science, and arts occupations!!Manufacturing",NULL,NULL,"2026-04-10 16:41:27.982794+00","int","C24050","acs",NULL,NULL,NULL,NULL
"2264","C24050_019","CENSUS_ACS","Estimate!!Total:!!Management, business, science, and arts occupations:!!Wholesale trade",NULL,NULL,"2026-04-10 16:41:27.982794+00","int","C24050","acs",NULL,NULL,NULL,NULL
"2265","C24050_020","CENSUS_ACS","Estimate!!Total:!!Management, business, science, and arts occupations:!!Retail trade",NULL,NULL,"2026-04-10 16:41:27.982794+00","int","C24050","acs",NULL,NULL,NULL,NULL
"2266","C24050_021","CENSUS_ACS","Estimate!!Total:!!Management, business, science, and arts occupations:!!Transportation and warehousing, and utilities",NULL,NULL,"2026-04-10 16:41:27.982794+00","int","C24050","acs",NULL,NULL,NULL,NULL
"2267","C24050_022","CENSUS_ACS","Estimate!!Total!!Management, business, science, and arts occupations!!Information",NULL,NULL,"2026-04-10 16:41:27.982794+00","int","C24050","acs",NULL,NULL,NULL,NULL
"2268","C24050_023","CENSUS_ACS","Estimate!!Total!!Management, business, science, and arts occupations!!Finance and insurance, and real estate and rental and leasing",NULL,NULL,"2026-04-10 16:41:27.982794+00","int","C24050","acs",NULL,NULL,NULL,NULL
"2269","C24050_024","CENSUS_ACS","Estimate!!Total!!Management, business, science, and arts occupations!!Professional, scientific, and management, and administrative and waste management services",NULL,NULL,"2026-04-10 16:41:27.982794+00","int","C24050","acs",NULL,NULL,NULL,NULL
"2270","C24050_025","CENSUS_ACS","Estimate!!Total:!!Management, business, science, and arts occupations:!!Educational services, and health care and social assistance",NULL,NULL,"2026-04-10 16:41:27.982794+00","int","C24050","acs",NULL,NULL,NULL,NULL
"2271","C24050_026","CENSUS_ACS","Estimate!!Total!!Management, business, science, and arts occupations!!Arts, entertainment, and recreation, and accommodation and food services",NULL,NULL,"2026-04-10 16:41:27.982794+00","int","C24050","acs",NULL,NULL,NULL,NULL
"2272","C24050_027","CENSUS_ACS","Estimate!!Total!!Management, business, science, and arts occupations!!Other services, except public administration",NULL,NULL,"2026-04-10 16:41:27.982794+00","int","C24050","acs",NULL,NULL,NULL,NULL
"2273","C24050_028","CENSUS_ACS","Estimate!!Total:!!Management, business, science, and arts occupations:!!Public administration",NULL,NULL,"2026-04-10 16:41:27.982794+00","int","C24050","acs",NULL,NULL,NULL,NULL
"2274","C24050_029","CENSUS_ACS","Estimate!!Total:!!Service occupations:",NULL,NULL,"2026-04-10 16:41:27.982794+00","int","C24050","acs",NULL,NULL,NULL,NULL
"2275","C24050_030","CENSUS_ACS","Estimate!!Total:!!Service occupations:!!Agriculture, forestry, fishing and hunting, and mining",NULL,NULL,"2026-04-10 16:41:27.982794+00","int","C24050","acs",NULL,NULL,NULL,NULL
"2276","C24050_031","CENSUS_ACS","Estimate!!Total!!Service occupations!!Construction",NULL,NULL,"2026-04-10 16:41:27.982794+00","int","C24050","acs",NULL,NULL,NULL,NULL
"2277","C24050_032","CENSUS_ACS","Estimate!!Total!!Service occupations!!Manufacturing",NULL,NULL,"2026-04-10 16:41:27.982794+00","int","C24050","acs",NULL,NULL,NULL,NULL
"2278","C24050_033","CENSUS_ACS","Estimate!!Total:!!Service occupations:!!Wholesale trade",NULL,NULL,"2026-04-10 16:41:27.982794+00","int","C24050","acs",NULL,NULL,NULL,NULL
"2279","C24050_034","CENSUS_ACS","Estimate!!Total:!!Service occupations:!!Retail trade",NULL,NULL,"2026-04-10 16:41:27.982794+00","int","C24050","acs",NULL,NULL,NULL,NULL
"2280","C24050_035","CENSUS_ACS","Estimate!!Total!!Service occupations!!Transportation and warehousing, and utilities",NULL,NULL,"2026-04-10 16:41:27.982794+00","int","C24050","acs",NULL,NULL,NULL,NULL
"2281","C24050_036","CENSUS_ACS","Estimate!!Total:!!Service occupations:!!Information",NULL,NULL,"2026-04-10 16:41:27.982794+00","int","C24050","acs",NULL,NULL,NULL,NULL
"2282","C24050_037","CENSUS_ACS","Estimate!!Total:!!Service occupations:!!Finance and insurance, and real estate, and rental and leasing",NULL,NULL,"2026-04-10 16:41:27.982794+00","int","C24050","acs",NULL,NULL,NULL,NULL
"2283","C24050_038","CENSUS_ACS","Estimate!!Total:!!Service occupations:!!Professional, scientific, and management, and administrative, and waste management services",NULL,NULL,"2026-04-10 16:41:27.982794+00","int","C24050","acs",NULL,NULL,NULL,NULL
"2284","C24050_039","CENSUS_ACS","Estimate!!Total!!Service occupations!!Educational services, and health care and social assistance",NULL,NULL,"2026-04-10 16:41:27.982794+00","int","C24050","acs",NULL,NULL,NULL,NULL
"2285","C24050_040","CENSUS_ACS","Estimate!!Total!!Service occupations!!Arts, entertainment, and recreation, and accommodation and food services",NULL,NULL,"2026-04-10 16:41:27.982794+00","int","C24050","acs",NULL,NULL,NULL,NULL
"2286","C24050_041","CENSUS_ACS","Estimate!!Total:!!Service occupations:!!Other services, except public administration",NULL,NULL,"2026-04-10 16:41:27.982794+00","int","C24050","acs",NULL,NULL,NULL,NULL
"2287","C24050_042","CENSUS_ACS","Estimate!!Total:!!Service occupations:!!Public administration",NULL,NULL,"2026-04-10 16:41:27.982794+00","int","C24050","acs",NULL,NULL,NULL,NULL
"2288","C24050_043","CENSUS_ACS","Estimate!!Total:!!Sales and office occupations:",NULL,NULL,"2026-04-10 16:41:27.982794+00","int","C24050","acs",NULL,NULL,NULL,NULL
"2289","C24050_044","CENSUS_ACS","Estimate!!Total!!Sales and office occupations!!Agriculture, forestry, fishing and hunting, and mining",NULL,NULL,"2026-04-10 16:41:27.982794+00","int","C24050","acs",NULL,NULL,NULL,NULL
"2290","C24050_045","CENSUS_ACS","Estimate!!Total!!Sales and office occupations!!Construction",NULL,NULL,"2026-04-10 16:41:27.982794+00","int","C24050","acs",NULL,NULL,NULL,NULL
"2291","C24050_046","CENSUS_ACS","Estimate!!Total!!Sales and office occupations!!Manufacturing",NULL,NULL,"2026-04-10 16:41:27.982794+00","int","C24050","acs",NULL,NULL,NULL,NULL
"2292","C24050_047","CENSUS_ACS","Estimate!!Total!!Sales and office occupations!!Wholesale trade",NULL,NULL,"2026-04-10 16:41:27.982794+00","int","C24050","acs",NULL,NULL,NULL,NULL
"2293","C24050_048","CENSUS_ACS","Estimate!!Total!!Sales and office occupations!!Retail trade",NULL,NULL,"2026-04-10 16:41:27.982794+00","int","C24050","acs",NULL,NULL,NULL,NULL
"2294","C24050_049","CENSUS_ACS","Estimate!!Total:!!Sales and office occupations:!!Transportation and warehousing, and utilities",NULL,NULL,"2026-04-10 16:41:27.982794+00","int","C24050","acs",NULL,NULL,NULL,NULL
"2295","C24050_050","CENSUS_ACS","Estimate!!Total:!!Sales and office occupations:!!Information",NULL,NULL,"2026-04-10 16:41:27.982794+00","int","C24050","acs",NULL,NULL,NULL,NULL
"2296","C24050_051","CENSUS_ACS","Estimate!!Total!!Sales and office occupations!!Finance and insurance, and real estate and rental and leasing",NULL,NULL,"2026-04-10 16:41:27.982794+00","int","C24050","acs",NULL,NULL,NULL,NULL
"2297","C24050_052","CENSUS_ACS","Estimate!!Total:!!Sales and office occupations:!!Professional, scientific, and management, and administrative, and waste management services",NULL,NULL,"2026-04-10 16:41:27.982794+00","int","C24050","acs",NULL,NULL,NULL,NULL
"2298","C24050_053","CENSUS_ACS","Estimate!!Total:!!Sales and office occupations:!!Educational services, and health care and social assistance",NULL,NULL,"2026-04-10 16:41:27.982794+00","int","C24050","acs",NULL,NULL,NULL,NULL
"2299","C24050_054","CENSUS_ACS","Estimate!!Total!!Sales and office occupations!!Arts, entertainment, and recreation, and accommodation and food services",NULL,NULL,"2026-04-10 16:41:27.982794+00","int","C24050","acs",NULL,NULL,NULL,NULL
"2300","C24050_055","CENSUS_ACS","Estimate!!Total!!Sales and office occupations!!Other services, except public administration",NULL,NULL,"2026-04-10 16:41:27.982794+00","int","C24050","acs",NULL,NULL,NULL,NULL
"2301","C24050_056","CENSUS_ACS","Estimate!!Total:!!Sales and office occupations:!!Public administration",NULL,NULL,"2026-04-10 16:41:27.982794+00","int","C24050","acs",NULL,NULL,NULL,NULL
"2302","C24050_057","CENSUS_ACS","Estimate!!Total:!!Natural resources, construction, and maintenance occupations:",NULL,NULL,"2026-04-10 16:41:27.982794+00","int","C24050","acs",NULL,NULL,NULL,NULL
"2303","C24050_058","CENSUS_ACS","Estimate!!Total:!!Natural resources, construction, and maintenance occupations:!!Agriculture, forestry, fishing and hunting, and mining",NULL,NULL,"2026-04-10 16:41:27.982794+00","int","C24050","acs",NULL,NULL,NULL,NULL
"2304","C24050_059","CENSUS_ACS","Estimate!!Total!!Natural resources, construction, and maintenance occupations!!Construction",NULL,NULL,"2026-04-10 16:41:27.982794+00","int","C24050","acs",NULL,NULL,NULL,NULL
"2305","C24050_060","CENSUS_ACS","Estimate!!Total:!!Natural resources, construction, and maintenance occupations:!!Manufacturing",NULL,NULL,"2026-04-10 16:41:27.982794+00","int","C24050","acs",NULL,NULL,NULL,NULL
"2306","C24050_061","CENSUS_ACS","Estimate!!Total:!!Natural resources, construction, and maintenance occupations:!!Wholesale trade",NULL,NULL,"2026-04-10 16:41:27.982794+00","int","C24050","acs",NULL,NULL,NULL,NULL
"2307","C24050_062","CENSUS_ACS","Estimate!!Total!!Natural resources, construction, and maintenance occupations!!Retail trade",NULL,NULL,"2026-04-10 16:41:27.982794+00","int","C24050","acs",NULL,NULL,NULL,NULL
"2308","C24050_063","CENSUS_ACS","Estimate!!Total!!Natural resources, construction, and maintenance occupations!!Transportation and warehousing, and utilities",NULL,NULL,"2026-04-10 16:41:27.982794+00","int","C24050","acs",NULL,NULL,NULL,NULL
"2309","C24050_064","CENSUS_ACS","Estimate!!Total:!!Natural resources, construction, and maintenance occupations:!!Information",NULL,NULL,"2026-04-10 16:41:27.982794+00","int","C24050","acs",NULL,NULL,NULL,NULL
"2310","C24050_065","CENSUS_ACS","Estimate!!Total:!!Natural resources, construction, and maintenance occupations:!!Finance and insurance, and real estate, and rental and leasing",NULL,NULL,"2026-04-10 16:41:27.982794+00","int","C24050","acs",NULL,NULL,NULL,NULL
"2311","C24050_066","CENSUS_ACS","Estimate!!Total!!Natural resources, construction, and maintenance occupations!!Professional, scientific, and management, and administrative and waste management services",NULL,NULL,"2026-04-10 16:41:27.982794+00","int","C24050","acs",NULL,NULL,NULL,NULL
"2312","C24050_067","CENSUS_ACS","Estimate!!Total:!!Natural resources, construction, and maintenance occupations:!!Educational services, and health care and social assistance",NULL,NULL,"2026-04-10 16:41:27.982794+00","int","C24050","acs",NULL,NULL,NULL,NULL
"2313","C24050_068","CENSUS_ACS","Estimate!!Total!!Natural resources, construction, and maintenance occupations!!Arts, entertainment, and recreation, and accommodation and food services",NULL,NULL,"2026-04-10 16:41:27.982794+00","int","C24050","acs",NULL,NULL,NULL,NULL
"2314","C24050_069","CENSUS_ACS","Estimate!!Total:!!Natural resources, construction, and maintenance occupations:!!Other services, except public administration",NULL,NULL,"2026-04-10 16:41:27.982794+00","int","C24050","acs",NULL,NULL,NULL,NULL
"2315","C24050_070","CENSUS_ACS","Estimate!!Total!!Natural resources, construction, and maintenance occupations!!Public administration",NULL,NULL,"2026-04-10 16:41:27.982794+00","int","C24050","acs",NULL,NULL,NULL,NULL
"2316","C24050_071","CENSUS_ACS","Estimate!!Total!!Production, transportation, and material moving occupations",NULL,NULL,"2026-04-10 16:41:27.982794+00","int","C24050","acs",NULL,NULL,NULL,NULL
"2317","C24050_072","CENSUS_ACS","Estimate!!Total:!!Production, transportation, and material moving occupations:!!Agriculture, forestry, fishing and hunting, and mining",NULL,NULL,"2026-04-10 16:41:27.982794+00","int","C24050","acs",NULL,NULL,NULL,NULL
"2318","C24050_073","CENSUS_ACS","Estimate!!Total:!!Production, transportation, and material moving occupations:!!Construction",NULL,NULL,"2026-04-10 16:41:27.982794+00","int","C24050","acs",NULL,NULL,NULL,NULL
"2319","C24050_074","CENSUS_ACS","Estimate!!Total:!!Production, transportation, and material moving occupations:!!Manufacturing",NULL,NULL,"2026-04-10 16:41:27.982794+00","int","C24050","acs",NULL,NULL,NULL,NULL
"2320","C24050_075","CENSUS_ACS","Estimate!!Total!!Production, transportation, and material moving occupations!!Wholesale trade",NULL,NULL,"2026-04-10 16:41:27.982794+00","int","C24050","acs",NULL,NULL,NULL,NULL
"2321","C24050_076","CENSUS_ACS","Estimate!!Total!!Production, transportation, and material moving occupations!!Retail trade",NULL,NULL,"2026-04-10 16:41:27.982794+00","int","C24050","acs",NULL,NULL,NULL,NULL
"2322","C24050_077","CENSUS_ACS","Estimate!!Total:!!Production, transportation, and material moving occupations:!!Transportation and warehousing, and utilities",NULL,NULL,"2026-04-10 16:41:27.982794+00","int","C24050","acs",NULL,NULL,NULL,NULL
"2323","C24050_078","CENSUS_ACS","Estimate!!Total:!!Production, transportation, and material moving occupations:!!Information",NULL,NULL,"2026-04-10 16:41:27.982794+00","int","C24050","acs",NULL,NULL,NULL,NULL
"2324","C24050_079","CENSUS_ACS","Estimate!!Total:!!Production, transportation, and material moving occupations:!!Finance and insurance, and real estate, and rental and leasing",NULL,NULL,"2026-04-10 16:41:27.982794+00","int","C24050","acs",NULL,NULL,NULL,NULL
"2325","C24050_080","CENSUS_ACS","Estimate!!Total:!!Production, transportation, and material moving occupations:!!Professional, scientific, and management, and administrative, and waste management services",NULL,NULL,"2026-04-10 16:41:27.982794+00","int","C24050","acs",NULL,NULL,NULL,NULL
"2326","C24050_081","CENSUS_ACS","Estimate!!Total!!Production, transportation, and material moving occupations!!Educational services, and health care and social assistance",NULL,NULL,"2026-04-10 16:41:27.982794+00","int","C24050","acs",NULL,NULL,NULL,NULL
"2327","C24050_082","CENSUS_ACS","Estimate!!Total:!!Production, transportation, and material moving occupations:!!Arts, entertainment, and recreation, and accommodation and food services",NULL,NULL,"2026-04-10 16:41:27.982794+00","int","C24050","acs",NULL,NULL,NULL,NULL
"2328","C24050_083","CENSUS_ACS","Estimate!!Total!!Production, transportation, and material moving occupations!!Other services, except public administration",NULL,NULL,"2026-04-10 16:41:27.982794+00","int","C24050","acs",NULL,NULL,NULL,NULL
"2329","C24050_084","CENSUS_ACS","Estimate!!Total!!Production, transportation, and material moving occupations!!Public administration",NULL,NULL,"2026-04-10 16:41:27.982794+00","int","C24050","acs",NULL,NULL,NULL,NULL
"2330","C24050_085","CENSUS_ACS","Estimate!!Total!!Production, transportation, and material moving occupations",NULL,NULL,"2026-04-10 16:41:27.982794+00","int","C24050","acs",NULL,NULL,NULL,NULL
"2331","C24050_086","CENSUS_ACS","Estimate!!Total!!Production, transportation, and material moving occupations!!Agriculture, forestry, fishing and hunting, and mining",NULL,NULL,"2026-04-10 16:41:27.982794+00","int","C24050","acs",NULL,NULL,NULL,NULL
"2332","C24050_087","CENSUS_ACS","Estimate!!Total!!Production, transportation, and material moving occupations!!Construction",NULL,NULL,"2026-04-10 16:41:27.982794+00","int","C24050","acs",NULL,NULL,NULL,NULL
"2333","C24050_088","CENSUS_ACS","Estimate!!Total!!Production, transportation, and material moving occupations!!Manufacturing",NULL,NULL,"2026-04-10 16:41:27.982794+00","int","C24050","acs",NULL,NULL,NULL,NULL
"2334","C24050_089","CENSUS_ACS","Estimate!!Total!!Production, transportation, and material moving occupations!!Wholesale trade",NULL,NULL,"2026-04-10 16:41:27.982794+00","int","C24050","acs",NULL,NULL,NULL,NULL
"2335","C24050_090","CENSUS_ACS","Estimate!!Total!!Production, transportation, and material moving occupations!!Retail trade",NULL,NULL,"2026-04-10 16:41:27.982794+00","int","C24050","acs",NULL,NULL,NULL,NULL
"2336","C24050_091","CENSUS_ACS","Estimate!!Total!!Production, transportation, and material moving occupations!!Transportation and warehousing, and utilities",NULL,NULL,"2026-04-10 16:41:27.982794+00","int","C24050","acs",NULL,NULL,NULL,NULL
"2337","C24050_092","CENSUS_ACS","Estimate!!Total!!Production, transportation, and material moving occupations!!Information",NULL,NULL,"2026-04-10 16:41:27.982794+00","int","C24050","acs",NULL,NULL,NULL,NULL
"2338","C24050_093","CENSUS_ACS","Estimate!!Total!!Production, transportation, and material moving occupations!!Finance and insurance, and real estate and rental and leasing",NULL,NULL,"2026-04-10 16:41:27.982794+00","int","C24050","acs",NULL,NULL,NULL,NULL
"2339","C24050_094","CENSUS_ACS","Estimate!!Total!!Production, transportation, and material moving occupations!!Professional, scientific, and management, and administrative and waste management services",NULL,NULL,"2026-04-10 16:41:27.982794+00","int","C24050","acs",NULL,NULL,NULL,NULL
"2340","C24050_095","CENSUS_ACS","Estimate!!Total!!Production, transportation, and material moving occupations!!Educational services, and health care and social assistance",NULL,NULL,"2026-04-10 16:41:27.982794+00","int","C24050","acs",NULL,NULL,NULL,NULL
"2341","C24050_096","CENSUS_ACS","Estimate!!Total!!Production, transportation, and material moving occupations!!Arts, entertainment, and recreation, and accommodation and food services",NULL,NULL,"2026-04-10 16:41:27.982794+00","int","C24050","acs",NULL,NULL,NULL,NULL
"2342","C24050_097","CENSUS_ACS","Estimate!!Total!!Production, transportation, and material moving occupations!!Other services, except public administration",NULL,NULL,"2026-04-10 16:41:27.982794+00","int","C24050","acs",NULL,NULL,NULL,NULL
"2343","C24050_098","CENSUS_ACS","Estimate!!Total!!Production, transportation, and material moving occupations!!Public administration",NULL,NULL,"2026-04-10 16:41:27.982794+00","int","C24050","acs",NULL,NULL,NULL,NULL
